Country Name,Country Code,Year,internet_pct,gdp_per_capita,basic_sanitation_pct,health_spend_pct_gdp,unemployment_pct,life_expectancy,fertility_rate,population,urban_population_pct
Afghanistan,AFG,2000,,174.930991430166,22.298273284655,,7.897,55.005,7.566,20130327.0,18.5581995230666
Afghanistan,AFG,2001,0.0047225682421736,138.706821676113,22.3095245309963,,7.973,55.511,7.453,20284307.0,18.7412381251552
Afghanistan,AFG,2002,0.0045613951702214,178.954088379235,23.7347094449173,9.44339085,7.867,56.225,7.32,21378117.0,18.9412480133309
Afghanistan,AFG,2003,0.0878912528559713,198.871115728727,25.160116505547,8.94125843,7.844,57.171,7.174,22733049.0,19.1600346409089
Afghanistan,AFG,2004,0.105809030021958,221.763653873013,26.592743290922,9.80847359,7.794,57.81,7.018,23560654.0,19.3993593959593
Afghanistan,AFG,2005,1.22414808372471,254.184249149336,28.0329173729232,9.94828892,7.878,58.247,6.858,24404567.0,19.7059095753667
Afghanistan,AFG,2006,2.10712364546412,274.218553561575,29.4737113537171,10.62276554,7.897,58.553,6.686,25424094.0,20.1104530189181
Afghanistan,AFG,2007,1.899999976,376.223152003876,30.8753174900848,9.90467453,7.841,58.956,6.508,25909852.0,20.5906579215423
Afghanistan,AFG,2008,1.84,381.73323802844,32.2737202067488,10.25649548,7.879,59.708,6.392,26482622.0,21.1241481349633
Afghanistan,AFG,2009,3.55,452.053705477043,33.6691080892303,9.81848717,7.808,60.248,6.295,27466101.0,21.6885475109053
Afghanistan,AFG,2010,4.0,560.621505463146,35.0616668763216,8.56967163,7.809,60.702,6.195,28284089.0,22.2614799010924
Afghanistan,AFG,2011,5.0,606.694676337726,36.4517450288191,8.56190777,7.83,61.25,6.094,29347708.0,22.8205691572485
Afghanistan,AFG,2012,5.454500198,651.417134470046,37.8393855148321,7.89716864,7.875,61.735,5.985,30560034.0,23.3434391310979
Afghanistan,AFG,2013,5.900000095,637.087099117099,39.2247837532389,8.80596447,7.921,62.188,5.879,31622704.0,23.8077136743646
Afghanistan,AFG,2014,7.0,625.054941813938,40.6081362553092,9.52887821,7.915,62.26,5.77,32792523.0,24.1910166387726
Afghanistan,AFG,2015,8.260000229,565.569730408751,41.9898186307368,10.10534763,9.032,62.27,5.652,33831764.0,24.4649118421568
Afghanistan,AFG,2016,11.0,522.082215583898,43.3698641937307,11.81859016,10.116,62.646,5.542,34700612.0,24.6588345720126
Afghanistan,AFG,2017,13.5,525.469770891619,44.7508111861658,12.62081718,11.184,62.406,5.433,35688935.0,24.8352821238871
Afghanistan,AFG,2018,16.79999924,491.337221382603,46.1335435081079,14.20841885,11.192,62.443,5.327,36743039.0,24.9991645191406
Afghanistan,AFG,2019,17.60000038,496.6025042585,47.5183902057843,14.83131981,11.187,62.941,5.238,37856121.0,25.1437258839803
Afghanistan,AFG,2020,17.04850006,510.787063366811,48.9056813120247,15.53361416,11.71,61.454,5.145,39068979.0,25.2622103446137
Afghanistan,AFG,2021,16.51429939,356.496214115892,50.2966403259731,21.50844383,12.006,60.417,5.039,40000412.0,25.3478620272481
Afghanistan,AFG,2022,15.86629963,357.261152798144,51.6914397704169,23.0881691,14.1,65.617,4.932,40578842.0,25.3939250580909
Afghanistan,AFG,2023,15.92840004,413.757894705303,53.0909369400519,14.9857626,14.008,66.035,4.84,41454761.0,25.4730529631167
Albania,ALB,2000,0.114097346552109,1160.42047054038,89.4886699063414,5.87429667,19.023,74.826,2.217,3089027.0,41.6135829609314
Albania,ALB,2001,0.325798377067964,1326.41652388077,90.0309557632919,5.8561573,18.57,75.083,2.141,3060173.0,42.354513990929
Albania,ALB,2002,0.39008127343332,1479.83884572006,90.6055152426868,5.59802675,17.891,75.299,2.002,3051010.0,43.1520419609419
Albania,ALB,2003,0.971900415195857,1908.69900687608,91.1654528669664,5.84188986,16.985,75.557,2.006,3039616.0,44.0295089223208
Albania,ALB,2004,2.42038779776014,2446.90949947798,91.710652089826,5.82433939,16.306,75.951,1.889,3026939.0,44.9784925669394
Albania,ALB,2005,6.04389086404814,2741.72136549578,92.32297892735,5.6621623,15.966,76.427,1.787,3011487.0,45.9937666920583
Albania,ALB,2006,9.609999657,3057.77257038113,92.9214090363528,5.56553745,15.626,76.994,1.686,2992547.0,47.0701050949378
Albania,ALB,2007,15.03610039,3743.05529896187,93.5057448871061,5.85639858,15.966,77.691,1.633,2970017.0,48.2022815728384
Albania,ALB,2008,23.86,4498.50486763601,94.075815843771,5.44421673,13.06,78.248,1.616,2947314.0,49.3850699230207
Albania,ALB,2009,41.2,4213.65007574693,94.6311562732715,5.75751925,13.674,78.509,1.638,2927519.0,50.6132439427449
Albania,ALB,2010,45.0,4149.14469936847,95.1721611108923,6.16333199,14.086,78.414,1.653,2913021.0,51.8815774292716
Albania,ALB,2011,47.0,4465.70914328865,95.6984906230124,6.11026192,13.481,78.303,1.677,2905195.0,53.2917382892465
Albania,ALB,2012,49.40000153,4280.93316338873,96.210272006809,6.08504725,13.376,78.084,1.719,2860708.0,53.8637553661449
Albania,ALB,2013,51.79999924,4542.92903556739,96.7065607873958,6.20897436,15.866,77.995,1.741,2816902.0,54.2979678058548
Albania,ALB,2014,54.29999924,4793.59751131525,97.1880171020454,6.35884142,18.055,78.029,1.721,2773767.0,54.7325813178673
Albania,ALB,2015,56.90000153,4199.53912925398,97.6549680441734,6.38810158,17.193,78.358,1.631,2731293.0,55.1579291374894
Albania,ALB,2016,59.59999847,4457.63412207495,98.1079014758832,6.65018797,15.418,78.643,1.555,2689469.0,55.5738734464276
Albania,ALB,2017,62.40000153,5006.36012951959,98.5472964296809,6.50111914,13.616,78.9,1.486,2648285.0,55.980276426546
Albania,ALB,2018,65.40000153,5897.65452588774,98.9736466158724,6.59002447,12.304,79.238,1.415,2607733.0,56.377000259892
Albania,ALB,2019,68.5503911218006,6069.43903131027,99.1830672601737,6.78144073,11.466,79.467,1.395,2567801.0,56.7639071287255
Albania,ALB,2020,72.23767711,6027.91350716348,99.298792439378,7.46513748,11.639,77.824,1.371,2528480.0,57.1408592155544
Albania,ALB,2021,79.32371752,7242.45513146613,99.2990351357274,7.35750389,11.474,76.844,1.365,2489762.0,57.5077187031778
Albania,ALB,2022,82.61367544,7756.96188744253,99.2992678183537,7.53646231,10.785,78.769,1.355,2451636.0,57.8643477747383
Albania,ALB,2023,83.13559161,9740.7023414631,99.2994944120586,7.05240345,10.669,79.602,1.348,2411658.0,58.2106086137857
Algeria,DZA,2000,0.491705679141589,1772.92869122761,84.480825904855,3.21485448,29.77,70.576,2.59,30903893.0,59.8521239445692
Algeria,DZA,2001,0.646114016703792,1896.30020878013,84.7599258051821,3.53628588,27.3,71.025,2.519,31331221.0,60.6177172788536
Algeria,DZA,2002,1.59164126035832,1937.46411413019,85.0328039749713,3.44169641,25.9,71.644,2.429,31750835.0,61.3812658601162
Algeria,DZA,2003,2.19535973086144,2283.77299346126,85.2991661888618,3.32569361,23.72,71.906,2.451,32175818.0,62.1427907986812
Algeria,DZA,2004,4.63447508776537,2816.99384960555,85.5590698525635,3.29030514,17.65,72.536,2.5,32628286.0,62.9023132048725
Algeria,DZA,2005,5.843900204,3233.13339634212,85.8122570569518,3.1188612,15.27,72.836,2.562,33109249.0,63.6598541890144
Algeria,DZA,2006,7.37598495634886,3660.66104745322,86.0591336531477,3.18999887,12.27,73.116,2.628,33623506.0,64.4154348614309
Algeria,DZA,2007,9.45119062555304,4167.45169937531,86.2994372254318,3.62011433,13.79,73.346,2.704,34189416.0,65.1690763324461
Algeria,DZA,2008,10.18,5180.91881514686,86.5335634120034,3.98331022,11.33,73.618,2.785,34816961.0,65.901485871159
Algeria,DZA,2009,11.23,4235.42990456612,86.7594833299859,4.89210796,10.16,73.871,2.825,35490445.0,66.5097384559521
Algeria,DZA,2010,12.5,4912.78585503672,86.9781345697396,4.64001417,9.96,74.144,2.875,36188236.0,67.1235057867459
Algeria,DZA,2011,14.89999962,5916.31364364343,87.1892375603954,4.82567501,9.96,74.383,2.899,36903376.0,67.7344007507578
Algeria,DZA,2012,18.20000076,6033.64884689543,87.0935387595053,5.63658524,10.97,74.609,2.996,37646166.0,68.3421258553675
Algeria,DZA,2013,22.5,5979.60138960585,86.9868785430175,5.64541769,9.82,74.809,2.997,38414171.0,68.9463836079277
Algeria,DZA,2014,29.5,6094.69392314956,86.8698473645812,6.01484108,10.207,74.992,3.084,39205031.0,69.5468765157615
Algeria,DZA,2015,38.20000076,4685.05902729002,86.7425206516531,6.33435678,11.206,75.159,3.091,40019529.0,70.1433070861612
Algeria,DZA,2016,42.94549942,4424.98529027556,86.6054840366106,6.00080872,10.202,75.31,3.091,40850721.0,70.7353778263851
Algeria,DZA,2017,47.69110107,4554.66753957828,86.4588236326811,5.9484539,12.0,75.431,3.09,41689299.0,71.3227912436551
Algeria,DZA,2018,49.0384680793271,4577.21029180491,86.3030907782839,5.9323926,12.112,75.555,3.019,42505035.0,71.905249845153
Algeria,DZA,2019,55.79069901,4468.45341883656,86.1385037232471,5.41732121,12.302,75.682,2.997,43294546.0,72.4824561380175
Algeria,DZA,2020,63.47269821,3743.5419522929,85.9654731245039,5.63830757,14.08,73.257,2.94,44042091.0,73.0541126293395
Algeria,DZA,2021,72.21240234,4160.55926736925,85.7843029485606,5.02188873,13.656,75.208,2.87,44761099.0,73.6199218261573
Algeria,DZA,2022,74.78150177,4960.30334332888,85.8262858406741,3.63464284,12.382,76.129,2.817,45477389.0,74.1795862354514
Algeria,DZA,2023,76.19760132,5370.477235078,85.8670433970582,4.35082531,11.645,76.261,2.766,46164219.0,74.732808364138
American Samoa,ASM,2000,,,62.2935163766246,,,71.443,3.89,56855.0,88.6075809307222
American Samoa,ASM,2001,,,62.2856155405329,,,71.573,3.87,57053.0,88.553433064242
American Samoa,ASM,2002,,8972.69636535698,62.2777147044412,,,71.755,3.866,57062.0,88.4330093344384
American Samoa,ASM,2003,,9197.66196836987,62.2698138683495,,,71.698,3.91,56971.0,88.2572251046343
American Samoa,ASM,2004,,8958.42866697173,62.2619130322578,,,72.277,3.945,56818.0,88.0361455323111
American Samoa,ASM,2005,,8831.26975996609,62.254012196166,,,72.382,3.863,56617.0,87.7798357749499
American Samoa,ASM,2006,,8745.16621137404,62.2461113600743,,,72.397,3.685,56374.0,87.4983609900321
American Samoa,ASM,2007,,9231.37240924563,62.2382105239826,,,72.365,3.509,56113.0,87.2017863350389
American Samoa,ASM,2008,,10030.8089130902,62.2303096878909,,,72.43,3.42,55828.0,86.9001769674517
American Samoa,ASM,2009,,12156.0293905777,62.2224088517992,,,70.839,3.359,55528.0,86.6035980447517
American Samoa,ASM,2010,,10375.1720141957,62.2145080157075,,,72.587,3.292,55228.0,86.3190673549669
American Samoa,ASM,2011,,10383.459331451,62.2066071796158,,,72.662,3.169,54895.0,86.0284991724475
American Samoa,ASM,2012,,11745.4899153958,62.1987063435241,,,72.709,3.043,54489.0,85.7161174344451
American Samoa,ASM,2013,,11813.5022034589,62.1908055074324,,,72.769,2.932,54006.0,85.3846465194761
American Samoa,ASM,2014,,12026.3344929488,62.1829046713407,,,72.687,2.852,53466.0,85.0351448001542
American Samoa,ASM,2015,,12727.4102651386,62.1750038352489,,,72.654,2.78,52878.0,84.668670649093
American Samoa,ASM,2016,,12843.3342903627,62.1671029991572,,,72.64,2.699,52245.0,84.2862824389061
American Samoa,ASM,2017,,11863.6839452565,62.1592021630655,,,72.801,2.598,51586.0,83.8890385422071
American Samoa,ASM,2018,,12552.0546868861,62.1513013269738,,,72.794,2.494,50908.0,83.4779973316097
American Samoa,ASM,2019,,12886.1359517218,62.1434004908821,,,72.751,2.404,50209.0,83.0542171797274
American Samoa,ASM,2020,,14489.2586563775,62.1354996547904,,,72.672,2.36,49761.0,82.6240780620716
American Samoa,ASM,2021,,15236.1604875571,62.1275988186987,,,72.708,2.327,49225.0,82.2127091544092
American Samoa,ASM,2022,,18017.4589383973,62.119697982607,,,72.752,2.305,48342.0,81.794797704649
American Samoa,ASM,2023,,,62.119697982607,,,72.852,2.286,47521.0,81.3721542708222
Andorra,AND,2000,10.53883560922,21810.2487426174,99.9999977350507,5.93342304,,81.863,1.273,65685.0,92.2559356689453
Andorra,AND,2001,,23511.2951466328,99.9999981868428,5.86402225,,82.162,1.305,65852.0,91.8949711110146
Andorra,AND,2002,11.2604687170103,26528.1301571494,100.0,5.99621153,,82.448,1.265,66506.0,91.4605308311615
Andorra,AND,2003,13.546412876439,34063.5784040571,100.0,5.54293585,,82.718,1.18,69486.0,90.9887515425879
Andorra,AND,2004,26.8379543894637,39021.1278078772,99.999995252479,5.27989149,,82.815,1.229,74325.0,90.5157699584961
Andorra,AND,2005,37.6057662174867,40829.801878928,100.0,5.58296251,,83.086,1.224,77421.0,89.9563631945418
Andorra,AND,2006,48.9368469989479,43467.210990395,100.0,4.95078182,,83.374,1.234,79585.0,89.3789218918348
Andorra,AND,2007,70.87,48336.2283340364,100.0,4.94078732,,83.632,1.189,81877.0,89.0500030517578
Andorra,AND,2008,70.04,49132.5157047203,100.0,5.6787138,,83.855,1.25,83495.0,88.9407363930477
Andorra,AND,2009,78.53,43975.0183658196,99.9999971715362,6.09363031,,84.1,1.208,83888.0,88.84433315185
Andorra,AND,2010,81.0,42746.830952263,99.9999980431632,7.68835258,,84.197,1.275,80706.0,88.7604726056609
Andorra,AND,2011,81.0,46657.1561204071,100.0,7.62052774,,84.296,1.321,77783.0,88.6888340319763
Andorra,AND,2012,82.69999695,41500.5435782722,99.9999982821599,6.71966314,,84.334,1.26,76834.0,88.6290967082924
Andorra,AND,2013,84.40000153,42470.3161158563,100.0,6.79758358,,84.406,1.142,75194.0,88.5809399121053
Andorra,AND,2014,86.09999847,44369.6596894579,100.0,6.77313089,,84.485,1.168,73737.0,88.544042920911
Andorra,AND,2015,87.90000153,38654.9347217207,100.0,6.91368532,,84.532,1.223,72174.0,88.5180850122057
Andorra,AND,2016,89.69999695,40129.8192026671,100.0,6.94162941,,84.489,1.184,72181.0,88.5027454634853
Andorra,AND,2017,91.5674670273926,40672.9943362327,100.0,7.07158232,,84.359,1.129,73763.0,88.4977035522461
Andorra,AND,2018,93.5,42819.774579353,100.0,7.37781096,,84.242,1.053,75162.0,88.5080998493791
Andorra,AND,2019,90.71869659,41257.8045861543,100.0,7.32238626,,84.098,1.045,76474.0,88.5391793666245
Andorra,AND,2020,93.20570374,37361.090067211,99.9999952180714,8.78462029,,79.418,1.028,77380.0,88.5907780427517
Andorra,AND,2021,93.89749908,42425.6996761083,100.0,8.64671707,,82.331,1.058,78364.0,88.6627318165299
Andorra,AND,2022,94.05169678,42414.0590111349,99.9999963147646,7.52135801,,84.016,1.071,79705.0,88.7548766267286
Andorra,AND,2023,94.21499634,46812.448450114,100.0,7.69928026,,84.041,1.082,80856.0,88.8201609217082
Angola,AGO,2000,0.105045562462262,563.733795571487,33.8004076625916,1.68525279,16.646,46.501,6.639,16194869.0,50.5070653484197
Angola,AGO,2001,0.136013867429868,533.586202412447,34.2558546036306,3.95882654,16.668,47.032,6.601,16747208.0,51.7224790407329
Angola,AGO,2002,0.270376745595134,999.065855956628,34.7112995930867,2.9398222,16.432,47.874,6.567,17327699.0,52.8926234794038
Angola,AGO,2003,0.370682065225727,1133.66331960414,35.7566857674784,3.10680342,16.445,50.218,6.533,17943712.0,54.0043545370761
Angola,AGO,2004,0.464814617985909,1451.47117870872,36.8026608112345,3.46084046,16.313,51.123,6.499,18600423.0,55.0445280863936
Angola,AGO,2005,1.143399954,2145.88621098663,37.8465318357126,2.54726577,16.295,52.13,6.461,19291161.0,56.0
Angola,AGO,2006,1.5,2930.44428606516,38.7338819151989,2.39833426,16.123,52.965,6.419,20015279.0,56.8939032662772
Angola,AGO,2007,1.700000048,3515.05678985496,39.6205689404056,2.65790844,16.066,54.2,6.372,20778561.0,57.7564632930133
Angola,AGO,2008,1.899999976,4578.15526451058,40.5073529931406,2.97807598,16.152,55.281,6.32,21578655.0,58.5851745819614
Angola,AGO,2009,2.299999952,3645.14846565169,41.3926874563562,3.30655909,16.383,56.225,6.26,22414773.0,59.3775316348744
Angola,AGO,2010,2.799999952,4101.63715564669,42.2777189153195,2.36373854,16.595,57.242,6.194,23294825.0,60.1310289535053
Angola,AGO,2011,4.699999809,5184.15269151846,43.1620627220945,2.35561895,16.77,58.093,6.12,24218352.0,60.8431610396073
Angola,AGO,2012,7.699999809,5702.45306277434,44.0453181222275,2.13677311,16.539,58.916,6.039,25177394.0,61.5114223949332
Angola,AGO,2013,13.0,5688.57916213471,44.9270819739207,2.4297719,16.464,59.705,5.953,26165620.0,62.1333075212361
Angola,AGO,2014,21.3623407584103,5649.68762467535,45.8077399649675,2.15680027,16.372,60.396,5.864,27160769.0,62.723115793241
Angola,AGO,2015,22.0,3641.72893920253,46.6837650963553,2.29966879,16.472,61.042,5.774,28157798.0,63.51567832685
Angola,AGO,2016,23.20000076,2082.37343594705,47.555908833618,2.39068723,16.572,61.619,5.686,29183070.0,64.2992302517989
Angola,AGO,2017,26.0,2832.14997950512,48.4237656848917,2.4379425,16.617,62.122,5.6,30234839.0,65.0850525086068
Angola,AGO,2018,29.0,2891.83032378747,49.2865229934191,2.29887486,16.602,62.622,5.519,31297155.0,65.8732136723372
Angola,AGO,2019,32.12939835,2507.86807213642,49.5470237290202,2.20394278,16.497,63.051,5.442,32375632.0,66.6637823180533
Angola,AGO,2020,33.32089996,1749.1794838482,49.8016376564917,2.81688905,16.696,63.116,5.371,33451132.0,67.4568270208187
Angola,AGO,2021,34.55649948,2266.96834861584,50.0511353702384,2.73987103,15.799,62.958,5.304,34532429.0,68.2524163556969
Angola,AGO,2022,35.83800125,3598.53669077341,50.2951359158799,2.60041046,14.124,64.246,5.209,35635029.0,69.0506188977513
Angola,AGO,2023,37.88589859,2885.51349130806,,2.54692864,14.051,64.617,5.124,36749906.0,69.8515032220457
Antigua and Barbuda,ATG,2000,6.48222573702907,12027.4949768222,84.7653410086149,4.3239274,,74.819,2.196,74912.0,32.2326072041227
Antigua and Barbuda,ATG,2001,8.89928551450583,11539.1825063308,85.5344312360032,4.95880318,,75.108,2.018,76069.0,31.7554348168059
Antigua and Barbuda,ATG,2002,12.5,11658.6949915956,86.312524859028,4.79512262,,75.237,1.94,77032.0,31.2280374899146
Antigua and Barbuda,ATG,2003,17.2286487816884,12173.2319860305,87.0891468581108,5.04073191,,75.313,1.887,77884.0,30.6003743426951
Antigua and Barbuda,ATG,2004,24.2665437161785,13037.8895772257,87.8643554393161,4.58488464,,75.329,1.852,78719.0,29.905566716031
Antigua and Barbuda,ATG,2005,27.0,14368.5708796058,88.6381274061459,4.46260214,,75.364,1.832,79611.0,29.1737995723752
Antigua and Barbuda,ATG,2006,30.0,16173.8136329968,89.410528383537,4.11220551,,75.506,1.831,80604.0,28.43525787418
Antigua and Barbuda,ATG,2007,34.0,18204.5124043068,90.181534098799,3.92354655,,75.72,1.86,81704.0,27.7201265838981
Antigua and Barbuda,ATG,2008,38.0,18786.6743142216,90.9512112125374,3.69396091,,76.075,2.042,82912.0,27.0585906639822
Antigua and Barbuda,ATG,2009,42.0,16472.2478528568,91.7194750028069,3.69979143,,76.386,2.006,84173.0,26.4808350768849
Antigua and Barbuda,ATG,2010,47.0,15217.3950790922,92.4864478668601,4.75770044,,76.701,1.785,85320.0,26.0170447850587
Antigua and Barbuda,ATG,2011,52.0,14911.7275084471,93.2510130109521,4.81000614,,77.023,1.746,86332.0,25.694689859722
Antigua and Barbuda,ATG,2012,58.0,15639.8078114787,94.0042537403254,4.81754541,,77.1,1.655,87260.0,25.4555618588267
Antigua and Barbuda,ATG,2013,63.40000153,15051.5113587425,94.7571352497532,4.9103117,,77.05,1.537,88064.0,25.2475667667937
Antigua and Barbuda,ATG,2014,67.77999878,15532.1062063584,95.5096665851238,5.32218313,,76.912,1.526,88765.0,25.0899726107741
Antigua and Barbuda,ATG,2015,70.0,16077.6340769406,96.2618760462753,4.90963078,,76.892,1.567,89409.0,25.0
Antigua and Barbuda,ATG,2016,70.27159882,16556.8551801588,97.0132411183707,4.93979549,,76.968,1.458,89969.0,24.9239807471655
Antigua and Barbuda,ATG,2017,70.54419708,16965.7288273816,97.7638078582703,4.66318989,,77.03,1.485,90468.0,24.8500263836871
Antigua and Barbuda,ATG,2018,70.81790161,18273.4270684912,98.5136876135771,4.6865654,,77.132,1.371,90926.0,24.7781432093764
Antigua and Barbuda,ATG,2019,71.09259796,18896.3721832248,99.0899721182438,4.27709961,,77.168,1.468,91364.0,24.708337524045
Antigua and Barbuda,ATG,2020,71.36840057,15369.6082250401,99.6041813873018,5.68408012,,77.161,1.569,91846.0,24.6406156275043
Antigua and Barbuda,ATG,2021,71.64530182,17348.6006987182,99.6050402706189,4.81315422,,77.197,1.58,92349.0,24.574983819566
Antigua and Barbuda,ATG,2022,71.9233017,20003.3909394099,99.605594345624,4.43146801,,77.483,1.58,92840.0,24.5114484000414
Antigua and Barbuda,ATG,2023,72.12409973,22012.2625947994,99.6058209466968,3.91348195,,77.598,1.578,93316.0,24.4500156687422
Argentina,ARG,2000,7.0386830862178,7637.01489203628,87.6669268418186,8.22001076,15.0,73.91,2.591,37213984.0,89.1760271133454
Argentina,ARG,2001,9.78080728532407,7141.47507662826,88.1359380067969,8.26966286,17.32,74.154,2.531,37624825.0,89.3682951289372
Argentina,ARG,2002,10.8821243775325,2569.69963519124,88.6033982942423,7.33203077,19.59,74.312,2.493,38029349.0,89.5616701920513
Argentina,ARG,2003,11.9136965509954,3320.47775133903,89.0695612672158,6.92670012,15.36,74.307,2.451,38424282.0,89.752468256564
Argentina,ARG,2004,16.0366841054923,4242.02099089422,89.5350610098707,7.09477043,13.522,74.871,2.43,38815916.0,89.9397208794212
Argentina,ARG,2005,17.7205833696065,5067.65342293276,89.9997295570375,7.73392439,11.506,75.231,2.426,39216789.0,90.1233737736072
Argentina,ARG,2006,20.9272021035896,5869.38028970204,90.4637841739601,7.70940399,10.078,75.279,2.4,39622115.0,90.3033726521064
Argentina,ARG,2007,25.9466329403819,7185.25155147027,90.9270368517711,7.86196613,8.47,74.783,2.37,40016763.0,90.4796632279031
Argentina,ARG,2008,28.1126234799907,8944.1102657357,91.3897117135692,8.24087811,7.837,75.428,2.432,40424148.0,90.6521912139817
Argentina,ARG,2009,34.0,8150.23527028221,91.8516400553942,9.56852913,8.645,75.577,2.4,40854831.0,90.8209023233265
Argentina,ARG,2010,45.0,10260.1313108254,92.3128332477506,9.4852438,7.714,75.68,2.411,41288694.0,90.9930051940977
Argentina,ARG,2011,51.0,12704.2831819684,92.7707485221134,9.51042366,7.18,76.1,2.393,41730660.0,91.1072286738406
Argentina,ARG,2012,55.79999924,12949.717486654,93.2268060456617,9.8851881,7.217,75.802,2.304,42161721.0,91.2041217246797
Argentina,ARG,2013,59.90000153,12963.675773326,93.623132025003,9.92091465,7.1,75.829,2.335,42582455.0,91.3014507719473
Argentina,ARG,2014,64.69999695,12233.1444119186,94.0211240402659,9.79773045,7.268,76.268,2.386,43024071.0,91.3975345472954
Argentina,ARG,2015,68.0430641088122,13679.6264980954,94.4204076284931,10.27364159,7.577,76.6,2.35,43477012.0,91.4923019108628
Argentina,ARG,2016,70.9689808206024,12699.9623137756,94.8209557204549,10.05355549,8.088,76.105,2.241,43900313.0,91.5856817228217
Argentina,ARG,2017,74.2949068657957,14532.5009308511,,10.26057911,8.347,76.543,2.168,44288894.0,91.6776028433824
Argentina,ARG,2018,77.7,11752.7998922979,,10.17289257,9.22,76.77,2.067,44654882.0,91.7679941327998
Argentina,ARG,2019,79.9469520347551,9955.97478680428,,10.11911297,9.843,76.847,1.882,44973465.0,91.8567844513802
Argentina,ARG,2020,85.51438646,8535.59938004389,,10.67246342,11.461,75.878,1.601,45191965.0,91.9439026594897
Argentina,ARG,2021,87.15070683,10738.0179223384,,11.00910187,8.736,73.948,1.585,45312281.0,92.0292776175651
Argentina,ARG,2022,88.37535691,13962.1894087223,,10.15950489,6.805,75.806,1.482,45407904.0,92.112838186126
Argentina,ARG,2023,89.22897166,14261.8465667948,,10.2695179,6.139,77.395,1.5,45538401.0,92.1945132257907
Armenia,ARM,2000,1.30047002237784,593.450581742282,88.0309026952269,4.19581175,11.107,72.8804878048781,1.3,3221100.0,64.959237917436
Armenia,ARM,2001,1.63109466677715,659.588988535629,88.2341286586243,4.64563894,11.012,72.9756097560976,1.2,3211800.0,64.8228123790872
Armenia,ARM,2002,1.9604050458212,742.651118319819,88.4571722319779,7.61358786,10.888,72.8268292682927,1.2,3199800.0,64.7396211980252
Armenia,ARM,2003,4.57521722477781,882.030167695474,88.6878398317561,7.17936182,10.769,72.8268292682927,1.3,3182500.0,64.6663537455064
Armenia,ARM,2004,4.8990085713054,1130.08791444158,88.9185327648482,6.05510139,10.676,73.0268292682927,1.4,3164900.0,64.5972633621116
Armenia,ARM,2005,5.252999783,1557.48458908655,89.1491045548132,5.8618803,10.584,73.0756097560976,1.3,3146400.0,64.5334210637509
Armenia,ARM,2006,5.631800175,2041.65267068997,89.3798500479523,5.85007095,10.497,72.8243902439025,1.3,3127100.0,64.4758978663344
Armenia,ARM,2007,6.021299839,2962.70234594569,89.6104696374139,5.49814034,10.394,72.8731707317073,1.4,3107400.0,64.4257647857723
Armenia,ARM,2008,6.21,3777.66859313767,89.8412620835162,6.63976622,17.1,73.0731707317073,1.4,3087100.0,64.3840928379746
Armenia,ARM,2009,15.30000019,2820.5926553347,90.0719230280142,8.44377708,19.295,73.0731707317073,1.5,3066000.0,64.3519530388516
Armenia,ARM,2010,25.0,3041.34450723339,90.3025970300034,9.23538303,19.523,73.1731707317073,1.5,3044800.0,64.3304164043132
Armenia,ARM,2011,32.0,3349.55309771906,90.5332906665256,9.37588882,18.884,73.8170731707317,1.5,3027900.0,64.3207449145194
Armenia,ARM,2012,37.5,3511.56399687426,90.7640014188273,9.13455009,17.511,74.119512195122,1.6,3024100.0,64.3268379506998
Armenia,ARM,2013,41.9,3680.16692158886,90.9987016315075,10.32345009,16.576,74.6219512195122,1.6,3022000.0,64.3584061131466
Armenia,ARM,2014,54.6228058583362,3852.11800610384,91.2374729178599,10.17827892,17.498,74.8731707317073,1.7,3013800.0,64.4142934233291
Armenia,ARM,2015,59.1008337674937,3512.39350276709,91.480572190435,10.11762714,18.261,74.8707317073171,1.6,3004600.0,64.4929623431549
Armenia,ARM,2016,64.3460297653742,3524.42476874707,91.7279143880493,9.95194912,17.617,74.8682926829268,1.6,2992300.0,64.5928753345316
Armenia,ARM,2017,64.7448843250726,3869.05373867752,91.9795911262643,10.36270332,17.704,75.2170731707317,1.6,2979400.0,64.7124948593667
Armenia,ARM,2018,68.2450522610271,4196.00562301769,92.2358515104765,10.00543404,18.966,75.619512195122,1.6,2969000.0,64.8502833795679
Armenia,ARM,2019,66.5439496866159,4597.22887399548,92.4966218956113,11.3798008,18.304,76.2219512195122,1.6,2962500.0,65.0047033570428
Armenia,ARM,2020,76.50770055,4268.68093304583,92.7619845664061,12.24056244,18.175,73.3756097560976,1.7,2961500.0,65.174217253699
Armenia,ARM,2021,78.61225758,4685.17997128509,93.0320229848765,12.32268524,15.469,72.2780487804878,1.7,2962300.0,65.3572875314441
Armenia,ARM,2022,77.02767465,6571.97445545099,93.3068358390677,9.96211243,13.451,74.7658536585366,1.7,2969200.0,65.5624462874485
Armenia,ARM,2023,79.99663036,8159.08720967996,93.5674537130871,9.32119179,12.405,77.4658536585366,1.9,2964300.0,65.6956882008852
Aruba,ABW,2000,15.4428229480349,20681.0230269625,97.9731037869072,,,72.939,1.845,90588.0,65.3545497799987
Aruba,ABW,2001,17.1,20740.1325828172,98.0125082381901,,,73.044,1.813,91439.0,65.3351137913914
Aruba,ABW,2002,18.8,21307.2482505267,98.051912689473,,,73.135,1.8,92074.0,65.2820691308217
Aruba,ABW,2003,20.8,21949.4859960868,98.0913171407559,,,73.236,1.808,93128.0,65.1982922587168
Aruba,ABW,2004,23.0,23700.6319899197,98.1307215920388,,,73.223,1.819,95138.0,65.0886533661558
Aruba,ABW,2005,25.4,24171.8371325422,98.1701260433217,,,73.415,1.844,97635.0,64.9580226442175
Aruba,ABW,2006,28.0,24845.65848362,98.2095304946046,,,73.498,1.862,99405.0,64.811270283981
Aruba,ABW,2007,30.9,26736.3089444046,98.2489349458875,,,73.642,1.881,100150.0,64.6532664765254
Aruba,ABW,2008,52.0,28171.9094008501,98.2883393971704,,,73.783,1.889,100917.0,64.4888814129295
Aruba,ABW,2009,58.0,25134.7712303589,98.3277438484533,,,73.974,1.875,101604.0,64.3229852842726
Aruba,ABW,2010,62.0,24093.1401510626,98.3671482997362,,,74.297,1.855,101838.0,64.1612965549477
Aruba,ABW,2011,69.0,25712.3843015186,98.4065527510191,,,74.578,1.858,102591.0,63.9992605838571
Aruba,ABW,2012,74.0,25119.6655449838,98.445957202302,,,74.841,1.907,104110.0,63.8252085199599
Aruba,ABW,2013,78.9,25813.5714408438,98.4853616535849,,,75.072,1.944,105675.0,63.6382914355326
Aruba,ABW,2014,83.78,26129.8390617693,98.5247661048679,,,75.261,1.944,106807.0,63.4392531303795
Aruba,ABW,2015,88.661226932496,27458.2201537506,98.5641705561508,,,75.405,1.899,107906.0,63.2288374043053
Aruba,ABW,2016,93.542453865048,27441.5502144601,98.6035750074337,,,75.54,1.848,108727.0,63.0077880571142
Aruba,ABW,2017,97.17,28440.0416881491,98.6429794587166,,,75.62,1.785,108735.0,62.7768488886109
Aruba,ABW,2018,,30082.1584226798,98.6823839099995,,,75.88,1.732,108908.0,62.5367636985996
Aruba,ABW,2019,,30654.4851235397,98.7217883612824,,,76.019,1.701,109203.0,62.288276286885
Aruba,ABW,2020,,22664.3709949437,98.7611928125653,,,75.406,1.662,108587.0,62.0028837566365
Aruba,ABW,2021,,26827.3447869986,98.8005972638482,,,73.655,1.631,107700.0,61.9275339886843
Aruba,ABW,2022,,31000.5713798732,98.8400017151311,,,76.226,1.615,107310.0,61.8811657924257
Aruba,ABW,2023,,34897.6183932009,98.8400017151311,,,76.353,1.602,107359.0,61.8351492675589
Australia,AUS,2000,46.7561156116738,21908.9968019784,99.9911608638651,7.58869076,6.288,79.2341463414634,1.756,19028802.0,85.1071608578257
Australia,AUS,2001,52.6892664310395,19733.6510102645,99.9916171040366,7.67391729,6.747,79.6341463414634,1.739,19274701.0,85.1481094164726
Australia,AUS,2002,,20335.0960191023,99.9920733442082,7.87221003,6.375,79.9365853658537,1.756,19495210.0,85.2842102783464
Australia,AUS,2003,,23757.5898471684,99.9925295843797,7.87659502,5.933,80.2390243902439,1.748,19720737.0,85.4097077818668
Australia,AUS,2004,,30886.0500949401,99.9929858245512,8.08257675,5.399,80.490243902439,1.768,19932722.0,85.518767609412
Australia,AUS,2005,63.0,34535.20727091,99.9934420647228,7.9648633,5.036,80.8414634146341,1.807,20176844.0,85.6190871221958
Australia,AUS,2006,66.0,36658.8243476122,99.9938983048943,7.97161102,4.785,81.0414634146342,1.908,20450966.0,85.7492544263523
Australia,AUS,2007,69.45,41128.2476618402,99.9943545450659,8.0517149,4.381,81.2926829268293,1.959,20827622.0,85.8968519574969
Australia,AUS,2008,71.67,49811.2067218988,99.9948107852374,8.24737453,4.242,81.3951219512195,1.984,21249199.0,86.0253816967666
Australia,AUS,2009,74.25,42954.8494884573,99.9952670254089,8.54273987,5.565,81.5439024390244,1.971,21691653.0,86.1278139101818
Australia,AUS,2010,76.0,52313.8939041213,99.9957232655805,8.4193306,5.214,81.6951219512195,1.928,22031750.0,86.2198600512143
Australia,AUS,2011,79.4876977139029,62799.3895017032,99.996179505752,8.53425312,5.083,81.8951219512195,1.926,22340024.0,86.3268946146423
Australia,AUS,2012,79.0,68301.4402512587,99.9966357459236,8.67020702,5.225,82.0463414634146,1.92,22733465.0,86.4451259136625
Australia,AUS,2013,83.453497167,68476.6788496118,99.9970919860951,8.7465601,5.663,82.1487804878049,1.855,23128129.0,86.5740515760243
Australia,AUS,2014,84.0,62817.2061751737,99.9975482262667,9.82833862,6.078,82.3,1.826,23475686.0,86.7221289343356
Australia,AUS,2015,84.5605149091408,56970.3613028094,99.9980044664382,10.13642025,6.055,82.4,1.814,23815995.0,86.8778642539361
Australia,AUS,2016,86.54000092,50084.4440606385,99.9984607066097,10.08958244,5.711,82.4487804878049,1.752,24190907.0,87.0166295249235
Australia,AUS,2017,86.5450488476768,54117.547718609,99.9989169467813,10.10880566,5.592,82.5,1.741,24592588.0,87.12809266445
Australia,AUS,2018,90.0082016,57410.1737346009,99.9993731869528,10.08907509,5.345,82.7487804878049,1.74,24963258.0,87.2267680845925
Australia,AUS,2019,93.60990143,55194.7585097428,99.9998294271244,10.25421429,5.143,82.9,1.657,25334826.0,87.3019647888406
Australia,AUS,2020,94.6934967,51983.4523666382,100.0,10.70324135,6.394,83.2,1.581,25649248.0,87.2713470458985
Australia,AUS,2021,96.97219849,60758.9044397144,100.0,10.51612186,5.022,83.3,1.7,25685412.0,87.2353407632761
Australia,AUS,2022,96.11940002,65169.5191118657,100.0,9.89226055,3.728,83.2,1.63,26018721.0,87.3343268253813
Australia,AUS,2023,96.1160965,65058.3773146674,100.0,10.39852047,3.668,83.0512195121951,1.499,26659922.0,87.4866955653765
Austria,AUT,2000,33.7301329516915,24487.2974685956,99.9999792345879,9.38934517,4.687,78.1268292682927,1.36,8011566.0,66.7690238969566
Austria,AUT,2001,39.1854501811114,24430.495982841,99.9999909725854,9.45243549,4.007,78.5756097560976,1.33,8042293.0,66.8408161285718
Austria,AUT,2002,36.56,26334.862215032,100.0,9.59139919,4.852,78.6780487804878,1.39,8081957.0,66.8887457136458
Austria,AUT,2003,42.7,32110.1159661425,99.9983790003902,9.69844246,4.779,78.6317073170732,1.38,8121423.0,66.9263574955092
Austria,AUT,2004,54.28,36614.2506533707,99.996535576376,9.81532383,5.969,79.1804878048781,1.42,8171966.0,66.9558612872944
Austria,AUT,2005,58.0,38157.37022862,99.9947064734973,9.71779728,5.682,79.3317073170732,1.41,8227829.0,66.9797950654143
Austria,AUT,2006,63.6,40382.2078298575,99.9928944921009,9.64073944,5.32,79.8804878048781,1.41,8268641.0,67.0006968062814
Austria,AUT,2007,69.37,46622.9622913635,99.9911017476995,9.60482597,4.909,80.1804878048781,1.38,8295487.0,67.0211044863084
Austria,AUT,2008,72.87,51581.3982361071,99.9893276003394,9.83415222,4.198,80.4317073170732,1.42,8321496.0,67.0435560819078
Austria,AUT,2009,73.45,47857.4446635266,99.9875707536701,10.31152916,5.371,80.3317073170732,1.39,8343323.0,67.0705895694924
Austria,AUT,2010,75.17,46611.1393420232,99.9858335152594,10.31620026,4.883,80.5804878048781,1.44,8363404.0,67.1047429254747
Austria,AUT,2011,78.7399930986888,51116.8953522042,99.9841152637766,10.1370182,4.637,80.9829268292683,1.43,8391643.0,67.1484255415056
Austria,AUT,2012,80.0299939169903,48250.4059142637,99.982312100595,10.30198097,4.909,80.9365853658537,1.44,8429991.0,67.2085909812279
Austria,AUT,2013,80.6188,50305.3545774973,99.9804519832307,10.40574837,5.367,81.1365853658537,1.44,8479823.0,67.2981308784247
Austria,AUT,2014,80.9958249574764,51314.9722616322,99.9785877606259,10.51159096,5.674,81.490243902439,1.46,8546356.0,67.4154327591781
Austria,AUT,2015,83.9401419315026,43915.228020857,99.9767095192409,10.51688385,5.802,81.190243902439,1.49,8642699.0,67.5576175537383
Austria,AUT,2016,84.3237425711653,45061.4993920192,99.9748167576783,10.51713753,6.064,81.6414634146342,1.53,8736668.0,67.7218061923556
Austria,AUT,2017,87.9355865856062,47163.7425775142,99.9729077052186,10.57132816,5.561,81.6439024390244,1.52,8797566.0,67.9051196052802
Austria,AUT,2018,87.4791372262556,51194.0749841299,99.9728166060806,10.5157156,4.933,81.6926829268293,1.47,8840521.0,68.1046787227623
Austria,AUT,2019,87.7522047870069,49885.9947355204,99.9727130295408,10.62530422,4.56,81.8951219512195,1.46,8879920.0,68.3176044750522
Austria,AUT,2020,87.52942813,48716.4098900349,99.9726022326155,11.41292953,5.201,81.1926829268293,1.44,8916864.0,68.5410177924001
Austria,AUT,2021,92.52915104,53648.6437976214,99.9724908948366,12.185215,6.459,81.190243902439,1.48,8955797.0,68.773601700253
Austria,AUT,2022,93.61409139,52336.7725223758,99.9723650796655,11.22519779,4.992,81.2951219512195,1.41,9041851.0,68.998085127906
Austria,AUT,2023,95.33467117,56579.504175468,99.9722421586423,11.15297318,5.264,81.7926829268293,1.32,9131761.0,69.2265358276021
Azerbaijan,AZE,2000,0.147757575623251,655.097249579917,68.3537161993918,2.94891715,11.78,65.377,2.0,8048600.0,51.1320838928223
Azerbaijan,AZE,2001,0.305564637615618,703.670998584686,69.4110838151646,2.774194,10.91,66.043,1.8,8111200.0,51.1584815979004
Azerbaijan,AZE,2002,4.99971367812957,763.108895463487,70.4645166968746,2.73097301,10.04,66.769,1.8,8171950.0,51.2144165039062
Azerbaijan,AZE,2003,,883.692580745256,71.514349403103,2.72699213,9.17,67.036,1.9,8234100.0,51.7257995605469
Azerbaijan,AZE,2004,,1045.0136328106,72.5604073968308,2.65944242,7.99,67.488,2.0535,8306500.0,52.2831993103027
Azerbaijan,AZE,2005,8.030400276,1578.36733030667,73.9007809135916,2.22960997,7.26,67.71,2.0,8391850.0,52.5028533935547
Azerbaijan,AZE,2006,11.9921999,2472.95725732287,75.2446071207106,2.07059145,6.62,68.489,1.97,8484550.0,52.6540145874023
Azerbaijan,AZE,2007,14.53999996,3851.33015175141,76.5920244999871,1.99422264,6.33,68.659,1.97,8581300.0,52.8281555175781
Azerbaijan,AZE,2008,17.08,5574.46810432575,77.9427910031062,2.04814458,5.86,69.355,1.9,8763400.0,53.063304901123
Azerbaijan,AZE,2009,27.4,4950.39949009423,79.2970479678594,2.76541352,5.74,69.874,1.82,8947243.0,53.1358125434574
Azerbaijan,AZE,2010,46.0,5843.5337683582,80.6565618814243,2.64634848,5.63,70.309,1.92,9054332.0,53.2848367714869
Azerbaijan,AZE,2011,50.0,7189.81869211976,82.0209823776921,2.59547186,5.42,70.565,1.96,9173082.0,53.5085461893249
Azerbaijan,AZE,2012,54.20000076,7495.86527658099,83.3900771954371,3.15682149,5.19,71.08,2.0,9295784.0,53.8076442276208
Azerbaijan,AZE,2013,73.000001372,7875.34536661549,84.7637227824749,3.22551084,4.97,71.485,1.98,9416801.0,54.1821087431318
Azerbaijan,AZE,2014,75.0000156363396,7890.84028062087,86.1415854877427,3.58703041,4.91,71.93,1.97,9535079.0,54.6319175926151
Azerbaijan,AZE,2015,77.0,5500.50364628486,87.5234598194959,4.34131384,4.96,72.349,1.94,9649341.0,55.1570486328276
Azerbaijan,AZE,2016,78.2,3880.6852276838,88.9091129023182,4.42241955,5.0,72.568,1.9,9757812.0,55.7574797205266
Azerbaijan,AZE,2017,79.0,4147.1981423222,90.2983404004094,4.07396507,5.0,72.694,1.75,9854033.0,56.4331887124691
Azerbaijan,AZE,2018,79.7999954887896,4739.7943123408,91.6909287439115,3.83661342,4.9,73.016,1.73,9939771.0,57.1841534654123
Azerbaijan,AZE,2019,81.0999990651547,4805.75371765917,93.0865984611418,4.18188763,5.0,73.29,1.81,10024283.0,58.1308191977779
Azerbaijan,AZE,2020,84.59999573,4229.91064904503,94.4852164889199,5.84817696,7.24,70.312,1.7,10093121.0,58.2934691761937
Azerbaijan,AZE,2021,85.99998954,5408.04535175023,95.8663117734363,4.68526697,6.04,70.999,1.52,10137750.0,58.3659969744818
Azerbaijan,AZE,2022,88.0,7770.594223351,96.9106527966691,3.41549611,5.65,74.125,1.67,10141756.0,58.4382815854684
Azerbaijan,AZE,2023,89.0,7133.02838048328,97.9482163589564,4.27113533,5.64,74.429,1.55,10153958.0,58.5075350483702
"Bahamas, The",BHS,2000,8.0,24940.0775086078,92.9767147467029,3.80487037,7.118,72.481,2.06,323835.0,81.0361161567684
"Bahamas, The",BHS,2001,11.8,25371.9237667614,92.9788412178291,3.92440891,6.87,72.765,2.02,327836.0,81.152720524793
"Bahamas, The",BHS,2002,18.0,26781.6195938652,92.9792508409001,3.81251931,9.05,73.023,1.984,331614.0,81.3054206830642
"Bahamas, The",BHS,2003,20.0,26429.1247787663,92.9779436159161,4.01998568,10.84,73.213,1.971,335618.0,81.4819614595541
"Bahamas, The",BHS,2004,22.0,26650.2934234303,92.974919542877,4.04628181,10.2,73.235,1.98,339782.0,81.6708410883427
"Bahamas, The",BHS,2005,25.0,28602.4181869995,92.9701786217826,4.03196478,10.2,73.413,2.008,343894.0,81.8605578035102
"Bahamas, The",BHS,2006,26.0,29184.7865087908,92.9637208526333,4.30935764,7.54,73.456,2.019,348375.0,82.0396098391364
"Bahamas, The",BHS,2007,27.0,30051.8489587756,92.9555462354289,4.49598694,7.88,73.463,2.035,353334.0,82.1964954293015
"Bahamas, The",BHS,2008,31.54,29392.3824416397,92.9456547701693,4.86261654,8.18,73.445,1.999,358120.0,82.3197128080855
"Bahamas, The",BHS,2009,33.88,27512.9130950084,92.9340464568545,5.1500144,14.25,73.455,2.011,362810.0,82.3977602095684
"Bahamas, The",BHS,2010,43.0,27473.100430502,92.9207212954847,5.25594234,14.435,73.449,1.837,367478.0,82.4198104431593
"Bahamas, The",BHS,2011,65.0,27090.8376801379,92.9056792860598,5.32398558,14.52,73.571,1.791,371729.0,82.4130347470308
"Bahamas, The",BHS,2012,71.74819946,28552.0242683151,92.8889204285797,5.3190918,14.02,73.707,1.761,375469.0,82.3947485339925
"Bahamas, The",BHS,2013,72.0,27642.7419759179,93.1626284658143,5.68411207,16.18,73.93,1.738,378953.0,82.3635791100868
"Bahamas, The",BHS,2014,76.91999817,29137.2175632622,93.436336503049,5.64133978,13.8,74.029,1.687,382298.0,82.3180931037043
"Bahamas, The",BHS,2015,78.0,30719.405417469,93.7100445402837,5.244627,12.0,73.805,1.574,385346.0,82.2568571432361
"Bahamas, The",BHS,2016,80.0,30616.5363157284,93.7100445402837,5.65515327,12.7,74.042,1.495,388055.0,82.1784378570728
"Bahamas, The",BHS,2017,80.59999847,31875.4881749619,93.7100445402837,6.6036396,9.8,74.031,1.424,390485.0,82.0814018736052
"Bahamas, The",BHS,2018,83.0,32642.3353203452,93.7100445402837,5.83890343,10.0,74.062,1.404,392717.0,81.9643158212241
"Bahamas, The",BHS,2019,90.69329834,33640.3369861278,93.7100445402837,5.70484161,9.336,71.408,1.397,394675.0,81.8257463283204
"Bahamas, The",BHS,2020,92.4437027,26178.7537607708,,7.3983264,12.016,72.994,1.386,395863.0,81.6642600232849
"Bahamas, The",BHS,2021,92.34980011,30367.8605757708,,6.78537178,11.078,70.752,1.382,396373.0,81.4784235345083
"Bahamas, The",BHS,2022,92.2559967,34957.1613279737,,7.04287481,9.25,74.491,1.379,397538.0,81.3200717047725
"Bahamas, The",BHS,2023,92.38729858,38231.774484278,,6.30260801,8.645,74.552,1.373,399440.0,81.3213799173676
Bahrain,BHR,2000,6.15373254647607,14214.4836839343,99.9393894019496,3.20020556,1.081,74.673,2.798,637582.0,87.8356209595597
Bahrain,BHR,2001,15.0386342513918,13573.2339887597,99.9434088778498,3.3434751,1.118,74.942,2.653,661316.0,87.8397146150894
Bahrain,BHR,2002,18.0507208881153,13501.4708801425,99.9474283537501,3.52897096,1.137,75.209,2.699,710553.0,88.1427867595875
Bahrain,BHR,2003,21.5549449917804,14486.0269029822,99.9514478296503,3.72810912,1.126,75.486,2.778,764517.0,88.8325339694118
Bahrain,BHR,2004,21.4586805077435,15963.9493171617,99.9554673055506,3.35499287,1.064,75.787,2.774,823741.0,89.8569005979296
Bahrain,BHR,2005,21.30369949,17966.1657837625,99.9594867814508,3.12594414,1.021,76.125,2.67,888822.0,91.168165501421
Bahrain,BHR,2006,28.24399948,19267.282615072,99.9635062573511,2.98138189,1.021,76.51,2.464,960424.0,92.7186075361661
Bahrain,BHR,2007,32.91,20908.4042548073,99.9675257332513,3.16071057,1.006,76.952,2.282,1039295.0,94.460505558445
Bahrain,BHR,2008,51.95,23299.4992780392,99.9715452091516,3.07321215,1.015,77.457,2.152,1103496.0,96.3461384245376
Bahrain,BHR,2009,53.0,19465.3140745038,99.9755646850518,4.15054226,1.07,78.016,2.047,1178415.0,98.3277849907243
Bahrain,BHR,2010,55.0,21819.3291098099,99.9795841609521,3.92259479,1.13,78.593,1.987,1228543.0,100.0
Bahrain,BHR,2011,76.9999665032303,25032.7867743333,99.9836036368523,3.7181015,1.21,79.141,2.025,1195020.0,100.0
Bahrain,BHR,2012,88.0,26438.6733230428,99.9876231127526,3.95061135,1.2,79.622,2.11,1208964.0,100.0
Bahrain,BHR,2013,90.0000397,26989.7601148469,99.9916425886528,4.14491081,1.184,79.998,2.166,1253191.0,100.0
Bahrain,BHR,2014,90.5031334814656,26451.7965647453,99.9956620645531,4.2369051,1.144,80.214,2.149,1314562.0,100.0
Bahrain,BHR,2015,93.4783007986129,23734.0551143019,99.9996815404533,4.75126362,1.164,80.338,2.113,1370322.0,100.0
Bahrain,BHR,2016,97.9999807024146,23800.001440631,100.0,4.62360859,1.19,80.407,2.042,1423726.0,100.0
Bahrain,BHR,2017,95.8781357543453,24784.7693514607,100.0,4.30236721,1.18,80.407,1.984,1501116.0,100.0
Bahrain,BHR,2018,98.6446725799886,26324.4066549559,100.0,3.94324946,1.188,80.412,1.911,1503091.0,100.0
Bahrain,BHR,2019,99.7015043807778,27259.7438599327,100.0,3.78430986,1.217,80.471,1.843,1483756.0,100.0
Bahrain,BHR,2020,99.67103159,24342.8444554718,100.0,4.55685711,1.765,78.683,1.86,1472204.0,100.0
Bahrain,BHR,2021,100.0,27147.8083882286,100.0,4.32771444,1.548,78.083,1.852,1504365.0,100.0
Bahrain,BHR,2022,100.0,30470.5219276023,100.0,3.89098358,1.265,80.992,1.839,1524693.0,100.0
Bahrain,BHR,2023,100.0,29290.1284215098,100.0,3.99562383,1.049,81.284,1.824,1577059.0,100.0
Bangladesh,BGD,2000,0.0710394230507683,396.670730249751,23.694677075884,1.80504513,3.27,62.049,3.279,134544304.0,23.3145114975244
Bangladesh,BGD,2001,0.129807973947512,394.65641001891,25.1767692981385,1.77201855,3.609,62.836,3.203,136805810.0,23.6999214768623
Bangladesh,BGD,2002,0.13992028850905,393.886422327628,26.6816894127761,1.93417108,3.966,63.591,3.126,138933658.0,24.1132383547332
Bangladesh,BGD,2003,0.163877665498048,426.74880754362,28.1772949701868,1.96152198,4.32,64.288,3.029,140970351.0,24.5525557512625
Bangladesh,BGD,2004,0.199036333744363,455.614016909798,29.6630423579707,1.99854314,4.316,64.912,2.94,142902856.0,25.0094809886101
Bangladesh,BGD,2005,0.241600007,480.08585075452,31.4358349503108,2.05873919,4.25,65.509,2.846,144715786.0,25.4769540701509
Bangladesh,BGD,2006,1.0,490.388026533289,33.2264398318266,2.10646582,3.591,66.048,2.755,146405973.0,25.9479149992596
Bangladesh,BGD,2007,1.799999952,537.955492792911,35.0339772895148,2.17268491,4.015,66.458,2.666,147989278.0,26.415303779311
Bangladesh,BGD,2008,2.5,613.06204104124,36.8575848438424,2.11878848,4.49,67.047,2.577,149474264.0,26.87206041368
Bangladesh,BGD,2009,3.099999905,679.211477428056,38.6964226448975,2.18321705,5.0,67.527,2.484,150873714.0,27.3111249057412
Bangladesh,BGD,2010,3.700000048,757.385280361508,40.550092213975,2.28807664,3.379,68.009,2.38,152201981.0,27.7254372588696
Bangladesh,BGD,2011,4.5,837.336944695647,42.417588032588,2.36418128,3.737,68.499,2.309,153591076.0,28.1100162712427
Bangladesh,BGD,2012,5.0,859.680536375497,44.2975869340688,2.3537879,4.07,68.989,2.263,155070101.0,28.4787972894576
Bangladesh,BGD,2013,6.63,958.262989798283,46.1890615570129,2.29574466,4.426,69.487,2.247,156532141.0,28.8407036106763
Bangladesh,BGD,2014,9.052900314,1094.46199702838,48.091854377096,2.27915168,4.417,70.016,2.228,157964929.0,29.1944442321013
Bangladesh,BGD,2015,12.36880016,1224.38647668165,50.0050245547683,2.27217698,4.397,70.543,2.227,159383179.0,29.5395099477892
Bangladesh,BGD,2016,16.89909935,1649.28380858601,51.9283001377065,2.38938212,4.35,71.075,2.227,160811932.0,29.8753915517965
Bangladesh,BGD,2017,21.5,1811.08221668646,53.861024982081,2.36720181,4.372,71.606,2.205,162186147.0,30.2015798381799
Bangladesh,BGD,2018,25.56509972,1965.24372731467,55.8026895798661,2.31622243,4.439,72.122,2.193,163523103.0,30.5175656009959
Bangladesh,BGD,2019,30.38310051,2129.79896954606,57.7528738554199,2.12712646,4.504,72.625,2.18,164913055.0,30.8228396343012
Bangladesh,BGD,2020,36.10910034,2248.85078828233,59.7111659386902,2.18254924,5.539,71.421,2.175,166298024.0,31.1168927321524
Bangladesh,BGD,2021,38.91744466,2482.84917843357,61.6770898454809,2.26678729,5.457,71.103,2.173,167658854.0,31.3992156886061
Bangladesh,BGD,2022,41.61650085,2716.48592780431,63.6502711298232,2.21544909,4.593,74.265,2.179,169384897.0,31.673734726234
Bangladesh,BGD,2023,44.50274195,2551.01773827307,65.6304136319171,2.17014575,3.352,74.672,2.163,171466990.0,32.1578465036834
Barbados,BRB,2000,3.97367835457927,11674.6736471764,89.6408774970221,4.92612553,9.35,74.58,1.933,262063.0,62.5379397803044
Barbados,BRB,2001,11.9364503383984,11639.5160522054,90.0296586370686,5.10418987,9.85,74.707,1.955,262425.0,62.3048911059175
Barbados,BRB,2002,27.836322424146,11760.4524736133,90.4184397771151,5.41338634,10.32,74.82,1.862,264148.0,61.965577912278
Barbados,BRB,2003,39.6896271159532,12075.9587020649,90.8072209171617,6.17312717,11.0,74.865,1.856,265776.0,61.5543861265895
Barbados,BRB,2004,49.8,12886.3665272467,91.1960020572082,6.7109499,9.57,75.15,1.797,267298.0,61.101971231796
Barbados,BRB,2005,52.5,14214.4202213572,91.5847831972547,6.14326382,9.08,74.96,1.738,268706.0,60.6389887108416
Barbados,BRB,2006,55.29999924,15619.6005955511,91.9735643373012,5.90468073,8.73,75.049,1.702,270002.0,60.1960940466703
Barbados,BRB,2007,58.20000076,17235.4396434785,92.3623454773478,5.36863089,7.41,75.263,1.755,271288.0,59.803942722226
Barbados,BRB,2008,61.40000153,17565.6929970592,92.7511266173943,5.73821974,8.12,75.3,1.756,272714.0,59.4931902204528
Barbados,BRB,2009,64.69999695,16294.9099491834,93.1399077574408,6.30137348,10.02,75.458,1.77,274123.0,59.2944920242948
Barbados,BRB,2010,65.09999847,19723.2381931602,93.5286888974873,5.97029495,10.69,75.488,1.785,275243.0,59.2366008990356
Barbados,BRB,2011,66.5,20146.2381264508,93.9174700375338,6.05910301,11.19,75.599,1.758,276139.0,59.236693205614
Barbados,BRB,2012,71.19999695,19811.2953079751,94.3062511775803,6.85218811,11.59,75.737,1.731,276938.0,59.2372151062924
Barbados,BRB,2013,71.80000305,20384.4910233555,94.6950323176268,6.48274279,11.55,75.816,1.729,277665.0,59.2385370835674
Barbados,BRB,2014,71.92459869,20423.7177921163,95.0838134576733,6.09732294,12.17,75.926,1.727,278348.0,59.2410313429534
Barbados,BRB,2015,72.04940033,20429.4747123553,95.4725945977198,6.09170628,9.803,76.055,1.726,278990.0,59.2450700899645
Barbados,BRB,2016,71.57299805,20311.4094163764,95.8613757377664,6.19479513,8.247,76.168,1.724,279598.0,59.2510255301153
Barbados,BRB,2017,71.14849854,20870.7596432179,96.2501568778129,6.0020504,8.62,76.237,1.724,280171.0,59.25926986892
Barbados,BRB,2018,70.72650146,21378.2201267496,96.6389380178594,5.83037996,8.321,76.378,1.72,280711.0,59.270175311893
Barbados,BRB,2019,70.30709839,21929.435611489,97.0277191579059,5.67476797,8.41,76.495,1.715,281207.0,59.2841140645486
Barbados,BRB,2020,69.89009857,19180.9915228365,97.3312392700884,6.7272892,10.586,76.647,1.708,281698.0,59.3014583324011
Barbados,BRB,2021,69.4756012,21084.4013935998,97.3330327442074,7.4427762,11.015,76.58,1.709,282147.0,59.3220365433819
Barbados,BRB,2022,69.06359863,24393.2193483944,98.0924623115578,5.8744669,7.261,75.676,1.712,282318.0,59.3538514107686
Barbados,BRB,2023,69.67510223,25583.8722302505,98.0924623115578,5.40463829,6.54,76.178,1.708,282336.0,59.4235740235775
Belarus,BLR,2000,1.86039812615388,1276.2880341,91.9136871793446,5.28088045,12.193,68.9121951219512,1.317,9979610.0,69.9172295434732
Belarus,BLR,2001,4.30061602151712,1244.37318523431,91.8950406947121,5.7064805,11.561,68.5073170731707,1.286,9928549.0,70.3147201538086
Belarus,BLR,2002,8.95097131467325,1479.38066337175,91.8772136566358,5.62404203,10.874,68.0560975609756,1.24,9865548.0,70.8804702758789
Belarus,BLR,2003,,1819.52653114699,91.8592816297479,5.77103186,10.191,68.5536585365854,1.232,9796749.0,71.3092422485352
Belarus,BLR,2004,,2378.33700470129,92.3080167229921,5.73650646,9.463,68.9560975609756,1.233,9730146.0,71.7658538818359
Belarus,BLR,2005,,3126.07176665248,92.7606037607482,6.07036304,8.759,68.8512195121951,1.252,9663915.0,72.0310134887695
Belarus,BLR,2006,16.2,3848.22350300163,93.2164038239813,5.57366323,8.066,69.4048780487805,1.335,9604924.0,72.6113815307617
Belarus,BLR,2007,19.7,4735.48107556066,93.6735706995362,5.6917243,7.41,70.2073170731707,1.429,9560953.0,73.0913467407227
Belarus,BLR,2008,23.0,6376.17569162063,94.1325479318341,5.29448891,6.728,70.4560975609756,1.488,9527985.0,73.5531692504883
Belarus,BLR,2009,27.43,5352.48809190697,94.5970585071849,5.3906498,6.1,70.4073170731707,1.509,9504583.0,74.1909646620571
Belarus,BLR,2010,31.8,6034.67885177216,95.0666547452999,5.65694332,6.052,70.4048780487805,1.494,9483836.0,74.5501403808594
Belarus,BLR,2011,39.6488956598961,6527.6593428786,95.5392069475239,4.87452745,6.024,70.5536585365854,1.515,9461643.0,75.0597534179688
Belarus,BLR,2012,46.91,6953.21591683101,96.0160380409651,5.24538946,5.962,71.9658536585366,1.62,9446836.0,75.5281066894531
Belarus,BLR,2013,54.17,7998.0802045456,96.4967422557482,5.69563103,5.942,72.4707317073171,1.668,9443211.0,75.94970703125
Belarus,BLR,2014,59.0163187101542,8341.31809294883,96.9807658359305,5.38792181,5.908,72.9707317073171,1.696,9448515.0,76.3405227661133
Belarus,BLR,2015,62.230360906803,5967.05595058777,97.4677528685491,6.06528044,5.881,73.6243902439025,1.724,9461076.0,76.6263885498047
Belarus,BLR,2016,71.1130457603832,5039.77560949445,97.9567271053164,5.91054153,5.844,73.8268292682927,1.733,9469379.0,76.8458709716797
Belarus,BLR,2017,74.4364454136036,5785.54491935194,98.4471393205969,5.75974846,5.648,74.1292682926829,1.541,9458989.0,77.0208206176758
Belarus,BLR,2018,79.1298866919307,6360.037502312,98.9391988814901,5.52699471,4.763,74.1756097560976,1.448,9438785.0,77.2132720947266
Belarus,BLR,2019,82.7891520910901,6837.77339645635,99.4338632205589,5.86133814,4.165,74.2268292682927,1.382,9419758.0,77.4550771852757
Belarus,BLR,2020,85.08791245,6542.85579976768,99.5940049296976,6.40607214,4.049,72.1385609756098,1.369,9379952.0,77.7890385790408
Belarus,BLR,2021,86.88841196,7489.71894713888,99.6591219571066,6.56549978,3.9,72.0714634146342,1.371,9302585.0,78.131086803694
Belarus,BLR,2022,89.50733148,7994.64806074889,99.6897638568081,6.57784128,3.574,74.1033658536585,1.326,9228071.0,78.4732787892908
Belarus,BLR,2023,91.51249979,7896.75388295584,99.7199437262096,7.08167362,3.461,74.1837804878049,1.208,9178298.0,78.8146420666327
Belgium,BEL,2000,29.4316916924341,23098.8865077401,99.484629951934,7.99917603,6.586,77.7219512195122,1.67,10251250.0,82.0152520403035
Belgium,BEL,2001,31.2883955056566,23015.0712632462,99.4847964563623,8.14988899,6.178,77.9731707317073,1.67,10286570.0,82.3356893921976
Belgium,BEL,2002,46.33,25006.191397109,99.4849653278491,8.3182106,6.91,78.0756097560976,1.65,10332785.0,82.6509663267055
Belgium,BEL,2003,49.97,30655.2092679024,99.4851241629527,9.18925285,7.68,78.1292682926829,1.67,10376133.0,82.9609538786731
Belgium,BEL,2004,53.86,35429.4077933344,99.4852911508851,9.35496902,7.363,78.8780487804878,1.72,10421137.0,83.2655230829461
Belgium,BEL,2005,55.81999969,36809.7013403619,99.4854588007365,9.25018311,8.44,78.9804878048781,1.76,10478617.0,83.5645449743707
Belgium,BEL,2006,61.9818700222023,38705.1067959147,99.4856201119658,9.1325655,8.246,79.380487804878,1.8,10547958.0,83.8578905877926
Belgium,BEL,2007,66.7604202433135,44319.165448813,99.4857808585944,9.1392889,7.459,79.7829268292683,1.82,10625700.0,84.1454309580577
Belgium,BEL,2008,68.8573221425131,48303.397956286,99.4859416700664,9.60036659,6.976,79.6804878048781,1.85,10709973.0,84.427037120012
Belgium,BEL,2009,74.5441455527336,44923.3400135081,99.4861064041689,10.54393387,7.908,80.0341463414634,1.84,10796493.0,84.7025801085014
Belgium,BEL,2010,77.6397855126946,44197.393671162,99.4861236387516,10.41325188,8.293,80.1829268292683,1.86,10895586.0,84.9719309583717
Belgium,BEL,2011,81.6099959955952,47760.8298776546,99.4861332173528,10.41302204,7.14,80.5853658536585,1.81,11038264.0,85.2349607044689
Belgium,BEL,2012,80.7199905482042,44874.1709182123,99.4861435479371,10.5865345,7.542,80.3853658536585,1.8,11106932.0,85.4915403816388
Belgium,BEL,2013,82.1702,46964.5946777056,99.4861501236866,10.63787556,8.425,80.5878048780488,1.76,11159407.0,85.7415410247275
Belgium,BEL,2014,85.0012379539925,47995.7786961339,99.4861618443076,10.62032604,8.523,81.2878048780488,1.74,11209057.0,85.9848336685807
Belgium,BEL,2015,85.0529417508701,40893.804537772,99.4861641764678,10.88387299,8.482,80.9926829268293,1.7,11274196.0,86.2212893480444
Belgium,BEL,2016,86.5164766644457,41854.5498296444,99.4861721928964,10.89833736,7.83,81.4390243902439,1.68,11331422.0,86.4507790979645
Belgium,BEL,2017,87.6796808175598,44035.3239358548,99.4861854185217,10.94042683,7.09,81.4926829268293,1.65,11375158.0,86.6731739531869
Belgium,BEL,2018,88.6473429951691,47487.2100392561,99.4861848733706,10.9937973,5.941,81.5951219512195,1.62,11427054.0,86.8883449485575
Belgium,BEL,2019,90.275428012141,46716.6227467964,99.4861954289203,10.85831451,5.364,81.9951219512195,1.6,11488980.0,87.0961631189222
Belgium,BEL,2020,91.52641629,45906.2875805246,99.4862025266725,11.46253014,5.545,80.6951219512195,1.55,11538604.0,87.2964994991269
Belgium,BEL,2021,92.78867618,51658.238294958,99.486206436114,11.28825092,6.248,81.790243902439,1.6,11586195.0,87.4305564090635
Belgium,BEL,2022,94.00783071,50639.0264882739,99.4862152277247,10.73976326,5.57,81.7487804878049,1.53,11680210.0,87.489200269855
Belgium,BEL,2023,94.62625074,55244.68145811,99.4862165648512,10.80371571,5.547,82.4,1.47,11779946.0,87.551492636772
Belize,BLZ,2000,5.96383530272428,4726.50675459616,83.9950793415802,2.93866777,10.841,68.911,3.633,240799.0,47.6836847507377
Belize,BLZ,2001,,4718.77715104739,83.9981236500007,3.45384741,9.07,68.944,3.526,248379.0,47.6257993221451
Belize,BLZ,2002,5.68425121358763,4858.86062599362,84.0010582579802,3.55506229,10.04,69.528,3.43,256009.0,47.4865009861554
Belize,BLZ,2003,,4959.74012434605,84.0038792244829,3.5292151,10.342,69.819,3.335,263780.0,47.2806245981404
Belize,BLZ,2004,9.8,5153.71308265363,84.0065922016108,3.41825557,10.586,70.152,3.252,271688.0,47.0226655922949
Belize,BLZ,2005,17.0,5270.41479135312,83.9996958672325,3.43729496,10.91,70.335,3.173,279731.0,46.7271194028137
Belize,BLZ,2006,24.0,5524.78167834986,83.9933189485274,3.54883528,9.39,70.535,3.021,287878.0,46.4084814638913
Belize,BLZ,2007,24.60000038,5762.21023302938,83.9874657603305,4.05345058,8.51,70.652,2.885,296100.0,46.0812472097226
Belize,BLZ,2008,26.29999924,5711.81458859709,83.9821223616587,4.51286459,8.18,70.665,2.78,304361.0,45.7599120745023
Belize,BLZ,2009,27.20000076,5399.67100001919,83.977302195762,4.50473404,8.323,70.806,2.659,312614.0,45.4589714924251
Belize,BLZ,2010,28.2,5461.40735999001,83.972997548098,4.47716761,8.412,70.875,2.552,320245.0,45.1914838193558
Belize,BLZ,2011,30.70000076,5596.05222152289,83.9708984759609,4.52904415,8.424,70.975,2.531,327298.0,44.9417819131729
Belize,BLZ,2012,31.0,5732.66519942347,83.9714754365874,4.34283972,8.378,71.134,2.51,334414.0,44.6903068035216
Belize,BLZ,2013,33.59999847,5957.34953619006,83.9751251055118,4.42128754,8.349,71.276,2.498,341627.0,44.4380542363795
Belize,BLZ,2014,38.70000076,6128.12053089077,83.9821211094783,4.87071466,8.244,71.437,2.474,348923.0,44.1850161758379
Belize,BLZ,2015,41.59000015,6154.62264230369,83.9929567244339,4.65988731,7.578,71.647,2.433,356333.0,43.931184585988
Belize,BLZ,2016,44.57569885,6140.86713919469,84.0080355199731,4.77207184,7.0,71.843,2.396,364705.0,43.6765514309211
Belize,BLZ,2017,48.8771019,6071.85451846453,84.027602259463,4.62228823,6.596,72.062,2.368,373202.0,43.4211086747287
Belize,BLZ,2018,53.59360123,6011.99036888587,84.0520275827063,4.75529861,9.346,72.322,2.343,380226.0,43.164848281502
Belize,BLZ,2019,58.76520157,6171.61449761423,84.0839153038299,4.81608105,9.053,72.577,2.142,385829.0,42.9077622153323
Belize,BLZ,2020,64.43589783,5238.54078175696,84.1193982319828,5.33901167,10.763,71.58,2.04,390812.0,42.649842440311
Belize,BLZ,2021,70.65370178,6142.98930557031,84.1586414948366,5.04598379,10.302,70.917,1.837,395346.0,42.3910809205294
Belize,BLZ,2022,69.98329926,7068.21728043145,84.2021316466722,4.21643019,8.682,72.19,1.949,402733.0,42.1373251262137
Belize,BLZ,2023,70.18720245,7424.75821321022,84.2497280854857,4.14735794,8.278,73.566,2.007,411106.0,41.9459437504976
Benin,BEN,2000,0.225247851473369,487.424141384242,8.52812393636387,2.9591713,0.864,56.594,5.937,7221619.0,38.2759517258875
Benin,BEN,2001,0.363417890016082,492.401499509072,8.93975126867492,3.30417323,0.766,56.654,5.848,7445596.0,38.6186257669218
Benin,BEN,2002,0.7029455951039,546.463829658159,9.37391256843619,3.09589195,0.69,56.851,5.793,7675426.0,39.0035069872981
Benin,BEN,2003,0.951327114915695,676.002878084282,9.83877331929082,3.11678505,0.747,57.092,5.763,7913070.0,39.4169696013044
Benin,BEN,2004,1.18254096518994,758.695803786371,10.3155921363995,3.23273873,0.79,57.346,5.718,8159094.0,39.8525699078742
Benin,BEN,2005,1.271000028,779.437777753268,10.8039533008181,3.22345805,0.859,57.738,5.692,8426144.0,40.3097749006517
Benin,BEN,2006,1.537899971,809.147072506221,11.3039620341641,3.28773856,0.888,57.966,5.673,8693242.0,40.7877794072449
Benin,BEN,2007,1.79,912.338247188342,11.8157291558234,2.93715644,0.902,58.249,5.627,8953969.0,41.2857782552618
Benin,BEN,2008,1.85,1060.60254502099,12.3390077692944,2.65178108,0.895,58.099,5.548,9228466.0,41.8029662723105
Benin,BEN,2009,2.24,1024.10277858112,12.8733600744969,2.89953876,0.95,58.258,5.491,9509423.0,42.338538285999
Benin,BEN,2010,3.13,973.244254931526,13.4190757934874,3.01848245,1.04,58.387,5.452,9797484.0,42.8916891239353
Benin,BEN,2011,4.14832306562512,1059.41358852588,13.9760843860142,2.99865556,2.647,58.462,5.436,10093623.0,43.4616136137276
Benin,BEN,2012,4.5,1071.5258366283,14.5443123134086,3.07562971,2.458,58.559,5.429,10397657.0,44.0475065829838
Benin,BEN,2013,4.900000095,1168.92699279226,15.1233051054282,2.86880755,2.198,58.863,5.41,10708834.0,44.6502883669319
Benin,BEN,2014,6.0,1204.39918670094,15.7143302277075,2.69111967,1.952,59.008,5.374,11030004.0,45.2880529235999
Benin,BEN,2015,11.25500011,1002.41886879614,16.3169481534553,2.72813416,1.886,59.123,5.32,11360681.0,45.9407403257663
Benin,BEN,2016,14.5,1010.5338961993,16.9310972411709,3.62042856,1.834,59.283,5.254,11697842.0,46.6094559006664
Benin,BEN,2017,18.7,1054.97408066814,17.5567124078682,3.67389345,1.691,59.528,5.155,12039780.0,47.2942774880391
Benin,BEN,2018,19.0,1151.7409703472,18.1937303852969,3.4364984,1.426,59.71,5.031,12383347.0,47.9952829275963
Benin,BEN,2019,20.50099945,1130.82135339795,18.8420840944928,3.00206876,1.214,59.888,4.9,12726755.0,48.7125500590248
Benin,BEN,2020,22.12059975,1200.19426557789,19.501704357901,3.0512166,1.518,60.154,4.795,13070169.0,49.4461567219896
Benin,BEN,2021,28.20470047,1318.65158075198,20.1721169387367,2.91589761,1.833,59.61,4.707,13413417.0,50.1961807561354
Benin,BEN,2022,30.53730011,1266.42711031904,20.853650768615,2.98184395,1.685,60.475,4.634,13759501.0,50.9627000010887
Benin,BEN,2023,32.39400101,1394.17784721831,21.5460291941212,3.33732462,1.641,60.774,4.556,14111034.0,51.7457922964593
Bermuda,BMU,2000,42.9498600152711,56542.9569455727,99.9791403999453,,,78.251,1.738,61550.0,100.0
Bermuda,BMU,2001,47.5096998970623,59490.2452034202,99.9770577444815,,,78.637,1.861,61867.0,100.0
Bermuda,BMU,2002,52.0315973700393,63358.5658652763,99.9749750890177,,,78.841,1.815,62142.0,100.0
Bermuda,BMU,2003,56.5220121836337,67106.8028083224,99.972892433554,,,78.715,1.79,62386.0,100.0
Bermuda,BMU,2004,60.9908670086326,71692.1589001679,99.9708097780902,,,78.898,1.76,62555.0,100.0
Bermuda,BMU,2005,65.4470657898838,77628.103522508,99.9687271226264,,,78.874,1.782,62711.0,100.0
Bermuda,BMU,2006,69.8996551617012,97781.4558996721,99.9666444671626,,,78.87,1.79,62834.0,100.0
Bermuda,BMU,2007,74.3505940302669,107395.651483891,99.9645618116988,,,79.006,1.934,63010.0,100.0
Bermuda,BMU,2008,82.3,110268.562401264,99.962479156235,,,79.101,1.86,63300.0,100.0
Bermuda,BMU,2009,83.25,104711.712420357,99.9603965007712,,,79.229,1.853,63565.0,100.0
Bermuda,BMU,2010,84.21,104111.824244802,99.9583138453074,,,79.414,1.767,63725.0,100.0
Bermuda,BMU,2011,88.336,99049.0169927667,99.9562311898436,,,79.651,1.569,63733.0,100.0
Bermuda,BMU,2012,91.2993045243401,100213.493385287,99.9541485343798,,,79.847,1.528,63646.0,100.0
Bermuda,BMU,2013,95.3,101704.40746217,99.952065878916,,,80.016,1.522,63574.0,100.0
Bermuda,BMU,2014,96.8,100961.576602811,99.9499832234522,,,80.199,1.42,63529.0,100.0
Bermuda,BMU,2015,98.3236096537251,104855.366822135,99.9479005679884,,,80.338,1.44,63464.0,100.0
Bermuda,BMU,2016,98.0,108747.356144305,99.9458179125246,,,80.476,1.45,63449.0,100.0
Bermuda,BMU,2017,98.37,112339.425587467,99.9437352570609,,,80.686,1.419,63578.0,100.0
Bermuda,BMU,2018,,113204.82210838,99.9416526015971,,,80.986,1.374,63831.0,100.0
Bermuda,BMU,2019,,115798.040775578,99.9416526015971,,,81.251,1.383,64107.0,100.0
Bermuda,BMU,2020,,106976.546239632,99.9416526015971,,,81.456,1.451,64382.0,100.0
Bermuda,BMU,2021,,112765.08167306,99.9416526015971,,,81.745,1.389,64648.0,100.0
Bermuda,BMU,2022,,119969.173269085,99.9416526015971,,,82.062,1.397,64749.0,100.0
Bermuda,BMU,2023,,132961.760796315,99.9416526015971,,,82.309,1.401,64698.0,100.0
Bhutan,BTN,2000,0.40094444691941,771.924911410619,44.0519313998862,4.13867903,1.655,61.842,3.378,596863.0,27.5915239884015
Bhutan,BTN,2001,0.864628564215099,812.238210772056,44.4113711801723,4.60037947,1.9,63.323,3.188,610794.0,28.282501830034
Bhutan,BTN,2002,1.67580258375242,895.799489930972,46.6649669760176,3.95161104,1.854,63.984,3.012,624409.0,28.9630875013322
Bhutan,BTN,2003,2.43691239949767,1022.38240311018,48.8831966104405,3.83481455,1.8,64.662,2.865,637663.0,29.6328608739429
Bhutan,BTN,2004,3.15698419613711,1130.35934606796,51.0646518155056,4.26397753,2.49,65.29,2.781,650544.0,30.2914018195132
Bhutan,BTN,2005,3.847100019,1299.94938578359,53.1957068456674,3.83308983,3.1,65.875,2.726,661865.0,30.9379917831613
Bhutan,BTN,2006,4.518300056,1405.6071618158,55.1902160222257,4.08523893,3.13,66.499,2.66,670799.0,31.5664945864425
Bhutan,BTN,2007,5.92,1850.41570433398,57.1569433731048,3.83774948,3.7,67.152,2.589,678641.0,32.1738216649326
Bhutan,BTN,2008,6.55,1919.59774896395,59.0952861405735,3.14842224,3.848,67.733,2.481,686351.0,32.76371954591
Bhutan,BTN,2009,7.17,1918.39599211093,61.0391347142958,3.29665017,3.96,68.156,2.364,693988.0,33.3396804958817
Bhutan,BTN,2010,13.6,2435.5798056672,62.9550752421624,3.25758624,3.32,68.765,2.252,701632.0,33.9051967813552
Bhutan,BTN,2011,14.39999962,2787.97967608562,64.8429159627493,3.02062726,3.23,69.28,2.155,709377.0,34.4637606688377
Bhutan,BTN,2012,15.60000038,2751.2128864294,66.7004803420863,3.25988412,2.05,69.759,2.068,717279.0,35.0188644248365
Bhutan,BTN,2013,22.39999962,2679.95217201538,68.5280843950493,3.34862685,2.87,70.161,2.0,725273.0,35.5740003158589
Bhutan,BTN,2014,30.29999924,2849.49998647303,70.3262594115748,3.23226452,2.63,70.504,1.923,733139.0,36.1326606084122
Bhutan,BTN,2015,39.79999924,2954.04081911097,72.0956866215508,3.43653083,2.45,70.797,1.835,740618.0,36.6983375690037
Bhutan,BTN,2016,46.50320053,3152.30905106786,73.8369686889029,3.27756715,2.707,71.119,1.738,747866.0,37.2745234641407
Bhutan,BTN,2017,54.33549881,3435.28804735662,75.5507698570494,3.11215067,3.027,71.413,1.621,754335.0,37.8645544995016
Bhutan,BTN,2018,63.48680115,3400.20417245342,77.2378421749847,3.06896734,3.35,71.711,1.517,759759.0,38.4661892776975
Bhutan,BTN,2019,74.17939758,3576.87987100503,78.8989372535781,3.37511158,2.72,72.005,1.448,764824.0,39.0746823405146
Bhutan,BTN,2020,76.85079956,3191.66906999331,80.5347803811223,4.08451509,5.03,72.253,1.502,770006.0,39.6888839873439
Bhutan,BTN,2021,85.63688389,3570.61257980872,82.1461906791953,4.78581429,4.803,72.448,1.488,775442.0,40.3075199874379
Bhutan,BTN,2022,88.35620117,3711.32767981591,83.7339782184806,3.91757464,5.947,72.754,1.478,780914.0,40.9365143617581
Bhutan,BTN,2023,90.02140045,3831.32535564326,85.2990010822165,4.41551638,3.126,72.975,1.462,786385.0,41.7352457989939
Bolivia,BOL,2000,1.4427635847914,975.777060358751,34.9158555656195,4.39554119,2.439,62.057,3.991,8606326.0,61.8587201575591
Bolivia,BOL,2001,2.1204625341365,930.168227214313,36.1069276710251,4.82522202,2.623,62.538,3.89,8752736.0,62.3374810379005
Bolivia,BOL,2002,3.11719294696997,888.221328974352,37.2788771085079,4.89645052,2.603,63.068,3.802,8900355.0,62.8187632085055
Bolivia,BOL,2003,3.50859640072336,893.013760211149,38.442320447364,5.19709635,2.654,63.455,3.721,9050700.0,63.2918711090474
Bolivia,BOL,2004,4.43992460120042,953.191893246277,39.6007187610011,4.86315727,2.615,63.819,3.633,9204287.0,63.7564671612252
Bolivia,BOL,2005,5.22758395663196,1020.12326200737,40.7534588124944,5.07408142,2.598,64.182,3.558,9360754.0,64.2133062205259
Bolivia,BOL,2006,6.20067125473576,1202.71150446327,41.9015542609366,4.66087532,2.575,64.529,3.533,9521689.0,64.6631431424362
Bolivia,BOL,2007,10.49919987,1354.54905949929,43.4810447232478,4.6968894,2.614,64.939,3.447,9685960.0,65.1067327824433
Bolivia,BOL,2008,12.5,1692.67248455876,45.0792272443347,4.60677242,2.603,65.299,3.364,9850858.0,65.5448299960338
Bolivia,BOL,2009,16.79999924,1731.18172112209,46.6950103282874,5.17444515,2.973,65.656,3.287,10016275.0,65.9781896386949
Bolivia,BOL,2010,22.39999962,1929.78373077158,48.3285858519966,5.20230532,2.609,66.003,3.213,10182345.0,66.4075665659133
Bolivia,BOL,2011,30.0,2315.52121930607,49.9801309822713,5.17306805,2.255,66.282,3.143,10348929.0,66.833715633176
Bolivia,BOL,2012,35.34,2575.59857098084,51.6491998600636,5.2539444,2.066,66.586,3.076,10515807.0,67.2581444827699
Bolivia,BOL,2013,36.99,2870.02377000756,53.3191514172046,5.57465124,2.437,66.777,3.01,10682608.0,67.6697055519889
Bolivia,BOL,2014,34.6016202324676,3041.43503162408,54.9966309177459,5.89613628,2.021,66.97,2.947,10848888.0,68.037425413
Bolivia,BOL,2015,37.4868176324391,2996.01289811344,56.6920160774471,6.55064964,3.111,67.205,2.886,11014705.0,68.3958051297665
Bolivia,BOL,2016,39.69749832,3035.87347732132,58.4055072099322,6.83333063,3.498,67.392,2.829,11180020.0,68.7446327876947
Bolivia,BOL,2017,43.83229828,4048.40119739839,60.1364043539165,6.4901948,3.655,67.536,2.777,11344587.0,69.0838016274736
Bolivia,BOL,2018,44.2861422024283,4206.8552936661,61.8863758501478,6.60399437,3.519,67.699,2.73,11508368.0,69.4133879813999
Bolivia,BOL,2019,47.4748191121692,4203.15492855788,63.6552770936558,6.88792992,3.682,67.82,2.688,11671386.0,69.7334986708387
Bolivia,BOL,2020,59.94010155,3580.96761778303,65.4426819747995,8.0225811,7.903,62.906,2.651,11816299.0,70.0442635528254
Bolivia,BOL,2021,65.9773785,4010.76053686204,67.2484529429256,8.16016769,5.089,61.427,2.618,11937360.0,70.3450412826165
Bolivia,BOL,2022,72.62270355,4219.46113742445,69.0727323107113,7.15933084,3.552,67.434,2.584,12077154.0,70.6352598708131
Bolivia,BOL,2023,77.30039978,4274.70820547613,70.4335419312464,6.91864729,3.024,68.581,2.547,12244159.0,70.9151414044538
Bosnia and Herzegovina,BIH,2000,1.08296074971207,1338.48059636261,95.0784435393171,7.96239424,25.446,75.292,1.282,4159771.0,42.5539898606589
Bosnia and Herzegovina,BIH,2001,1.20052695129649,1387.89362942121,95.0879638199528,7.5734477,26.485,75.573,1.23,4179438.0,42.8761478375679
Bosnia and Herzegovina,BIH,2002,2.64826791361244,1606.5467454132,95.0981431878974,7.39934349,27.477,75.994,1.231,4188002.0,43.1975585685863
Bosnia and Herzegovina,BIH,2003,3.96503683387051,2033.94700935864,95.1088597606974,8.28056145,28.424,76.449,1.219,4178523.0,43.5181993184523
Bosnia and Herzegovina,BIH,2004,15.4689716227665,2452.6860917386,95.1202453648273,9.06270218,29.279,76.489,1.221,4140987.0,43.8380473519042
Bosnia and Herzegovina,BIH,2005,21.3267010007738,2739.61076866057,95.1357940491604,8.82041836,30.218,76.424,1.203,4096493.0,44.1570799336802
Bosnia and Herzegovina,BIH,2006,25.1223856852117,3166.12865344833,95.1516329661408,8.88362694,31.11,76.028,1.18,4063272.0,44.4752743285185
Bosnia and Herzegovina,BIH,2007,27.92,3931.48948737505,95.1678945136016,9.25501442,28.984,76.162,1.19,4013424.0,44.7926078011574
Bosnia and Herzegovina,BIH,2008,34.66,4841.69311934649,95.1844586275953,9.48630238,23.405,76.3,1.21,3947544.0,45.1090576163352
Bosnia and Herzegovina,BIH,2009,37.74,4539.91863774968,95.20132167847,9.0152092,24.068,76.701,1.267,3879794.0,45.4246010387901
Bosnia and Herzegovina,BIH,2010,42.75,4506.47828548389,95.2184837600235,9.01212692,27.312,76.827,1.26,3811472.0,45.7392153332604
Bosnia and Herzegovina,BIH,2011,43.88769913,4982.69375768263,95.2360155321308,9.1712122,27.582,76.963,1.209,3741798.0,46.0528777644843
Bosnia and Herzegovina,BIH,2012,45.0644989,4693.78899115381,95.2539082676635,9.4791584,28.01,77.037,1.252,3670113.0,46.3655655972
Bosnia and Herzegovina,BIH,2013,48.52130127,5034.56634817068,95.2720361490621,9.43616295,27.49,77.129,1.278,3610859.0,46.6954224739896
Bosnia and Herzegovina,BIH,2014,49.91770172,5206.06573475132,95.2905317745254,9.4710331,27.517,77.089,1.262,3564829.0,47.130783484831
Bosnia and Herzegovina,BIH,2015,52.59999847,4662.25869219448,95.3129339341419,9.24086571,27.695,77.073,1.322,3518541.0,47.5711645087011
Bosnia and Herzegovina,BIH,2016,60.2565354318987,4928.5665903114,95.3361467691692,9.13943481,25.408,77.124,1.36,3473003.0,48.0248845752382
Bosnia and Herzegovina,BIH,2017,64.8920205128383,5345.01978766473,95.360235583008,8.81797314,20.527,77.385,1.419,3428682.0,48.4918401819106
Bosnia and Herzegovina,BIH,2018,70.1201350394885,6047.84707207392,95.3850620124746,8.76100445,18.4,77.942,1.504,3387000.0,48.971927825824
Bosnia and Herzegovina,BIH,2019,69.9463476317266,6122.37541352353,,8.92544365,15.692,77.394,1.509,3345533.0,49.4650440037758
Bosnia and Herzegovina,BIH,2020,73.21175294,6130.31187968266,,9.70311832,15.868,76.04,1.515,3299349.0,49.9710852122997
Bosnia and Herzegovina,BIH,2021,75.67620138,7295.34378682258,,9.55514336,14.897,74.567,1.49,3244907.0,50.4899479477034
Bosnia and Herzegovina,BIH,2022,78.8455371,7655.59421024383,,8.71644783,12.657,76.777,1.481,3204802.0,51.0215287060993
Bosnia and Herzegovina,BIH,2023,83.3771539,8663.02326458629,,8.9216938,10.668,77.85,1.486,3185073.0,51.5657239834305
Botswana,BWA,2000,2.90266662177209,3450.81180622992,53.7395555164228,6.10838556,15.88,52.263,3.294,1677382.0,53.2047727398794
Botswana,BWA,2001,3.43088678702599,3206.07123689853,54.7451404334018,6.3660779,18.54,52.21,3.248,1712254.0,54.0489894446035
Botswana,BWA,2002,3.38592235064273,3117.25087183011,55.6040876882088,6.66529799,21.277,52.373,3.175,1744763.0,55.0142988603802
Botswana,BWA,2003,3.3451901740614,4230.12326909926,56.4322629301627,6.40933847,23.8,52.851,3.106,1775736.0,56.0979233496432
Botswana,BWA,2004,3.30488925316113,4956.69287735214,57.2488048403831,6.09125996,21.755,53.573,3.063,1807146.0,57.2582489329358
Botswana,BWA,2005,3.262599945,5391.07076619634,58.0524375220249,5.26532936,19.852,54.386,3.082,1839877.0,58.4535554684584
Botswana,BWA,2006,4.28993297515968,5291.58379144849,58.8441205990319,4.87599421,17.782,55.112,3.114,1874516.0,59.6421228144112
Botswana,BWA,2007,5.28,5529.12574632532,59.9949103231663,5.52080727,16.976,56.735,3.127,1911201.0,60.7822308289942
Botswana,BWA,2008,6.25,5503.07395314313,61.1111581446206,5.89747286,16.293,57.661,3.131,1949970.0,61.8321593704079
Botswana,BWA,2009,6.150000095,5082.93388332404,62.1889472021203,6.62081194,16.169,58.297,3.133,1990673.0,62.7501882968523
Botswana,BWA,2010,6.0,6215.73216077919,63.2298770256248,6.26718187,17.86,59.137,3.135,2033111.0,63.4945974665277
Botswana,BWA,2011,9.0,7287.38295334919,64.2325786938522,5.86915016,18.049,59.715,3.103,2073535.0,64.0187810722889
Botswana,BWA,2012,16.0,6595.53845015424,65.037275052661,6.35010576,17.916,60.384,3.07,2108617.0,64.3993247826904
Botswana,BWA,2013,30.0,6666.91219583487,65.7908304969597,6.49913645,18.167,61.217,3.045,2140682.0,64.7579735458393
Botswana,BWA,2014,36.74474744423,7122.36423421503,66.5214936855642,5.8804059,18.484,62.167,3.027,2172044.0,65.0965122400825
Botswana,BWA,2015,38.89379883,6141.20394726616,67.2288878869323,6.10287762,18.915,63.215,3.008,2203273.0,65.4103584313295
Botswana,BWA,2016,41.16859818,6749.05994339013,67.9129615984092,5.76837635,19.328,64.32,2.99,2234776.0,65.6949296854899
Botswana,BWA,2017,43.57640076,7104.96401088027,68.5731443566445,6.62986994,19.671,65.42,2.969,2266747.0,65.9456435684731
Botswana,BWA,2018,46.12509918,7407.95940141786,69.2069921595304,6.04010344,19.665,66.371,2.941,2299141.0,66.1579176461888
Botswana,BWA,2019,48.82279968,7172.08956480028,69.8150599678289,6.12193203,20.094,67.167,2.906,2332083.0,66.3271694845464
Botswana,BWA,2020,51.67819977,6323.2974967659,70.3974291175514,6.1213398,21.017,67.643,2.861,2365894.0,66.4488166494554
Botswana,BWA,2021,54.70069885,7807.88794570471,70.9542350453954,6.30315065,23.106,63.303,2.827,2401441.0,66.5182767068255
Botswana,BWA,2022,57.9,8328.7090572666,71.4864919930582,5.73650789,23.615,68.749,2.785,2439892.0,66.5889787170477
Botswana,BWA,2023,,7827.30027960734,71.9941392506475,6.25574684,23.381,69.163,2.732,2480244.0,67.0212655349864
Brazil,BRA,2000,2.87068515854108,3766.54811466032,73.3661541884085,8.33457184,10.889,69.584,2.247,174018282.0,81.1484365423806
Brazil,BRA,2001,4.52849486902851,3176.28935747524,74.2359273551558,8.54963303,10.649,69.98,2.162,176301203.0,81.5960450621957
Brazil,BRA,2002,9.14942508560748,2855.94018885769,75.086752161079,8.69686985,10.641,70.396,2.081,178503484.0,81.9943491502673
Brazil,BRA,2003,13.2075861035303,3090.6070097455,75.9322033943991,8.18899441,11.168,70.884,2.006,180622688.0,82.3540335841671
Brazil,BRA,2004,19.073672274442,3663.823188064,76.7719281688316,8.12491989,10.072,71.361,1.973,182675143.0,82.6816824814559
Brazil,BRA,2005,21.022747248827,4827.78173074714,77.6060442876745,8.03539562,10.551,71.832,1.942,184688101.0,82.9838799596945
Brazil,BRA,2006,28.17840004,5934.14470924968,78.4350490232115,8.24952507,9.692,72.296,1.896,186653106.0,83.2672101364439
Brazil,BRA,2007,30.87999916,7409.69130673473,79.2590292856141,8.20182991,9.28,72.73,1.854,188552320.0,83.5382571292649
Brazil,BRA,2008,33.83,8908.33176538648,80.0780747503367,8.01128483,8.268,73.111,1.815,190367302.0,83.8036050557184
Brazil,BRA,2009,39.22,8678.6592244676,80.8914821354002,8.39480495,9.419,73.457,1.799,192079951.0,84.0698380333651
Brazil,BRA,2010,40.65,11403.2821278747,81.7001428038359,7.94516611,8.42,73.779,1.786,193701929.0,84.343846036308
Brazil,BRA,2011,45.69,13396.6243562986,82.5075308980562,7.78819132,7.578,74.047,1.777,195284734.0,84.6225758599683
Brazil,BRA,2012,48.56,12521.7213519966,83.3102185091362,7.73637724,7.251,74.335,1.766,196876111.0,84.8973874181312
Brazil,BRA,2013,51.04,12458.8912138813,84.1075664930758,7.9766016,7.071,74.609,1.761,198478299.0,85.1676585442726
Brazil,BRA,2014,54.5510018796392,12274.9939689363,84.9007604089727,8.39644146,6.755,74.823,1.775,200085127.0,85.4331367898168
Brazil,BRA,2015,58.3279517340924,8936.19661712113,85.6891694067484,8.90929985,8.538,75.106,1.777,201675532.0,85.6935697061881
Brazil,BRA,2016,60.8725400681261,8836.28652735657,86.4725409994878,9.16901684,11.58,75.081,1.727,203218114.0,85.9487048448108
Brazil,BRA,2017,67.4712845236305,10080.5092819305,87.2513460581389,9.47125053,12.792,75.383,1.74,204703445.0,86.1982897571091
Brazil,BRA,2018,70.4342825404361,9300.66164923219,88.0250303307035,9.46475029,12.329,75.633,1.744,206107261.0,86.4420719945072
Brazil,BRA,2019,73.9124399133589,9029.83326681073,88.7943635272571,9.61449146,11.936,75.809,1.705,207455459.0,86.6797991084296
Brazil,BRA,2020,81.34269353,7074.19378337644,89.5591441286736,9.62326527,13.697,74.506,1.653,208660842.0,86.9112186503004
Brazil,BRA,2021,80.68989314,7972.5366498646,90.3198016289812,9.63646507,13.158,73.038,1.638,209550294.0,87.1360781715439
Brazil,BRA,2022,80.52775094,9281.33334441234,91.0196550646128,9.38739491,9.231,74.872,1.629,210306415.0,87.349556243881
Brazil,BRA,2023,84.15060238,10377.5892792557,91.7128476214348,9.73092747,7.947,75.848,1.619,211140729.0,87.6159710235763
British Virgin Islands,VGB,2000,,,96.7851983961345,,,74.753,1.839,20241.0,41.9814254086647
British Virgin Islands,VGB,2001,,,96.791263486763,,,74.831,1.517,20796.0,42.0235454180552
British Virgin Islands,VGB,2002,18.8857412653447,,96.7973285773916,,,74.971,1.247,21430.0,42.4409178875828
British Virgin Islands,VGB,2003,,,96.8033936680201,,,75.183,1.309,22134.0,42.8526082333374
British Virgin Islands,VGB,2004,,,96.8094587586486,,,75.404,1.5,22881.0,43.2860433292828
British Virgin Islands,VGB,2005,,,96.8155238492771,,,75.569,1.34,23665.0,43.741214134139
British Virgin Islands,VGB,2006,,,96.8215889399056,,,75.745,1.234,24493.0,44.2181116035727
British Virgin Islands,VGB,2007,,,96.8276540305341,,,75.893,1.312,25366.0,44.7167266908574
British Virgin Islands,VGB,2008,,,96.8337191211627,,,76.07,1.272,26288.0,45.2370503473687
British Virgin Islands,VGB,2009,36.0,,96.8397842117912,,,76.205,1.23,27218.0,45.7790735229619
British Virgin Islands,VGB,2010,37.0,,96.8458493024197,,,76.289,1.183,27675.0,46.3427871662626
British Virgin Islands,VGB,2011,37.4,,96.8519143930482,,,76.363,1.268,28710.0,46.9281822248936
British Virgin Islands,VGB,2012,37.6,,96.8579794836767,,,76.433,1.103,30345.0,47.5352496456526
British Virgin Islands,VGB,2013,,,96.8579794836767,,,76.472,1.086,31703.0,48.1639803746541
British Virgin Islands,VGB,2014,,,96.8579794836767,,,76.527,1.235,32962.0,48.8143653574427
British Virgin Islands,VGB,2015,,,96.8579794836767,,,76.558,1.186,34498.0,49.4863955390847
British Virgin Islands,VGB,2016,77.7014296797074,,96.8579794836767,,,76.624,0.987,33878.0,50.1800618642422
British Virgin Islands,VGB,2017,77.7042682926829,,,,,75.67,0.873,32699.0,50.8953552772346
British Virgin Islands,VGB,2018,,,,,,76.728,0.905,34657.0,51.6322667220883
British Virgin Islands,VGB,2019,,,,,,76.845,0.941,36395.0,52.3907871425786
British Virgin Islands,VGB,2020,,,,,,76.894,0.975,37135.0,53.1709074822645
British Virgin Islands,VGB,2021,,,,,,75.297,0.999,37809.0,53.972618684518
British Virgin Islands,VGB,2022,,,,,,77.177,1.025,38319.0,54.795911692548
British Virgin Islands,VGB,2023,,,,,,77.276,1.045,38985.0,55.6407774494219
Brunei Darussalam,BRN,2000,8.99628453448726,20130.2572346624,72.7148465774726,2.5479064,5.53,74.017,2.398,326424.0,71.2246805488418
Brunei Darussalam,BRN,2001,12.9177690823013,18287.8272281914,73.9314819787646,2.5465107,5.558,74.209,2.337,333345.0,71.657883335906
Brunei Darussalam,BRN,2002,15.329879855735,18621.2922577525,75.1481173800566,2.53447938,5.652,74.365,2.264,340099.0,72.1021556496525
Brunei Darussalam,BRN,2003,19.5950032207342,20677.9001143188,76.3647527813482,2.60260582,5.743,74.509,2.185,346637.0,72.577635652792
Brunei Darussalam,BRN,2004,29.7156041447864,24423.0946995548,77.5813881826402,2.55193377,5.847,74.603,2.104,352911.0,73.0675067339261
Brunei Darussalam,BRN,2005,36.4663919475782,29386.2703822862,78.7980235839323,2.23386168,5.973,74.683,2.024,358916.0,73.552870858133
Brunei Darussalam,BRN,2006,42.1863491609307,34674.7995236452,80.0146589852238,1.9072516,6.061,74.753,1.969,364663.0,74.0148299904911
Brunei Darussalam,BRN,2007,44.68,36217.3290706015,81.2312943865159,1.94145441,6.187,74.793,1.933,370873.0,74.4344860960786
Brunei Darussalam,BRN,2008,46.0,42156.5685838672,82.4479297878079,1.87612021,6.312,74.814,1.918,377793.0,74.7929411399737
Brunei Darussalam,BRN,2009,49.0,30946.4673773828,83.6645651890999,2.39306617,6.457,74.814,1.921,384952.0,75.0712970872547
Brunei Darussalam,BRN,2010,53.0,34937.5555357155,84.8812005903915,2.27826095,6.487,74.82,1.937,392332.0,75.2506559029998
Brunei Darussalam,BRN,2011,56.0,46382.8274255349,86.0978359916835,1.86409724,6.506,74.835,1.957,399389.0,75.312125504778
Brunei Darussalam,BRN,2012,60.27310181,46968.5971164922,87.3144713929755,1.85097206,6.571,74.843,1.973,405557.0,75.2714233503027
Brunei Darussalam,BRN,2013,64.5,44003.0644273461,88.5311067942671,1.898314,6.709,74.854,1.978,411202.0,75.1756915148608
Brunei Darussalam,BRN,2014,68.76999664,41026.5084247957,89.7477421955591,1.91436803,6.862,74.862,1.969,416750.0,75.0572639801502
Brunei Darussalam,BRN,2015,71.19999695,30625.1287744656,90.9643775968511,2.38708901,7.703,74.88,1.947,422212.0,74.9484620568562
Brunei Darussalam,BRN,2016,90.0,26663.2972950602,92.1810129981427,2.54828691,8.537,74.905,1.915,427564.0,74.8816070556641
Brunei Darussalam,BRN,2017,94.86669922,28024.3824580252,93.3976483994347,2.27022862,9.316,74.943,1.881,432772.0,74.8476440654983
Brunei Darussalam,BRN,2018,95.0,30988.1190267227,94.6142838007268,2.41600895,8.7,74.992,1.848,437810.0,74.8172471714305
Brunei Darussalam,BRN,2019,95.0,30426.5730656528,95.8309192020188,2.23100758,6.6,75.049,1.819,442680.0,74.7923311783673
Brunei Darussalam,BRN,2020,96.30549622,26834.3592233943,97.0475546033103,2.45359564,7.409,75.114,1.796,447404.0,74.7748108912151
Brunei Darussalam,BRN,2021,97.62879944,31006.9636289785,98.2641900046024,2.14748693,4.905,74.869,1.778,451721.0,74.7667316936175
Brunei Darussalam,BRN,2022,98.97042579,36632.9280952155,99.4808254058944,1.77042186,5.191,72.917,1.764,455370.0,74.7772642014221
Brunei Darussalam,BRN,2023,98.97039795,32890.5491812019,100.0,2.2286067,5.296,75.327,1.747,458949.0,74.8199193881365
Bulgaria,BGR,2000,5.37092346908696,1621.3452487867,85.8270758424306,5.82970953,16.218,71.6634146341463,1.26,8170172.0,68.2631454467773
Bulgaria,BGR,2001,7.6122977487982,1770.99748249575,85.8352608493331,6.85958815,19.921,71.7682926829268,1.21,8009142.0,69.196711983564
Bulgaria,BGR,2002,9.08,2093.08967660564,85.8462388142112,7.0809865,18.11,71.8658536585366,1.23,7837161.0,69.4859161376953
Bulgaria,BGR,2003,12.04,2719.63335037372,85.8571204076455,7.19987392,13.733,72.0658536585366,1.26,7775327.0,69.7808456420898
Bulgaria,BGR,2004,18.13,3389.86047992391,85.8679758462279,6.89090872,12.037,72.5634146341463,1.33,7716860.0,69.9193344116211
Bulgaria,BGR,2005,19.97,3900.02501966492,85.8787353292987,6.89011478,10.083,72.5609756097561,1.37,7658972.0,70.0869598388672
Bulgaria,BGR,2006,27.09,4523.37797301782,85.8894058121124,6.52544546,8.951,72.6121951219512,1.44,7601022.0,70.5075225830078
Bulgaria,BGR,2007,33.64,5888.87094585161,85.9000132510858,6.15651751,6.878,72.6634146341463,1.49,7545338.0,70.6844177246094
Bulgaria,BGR,2008,39.67,7271.67443724077,85.9105606214377,6.28281593,5.609,72.9634146341463,1.56,7492561.0,70.902099609375
Bulgaria,BGR,2009,45.0,6988.63048446496,85.921008483856,6.59577608,6.817,73.4121951219512,1.66,7444443.0,71.3017349243164
Bulgaria,BGR,2010,46.23,6854.2987837778,85.9314028069197,7.09477949,10.279,73.5121951219512,1.57,7395599.0,71.5149307250977
Bulgaria,BGR,2011,47.9799930506026,7849.98219737366,85.9417067262651,7.10250568,11.26,74.1634146341463,1.51,7348328.0,72.6101653885532
Bulgaria,BGR,2012,51.8999876658503,7432.33753378983,85.9520368037234,7.53903675,12.27,74.3146341463415,1.5,7305888.0,72.7684860229492
Bulgaria,BGR,2013,53.0615,7796.37945241455,85.9623980621807,7.14167452,12.941,74.8609756097561,1.54,7160005.0,72.9632821572019
Bulgaria,BGR,2014,55.4903766299262,8070.01289303544,85.9727585294745,7.68306208,11.424,74.4658536585366,1.62,7073572.0,73.0844879150391
Bulgaria,BGR,2015,56.6562516053086,7269.02586513711,85.9831554868043,7.39363575,9.143,74.6146341463415,1.64,6984225.0,73.1030578613281
Bulgaria,BGR,2016,59.825547661014,7822.89886431732,85.9935449985972,7.45975018,7.575,74.8121951219512,1.67,6894139.0,73.1750030517578
Bulgaria,BGR,2017,63.4101013837926,8697.13373333715,86.0039712709355,7.49624491,6.164,74.8146341463415,1.71,6803468.0,73.3904571533203
Bulgaria,BGR,2018,64.78201069118,9849.88769989118,86.0143608416048,7.34086275,5.211,74.9634146341464,1.73,6710798.0,73.600212097168
Bulgaria,BGR,2019,67.9469809417603,10354.2500414088,86.0247532488828,7.11813641,4.148,75.1121951219512,1.79,6616726.0,73.7162322998047
Bulgaria,BGR,2020,70.16248359,10760.7616180234,86.0351484540034,8.44060898,5.037,73.3560975609756,1.77,6550696.0,73.3239898681641
Bulgaria,BGR,2021,75.27144583,12966.8085197381,86.0455390086067,8.58048916,5.166,71.2121951219512,1.8,6507301.0,73.346765618041
Bulgaria,BGR,2022,79.12686326,13999.9113358453,86.0559026317979,7.63849449,4.148,74.1609756097561,1.78,6465097.0,73.4799164005224
Bulgaria,BGR,2023,80.38956462,15854.0192893772,86.0662621462475,7.91853094,4.319,75.7560975609756,1.81,6446596.0,73.7322671584613
Burkina Faso,BFA,2000,0.0770801689426014,248.908526921752,8.8416258208353,4.0211668,2.687,50.808,6.519,11925546.0,18.0003503329444
Burkina Faso,BFA,2001,0.157732464653607,259.485223380436,9.13087025476494,3.95983911,2.748,51.188,6.431,12295001.0,18.8591452143893
Burkina Faso,BFA,2002,0.200992597925001,285.654087637533,10.0598427351821,4.17985535,2.862,51.447,6.339,12680897.0,19.725053583448
Burkina Faso,BFA,2003,0.373440303233526,362.373899996953,11.0080883489168,4.42266035,2.78,51.959,6.28,13082532.0,20.563327262892
Burkina Faso,BFA,2004,0.400295285492178,403.81283743461,11.9759949734472,5.23083639,3.48,52.6,6.216,13500533.0,21.3392180754924
Burkina Faso,BFA,2005,0.469900012,441.164148016012,12.9610876994314,4.83784914,4.0,53.271,6.182,13932123.0,22.0179778440204
Burkina Faso,BFA,2006,0.632700026,455.513655620024,13.9636797865369,5.17043304,3.67,53.784,6.17,14373707.0,22.5528306908743
Burkina Faso,BFA,2007,0.75,514.684451177238,14.9188541884319,5.77535009,3.3,54.377,6.11,14816307.0,22.9741760828193
Burkina Faso,BFA,2008,0.920000017,619.437533256264,15.8385590424802,4.96721601,3.501,55.199,6.05,15258093.0,23.3633747838557
Burkina Faso,BFA,2009,1.129999995,601.569520671859,16.7713190117343,5.19683933,3.723,55.791,5.992,15710066.0,23.7452325601116
Burkina Faso,BFA,2010,2.400000095,624.957252224766,17.717348101652,5.28967237,3.725,56.343,5.936,16176498.0,24.115092498158
Burkina Faso,BFA,2011,3.0,725.024767725475,18.6760821491649,4.64868164,3.827,57.001,5.869,16661908.0,24.4682976845657
Burkina Faso,BFA,2012,3.724999905,731.470138867833,19.6465931645733,4.60267258,3.849,57.457,5.793,17172287.0,24.8001912059054
Burkina Faso,BFA,2013,5.0,759.762065168498,20.6283173579476,5.56331587,4.054,57.903,5.697,17695409.0,25.106116148748
Burkina Faso,BFA,2014,6.0,764.861675106225,21.6210077487698,5.00027227,4.255,58.331,5.595,18229461.0,25.3814155996643
Burkina Faso,BFA,2015,6.545700073,630.124750752312,22.623723352134,5.13192415,4.472,58.778,5.478,18777487.0,25.621432645225
Burkina Faso,BFA,2016,7.140999794,663.742364842886,23.6358671659231,5.95284653,4.598,59.173,5.331,19334856.0,25.821510372001
Burkina Faso,BFA,2017,7.790400028,709.091535894695,24.6558918981723,6.12075186,4.662,59.578,5.17,19894407.0,25.9769918665632
Burkina Faso,BFA,2018,8.498900414,777.465618514048,25.6835548762607,4.94427681,4.695,59.972,4.921,20438288.0,26.0832202154822
Burkina Faso,BFA,2019,9.27180600953186,764.853077774946,26.7185691114763,5.35001135,4.493,60.184,4.681,20961952.0,26.1187254401157
Burkina Faso,BFA,2020,12.97319984,825.237038782475,27.7597483878875,6.89469957,4.59,60.454,4.44,21478690.0,26.3578373628627
Burkina Faso,BFA,2021,18.1522007,895.535288442991,28.8068022658045,7.08691931,4.511,60.046,4.361,21995243.0,26.8114307743017
Burkina Faso,BFA,2022,25.3987999,827.330843486661,29.8585926182987,7.41435528,3.828,60.7,4.275,22509038.0,27.2791369742712
Burkina Faso,BFA,2023,25.36120033,873.198061670247,30.9150753845811,7.79943228,3.601,61.092,4.186,23025776.0,27.7872478365158
Burundi,BDI,2000,0.077248447383456,134.537861752389,45.8832028889367,4.22181606,3.137,47.617,6.872,6470194.0,8.04381449833197
Burundi,BDI,2001,0.106001245363203,132.159554541932,45.9762261657477,5.68180418,3.154,48.509,6.849,6634365.0,8.24107308668089
Burundi,BDI,2002,0.118228412267794,120.952308575468,46.0714530473161,5.34983587,3.168,49.924,6.819,6824132.0,8.45108277415092
Burundi,BDI,2003,0.201273196735924,111.406682804391,46.1690271798233,5.27245188,3.145,50.997,6.785,7043154.0,8.67614339385788
Burundi,BDI,2004,0.349060461879596,125.194965184533,46.0744530371063,7.09572744,3.177,52.217,6.746,7310656.0,8.9185547789176
Burundi,BDI,2005,0.542100012,147.234619294225,45.9780778470214,7.56016588,3.162,53.053,6.708,7587299.0,9.1806167624459
Burundi,BDI,2006,0.657599986,161.892755640319,45.8797490696037,8.71264839,3.185,53.962,6.659,7865547.0,9.4646291775586
Burundi,BDI,2007,0.7,166.162744906755,45.7793823625363,9.1855402,2.404,54.832,6.588,8161874.0,9.77289185737152
Burundi,BDI,2008,0.81,189.502074570768,45.6767816936833,7.74147511,1.634,55.581,6.515,8505637.0,10.1064353383035
Burundi,BDI,2009,0.899999976,198.431524048225,45.5719158266356,9.23238468,1.622,56.422,6.409,8947646.0,10.4979900434482
Burundi,BDI,2010,1.0,216.727705301976,45.4645083129414,11.28196716,1.615,57.088,6.26,9376444.0,10.9843097335487
Burundi,BDI,2011,1.110000014,230.069761381132,45.354450786345,10.06996346,1.602,57.804,6.108,9717978.0,11.5616652230006
Burundi,BDI,2012,1.220000029,231.098787811507,45.2416177840798,8.63756466,1.593,58.501,5.991,10071028.0,12.2244596804615
Burundi,BDI,2013,1.2642181112,234.844770150871,45.125751746761,8.62834644,1.584,59.179,5.889,10439341.0,12.9670962745892
Burundi,BDI,2014,1.04239212643994,250.544492155185,45.0067757440714,7.21081543,1.572,59.764,5.794,10799785.0,13.7839781740413
Burundi,BDI,2015,2.0,254.402585226788,44.8844503584829,6.29044485,1.449,60.107,5.695,11047580.0,14.6695085474754
Burundi,BDI,2016,2.200000048,232.937812100153,44.7585847024572,7.06148243,1.352,60.789,5.587,11239451.0,15.6180905635494
Burundi,BDI,2017,2.6607485347534,246.060725714184,44.6289841238283,6.95230389,1.25,61.345,5.481,11506762.0,16.6241273909209
Burundi,BDI,2018,4.019499779,245.661678332009,44.4954380894811,7.29396152,1.147,61.806,5.38,11859446.0,17.6820221982475
Burundi,BDI,2019,6.072199821,234.31061590725,44.3577388229315,9.05940628,1.043,62.18,5.271,12255336.0,18.786178154187
Burundi,BDI,2020,6.430099964,252.702452750006,44.4548070620661,10.70776176,1.03,62.569,5.177,12617036.0,19.9309984273971
Burundi,BDI,2021,6.777999878,264.172844085398,44.5545225988873,8.94190311,1.118,62.101,5.078,12965481.0,21.1108861865354
Burundi,BDI,2022,7.144800186,301.832255755105,44.6569603684061,8.6687746,0.909,62.882,4.98,13321097.0,22.3202446002597
Burundi,BDI,2023,7.172299862,249.795164039029,44.6456125902738,9.09471226,0.911,63.651,4.878,13689450.0,23.5534768372276
Cabo Verde,CPV,2000,1.82244385164396,1189.51479345891,36.827954010232,3.86025023,13.024,68.117,3.545,453317.0,53.9332149202283
Cabo Verde,CPV,2001,2.68533271272311,1223.33055331575,39.1910554393962,3.69652915,13.242,68.707,3.366,460293.0,54.7762172320995
Cabo Verde,CPV,2002,3.5187571749658,1328.57874270666,41.5375071985025,3.72489762,13.379,69.447,3.192,467046.0,55.5703407979481
Cabo Verde,CPV,2003,4.32488539053715,1717.97565369655,43.8664094982459,3.6274426,13.604,70.006,3.033,473383.0,56.3297071979641
Cabo Verde,CPV,2004,5.31883206957883,1929.49081468781,46.1784728572733,3.54616308,13.456,70.499,2.9,479370.0,57.0677167011018
Cabo Verde,CPV,2005,6.07408710659813,2004.14680417563,48.4726022548582,3.34086585,13.439,70.936,2.726,485115.0,57.7977695763157
Cabo Verde,CPV,2006,6.80891100753313,2256.99666191075,50.7498010778296,3.82406759,13.378,71.341,2.555,490728.0,58.5332660925599
Cabo Verde,CPV,2007,8.28321981953034,3324.57675212498,53.0093493269466,3.84218621,13.294,71.487,2.409,496190.0,59.287606518789
Cabo Verde,CPV,2008,14.0,3908.64885822576,55.2521980462488,3.26951575,13.307,71.888,2.298,501355.0,60.0741911239572
Cabo Verde,CPV,2009,21.0,3659.72046361628,57.4769284411617,3.55867004,13.517,72.142,2.246,506141.0,60.906420177019
Cabo Verde,CPV,2010,30.0,3579.46006137809,59.6818514080991,4.08085394,10.67,72.507,2.329,509784.0,61.7974262732302
Cabo Verde,CPV,2011,32.0,4002.01386888785,61.8006547143134,3.92527819,10.956,72.913,2.329,511447.0,62.7419929036884
Cabo Verde,CPV,2012,34.74,3736.81517011087,63.9530735782999,4.6740551,11.145,73.315,2.153,511955.0,63.7260454520996
Cabo Verde,CPV,2013,37.5,3960.97596791345,66.0992428842147,4.82468271,11.398,73.481,2.067,512225.0,64.7486207521826
Cabo Verde,CPV,2014,40.25999832,3985.60706548134,68.2388818808702,4.85231543,11.689,73.788,2.031,512326.0,65.8085112712742
Cabo Verde,CPV,2015,42.6830141582781,3415.06266730931,70.3717073692285,4.40073681,11.923,74.096,1.968,512394.0,66.9045094767116
Cabo Verde,CPV,2016,50.3228178676892,3608.96605234906,72.496932762021,4.36134005,12.085,74.35,1.966,512554.0,68.0354078358316
Cabo Verde,CPV,2017,57.1621463484891,3893.09571382506,74.6142580571751,4.48070955,12.24,74.71,1.93,512893.0,69.1999988159713
Cabo Verde,CPV,2018,59.5,4294.96510035729,76.7237249815456,4.78548193,12.17,74.84,1.804,513415.0,70.3970748844677
Cabo Verde,CPV,2019,61.9433977593088,4380.78117331128,78.8249549430518,4.82431316,12.123,75.449,1.698,514104.0,71.6254285086577
Cabo Verde,CPV,2020,69.37339783,3539.22661248299,80.9181460926349,7.03399324,14.65,73.818,1.591,514679.0,72.8838521558784
Cabo Verde,CPV,2021,70.28250122,3971.44409203423,83.0030877232497,6.60773611,13.932,74.424,1.554,516649.0,74.1607930892827
Cabo Verde,CPV,2022,73.32740021,4323.31362032709,83.045304882988,6.70243406,12.239,75.907,1.533,519741.0,75.033738060849
Cabo Verde,CPV,2023,74.59919739,4794.90119772843,83.0869470550891,5.84791613,11.882,76.059,1.522,522331.0,75.9064245753376
Cambodia,KHM,2000,0.047022640068885,296.426687526334,10.447277669756,6.48126554,0.745,59.491,3.794,12462336.0,18.6242216655572
Cambodia,KHM,2001,0.0769560555527296,327.500984314444,10.7958282120224,6.76028347,0.778,60.457,3.687,12658484.0,18.7186818716995
Cambodia,KHM,2002,0.226983237666204,350.147276634294,13.5213126606582,6.91952753,0.862,61.395,3.57,12855241.0,18.803641734126
Cambodia,KHM,2003,0.260570197574002,386.691123931778,16.4957664710748,6.45762444,0.909,62.345,3.429,13050968.0,18.8881765274479
Cambodia,KHM,2004,0.300436644360101,444.199067529081,19.4886033113327,6.48521805,1.004,63.256,3.307,13244731.0,18.9813615262763
Cambodia,KHM,2005,0.317321781089656,525.797325120926,22.4997083184805,6.15001392,1.061,64.113,3.238,13439202.0,19.0922720052225
Cambodia,KHM,2006,0.468400002,612.252648550727,25.5284652809793,5.36440325,1.16,64.886,3.175,13639028.0,19.2299832388976
Cambodia,KHM,2007,0.49,731.692295125426,28.5752843908418,4.42702723,1.257,65.549,3.13,13841770.0,19.4035705019128
Cambodia,KHM,2008,0.51,866.283999789749,31.6569911125652,5.61296654,0.825,66.147,3.048,14053479.0,19.6574509865325
Cambodia,KHM,2009,0.53,875.748936193569,34.8431292661324,6.3089695,0.579,66.747,2.971,14276810.0,20.1979728726519
Cambodia,KHM,2010,1.26,952.274616324008,38.0399288332331,5.62713194,0.771,67.311,2.859,14500726.0,21.1232251168762
Cambodia,KHM,2011,3.099999905,1088.98152823081,41.2469119068715,6.00443649,0.577,67.869,2.782,14722584.0,22.3824788531276
Cambodia,KHM,2012,4.94,1192.80263041673,44.4635910579506,5.77632856,0.505,68.371,2.751,14945085.0,23.9411047582349
Cambodia,KHM,2013,6.0,1305.6600972686,47.6891050739855,5.00863695,0.438,68.755,2.742,15170208.0,25.7644735090271
Cambodia,KHM,2014,14.0,1431.56396469993,50.9237116921206,4.40784645,0.692,69.117,2.734,15396772.0,27.8179557823331
Cambodia,KHM,2015,6.43319107021405,1547.32010444393,54.1665197831593,4.53898621,0.393,69.398,2.729,15623251.0,30.0669222549819
Cambodia,KHM,2016,32.3984517141849,1675.19555711109,57.417022532982,4.49053288,0.716,69.635,2.725,15852803.0,32.4767436038024
Cambodia,KHM,2017,32.9002785437986,1826.35391688754,60.6744151428492,4.26933241,0.141,69.842,2.719,16073372.0,35.0127905056235
Cambodia,KHM,2018,65.0,2036.67377566578,63.9398472470947,4.49707794,0.129,69.993,2.724,16274522.0,37.6404336372742
Cambodia,KHM,2019,52.305878224498,2225.87705485686,67.2122392007629,5.05801058,0.119,70.127,2.725,16481304.0,39.5830241256026
Cambodia,KHM,2020,56.37590027,2081.73914242939,70.4910427870757,5.13031435,0.172,70.059,2.699,16725474.0,39.832658030922
Cambodia,KHM,2021,60.76269913,2167.40324198499,73.7752065517154,6.33888054,0.396,69.301,2.664,16974305.0,40.1091858128847
Cambodia,KHM,2022,65.49079895,2325.03050040841,77.0641162411033,4.46856117,0.245,70.528,2.616,17201724.0,40.374616187368
Cambodia,KHM,2023,68.92549896,2429.74853452838,80.3569034278216,4.61706829,0.256,70.668,2.579,17423880.0,40.6290788072508
Cameroon,CMR,2000,0.252120077733662,708.565731625965,37.5661811000038,4.29573393,7.533,53.338,5.514,14912631.0,46.2449829402599
Cameroon,CMR,2001,0.277051321848797,715.470296470585,37.7799954148968,4.16830397,7.46,53.598,5.441,15309490.0,46.7627509050978
Cameroon,CMR,2002,0.360871584267755,789.623811072554,37.9947075137207,4.02669907,6.711,53.922,5.435,15725528.0,47.2589242513436
Cameroon,CMR,2003,0.587622611130454,988.241276791846,38.3633336781567,3.90227985,5.908,54.253,5.432,16160340.0,47.7325523560061
Cameroon,CMR,2004,0.976075415490902,1133.39326749673,38.736762781943,3.72798991,5.087,54.578,5.436,16610487.0,48.1826845960942
Cameroon,CMR,2005,1.402699947,1142.62466252106,39.1141100533379,3.77274442,4.4,54.904,5.421,17074594.0,48.5837852394685
Cameroon,CMR,2006,2.028700113,1191.45458990968,39.4959944299355,3.73662829,3.729,55.301,5.369,17550407.0,49.2044173412861
Cameroon,CMR,2007,2.93,1325.67248215933,39.8824343932762,3.79498792,3.063,55.71,5.343,18049896.0,49.7027028593758
Cameroon,CMR,2008,3.400000095,1492.14269801453,40.2734502147764,3.65843678,3.386,56.116,5.294,18574056.0,50.0858325268669
Cameroon,CMR,2009,3.84,1461.38999232337,40.6687438087427,3.49997187,3.743,56.486,5.236,19113974.0,50.4714131335678
Cameroon,CMR,2010,4.300000191,1398.58702025047,41.0686436848584,3.57742167,4.11,56.965,5.154,19668066.0,50.8505075371362
Cameroon,CMR,2011,5.0,1513.96056994878,41.47285114669,3.85282946,3.988,57.482,5.052,20232304.0,51.2229843034125
Cameroon,CMR,2012,7.5,1449.09874362279,41.8813685431632,3.9310236,3.836,58.17,4.982,20809529.0,51.5887119982861
Cameroon,CMR,2013,10.0,1575.92882118897,42.2938755253473,3.63136435,3.686,58.73,4.905,21402376.0,51.9475591877024
Cameroon,CMR,2014,16.2148722257524,1649.4433905949,42.7103744161323,4.34148788,3.534,59.13,4.844,22059893.0,52.2993944376709
Cameroon,CMR,2015,18.29999924,1415.00009710569,43.1308620153925,4.12600517,3.518,59.687,4.841,22763414.0,52.6440863142742
Cameroon,CMR,2016,20.60000038,1441.7201725688,43.555339313602,4.02253723,3.529,60.293,4.842,23454161.0,52.9815033836792
Cameroon,CMR,2017,23.2029719748646,1496.08951771242,43.9831129823405,3.79293942,3.573,60.817,4.804,24128601.0,53.3115142121504
Cameroon,CMR,2018,29.70000076,1610.69641591017,44.4148640176423,3.61970162,3.608,61.189,4.74,24806383.0,53.6339873660653
Cameroon,CMR,2019,36.53919983,1555.22660476477,44.8498829146317,3.65157914,3.632,61.695,4.651,25506095.0,53.9487914119331
Cameroon,CMR,2020,37.69749832,1555.60370660749,45.2885112207418,4.25051928,3.881,61.674,4.557,26210558.0,54.2557949164174
Cameroon,CMR,2021,38.89260101,1672.32657340872,45.7300133468788,4.34109783,3.976,61.146,4.468,26915758.0,54.5548664463635
Cameroon,CMR,2022,40.12559891,1604.87726954895,46.1747220268822,4.49439144,3.646,62.443,4.397,27632771.0,54.8458745688318
Cameroon,CMR,2023,42.24380112,1720.47510154506,46.6226225275107,4.5545516,3.607,63.7,4.322,28372687.0,55.1286878511388
Canada,CAN,2000,51.3,24271.0020563821,99.8666796985606,8.24808502,6.829,79.1668292682927,1.51,30685730.0,78.6292995508947
Canada,CAN,2001,60.2,23822.096210932,99.8688346973746,8.62476349,7.219,79.3980487804878,1.54,31020855.0,78.8414764949736
Canada,CAN,2002,61.5932992681952,24256.0598742201,99.869342983024,8.85665226,7.665,79.5307317073171,1.52,31359199.0,79.0990234802234
Canada,CAN,2003,64.2,28301.9097055898,99.8698601366665,9.01086521,7.574,79.7151219512195,1.55,31642461.0,79.391380674239
Canada,CAN,2004,65.9559634648989,32145.5653280273,99.8703662409249,9.06623363,7.185,79.9921951219512,1.56,31938807.0,79.6923063348315
Canada,CAN,2005,71.66,36383.9671341396,99.8639583203514,9.03529835,6.758,80.1126829268293,1.58,32242732.0,79.9760615882965
Canada,CAN,2006,72.40000153,40504.8490329826,99.8430162755526,9.33188725,6.484,80.5436585365854,1.63,32571193.0,80.219066099279
Canada,CAN,2007,73.2,44660.0838892281,99.7607606816524,9.4346962,6.156,80.5436585365854,1.67,32888886.0,80.4425615136782
Canada,CAN,2008,76.69999695,46710.3654423328,99.6782742849719,9.59427929,6.284,80.7246341463415,1.7,33247298.0,80.6628944916604
Canada,CAN,2009,80.3,40874.9612318547,99.5955583039344,10.70402527,8.46,81.0660975609756,1.69,33630069.0,80.8591838893921
Canada,CAN,2010,80.3,47560.8378831258,99.5126181540999,10.70066547,8.178,81.3221951219512,1.65,34005902.0,81.0120892252937
Canada,CAN,2011,83.0,52224.1237767406,99.4293838454061,10.40518665,7.637,81.4826829268293,1.63,34339221.0,81.1031425434213
Canada,CAN,2012,83.0,52670.1429540952,99.3455544247407,10.5407114,7.392,81.6636585365854,1.63,34713395.0,81.1513483248791
Canada,CAN,2013,85.80000305,52637.7313222622,99.2616780948354,10.43559265,7.143,81.7448780487805,1.61,35080992.0,81.183439957458
Canada,CAN,2014,87.12000275,50960.8942086685,99.1777500183005,10.28115654,7.023,81.7843902439025,1.61,35434066.0,81.211183161556
Canada,CAN,2015,90.0,43594.2379080706,99.0937780508687,10.76397896,6.945,81.8258536585366,1.6,35704498.0,81.2465670276699
Canada,CAN,2016,91.16000366,42314.1033623905,99.0097526693879,11.05626965,7.038,81.94,1.59,36110803.0,81.3023011093703
Canada,CAN,2017,92.70140076,45129.7335281051,98.9256763278337,10.9242115,6.426,81.8078048780488,1.55,36545075.0,81.4018945832226
Canada,CAN,2018,94.64,46539.2177903178,98.84154412867,10.92262077,5.837,81.8036585365854,1.51,37072620.0,81.5500341646653
Canada,CAN,2019,91.91290283,46352.9695208927,98.7573247700797,11.04823494,5.69,82.1585365853659,1.47,37618495.0,81.7363672047941
Canada,CAN,2020,92.3,43537.8981198851,98.6730086081464,13.01732922,9.657,81.53,1.41,38028638.0,81.9509888710566
Canada,CAN,2021,93.93710327,52886.6407813788,98.5885671606396,12.38106632,7.527,81.4514634146342,1.44,38239864.0,82.1779279079275
Canada,CAN,2022,94.0,56496.9275340663,98.5883597851291,11.08119678,5.279,81.0948780487805,1.34,38950132.0,82.3500897353968
Canada,CAN,2023,94.14530182,54847.5370112652,98.5881318805776,11.18692875,5.415,81.6263414634146,1.27,40049088.0,82.5250564408346
Cayman Islands,CYM,2000,,,,,,74.378,1.707,39674.0,100.0
Cayman Islands,CYM,2001,,,83.9378304447852,,,74.529,1.697,41089.0,100.0
Cayman Islands,CYM,2002,,,83.9378304447852,,,74.609,1.681,42514.0,100.0
Cayman Islands,CYM,2003,,,83.9378304447852,,,74.639,1.672,43934.0,100.0
Cayman Islands,CYM,2004,,,83.9378304447852,,,74.596,1.671,45352.0,100.0
Cayman Islands,CYM,2005,38.0343830823064,,83.9378304447852,,,74.863,1.665,46788.0,100.0
Cayman Islands,CYM,2006,44.5,87085.0937376216,83.8037938650307,,,75.0,1.665,48232.0,100.0
Cayman Islands,CYM,2007,52.0,89888.2618212462,83.669757285276,,,75.152,1.681,49687.0,100.0
Cayman Islands,CYM,2008,61.0,89655.1196222184,83.5357207055214,,,75.386,1.703,51151.0,100.0
Cayman Islands,CYM,2009,64.5,81373.5711516642,83.518925,,,75.671,1.723,52618.0,100.0
Cayman Islands,CYM,2010,66.0,76837.6699636672,83.5017524539877,,,76.069,1.694,54099.0,100.0
Cayman Islands,CYM,2011,69.46594499,75280.960764889,83.4842030674846,,,76.562,1.637,55606.0,100.0
Cayman Islands,CYM,2012,69.7,75101.59136128,83.4662768404908,,,77.121,1.531,57136.0,100.0
Cayman Islands,CYM,2013,71.4,75113.7332398618,83.4479737730061,,,77.652,1.445,58655.0,100.0
Cayman Islands,CYM,2014,74.1,75845.3060407986,83.4292938650307,,,77.865,1.334,60160.0,100.0
Cayman Islands,CYM,2015,77.0,76379.2095108681,83.4102371165644,,,78.119,1.269,61642.0,100.0
Cayman Islands,CYM,2016,79.0,77802.2541567187,83.3908035276073,,,78.367,1.231,63100.0,100.0
Cayman Islands,CYM,2017,81.0676932508161,80053.9444506891,83.3709930981595,,,78.615,1.222,64535.0,100.0
Cayman Islands,CYM,2018,,83865.5531568184,83.3508058282208,,,78.835,1.277,65941.0,100.0
Cayman Islands,CYM,2019,,88254.2903677044,83.3302417177914,,,79.052,1.508,67327.0,100.0
Cayman Islands,CYM,2020,,82338.7977439023,83.3093007668711,,,79.23,1.554,68684.0,100.0
Cayman Islands,CYM,2021,,86449.6749037302,83.2879829754601,,,79.3,1.551,70108.0,100.0
Cayman Islands,CYM,2022,,92937.8838323153,83.2662883435582,,,79.984,1.541,71591.0,100.0
Cayman Islands,CYM,2023,,100065.233841107,83.2442168711656,,,80.358,1.531,73038.0,100.0
Central African Republic,CAF,2000,0.0533941742150456,239.154133726071,20.5939671158027,4.3808217,5.722,46.609,5.851,3833416.0,37.7014879765364
Central African Republic,CAF,2001,0.0785434278394038,237.951702544735,20.5472812527442,4.01043987,5.77,46.734,5.807,3919487.0,37.7560236207831
Central African Republic,CAF,2002,0.128537116506299,248.639290978403,20.5005930190466,4.23633623,5.809,46.84,5.785,4006077.0,37.8169752995511
Central African Republic,CAF,2003,0.151563337940017,278.403992150941,20.4536055406808,4.18572474,5.809,47.306,5.799,4103086.0,37.8863171931924
Central African Republic,CAF,2004,0.223401395464406,303.461321152782,20.4063183359002,4.14367914,5.729,47.696,5.784,4192826.0,37.9626889392062
Central African Republic,CAF,2005,0.26820001,311.950023138687,19.9721484876891,4.22857571,5.691,48.207,5.812,4288810.0,38.0448510426866
Central African Republic,CAF,2006,0.311199993,333.942519903031,19.5450443579564,4.31108665,5.61,48.687,5.84,4377579.0,38.134433681123
Central African Republic,CAF,2007,0.375815961044797,380.887048839475,19.1248924348841,4.6338892,5.562,49.327,5.867,4462770.0,38.2343339436079
Central African Republic,CAF,2008,1.0,437.24827472489,18.7110288344225,4.02635765,5.51,49.873,5.902,4558984.0,38.3474489192338
Central African Republic,CAF,2009,1.799999952,456.471673898404,18.3030854351949,4.68325615,5.575,14.665,5.936,4529047.0,38.476675697093
Central African Republic,CAF,2010,2.0,476.873786950728,17.9009516216973,3.56699872,5.658,46.871,5.963,4492995.0,38.6244963104203
Central African Republic,CAF,2011,2.200000048,534.057281471636,17.5040118095515,3.67561865,5.638,50.107,6.009,4565021.0,38.8030669465007
Central African Republic,CAF,2012,2.400000095,544.395849142785,17.1121597682915,3.91814446,5.58,51.336,6.047,4610848.0,39.0301696038517
Central African Republic,CAF,2013,2.5,364.36696260838,16.7250416550218,4.76660204,5.566,49.487,6.075,4642419.0,39.3042963482777
Central African Republic,CAF,2014,2.700000048,409.8504859647,16.3420825760043,4.56557369,5.633,40.265,6.099,4623182.0,39.6226521868738
Central African Republic,CAF,2015,2.900000095,366.322853938121,15.9631877672806,5.03434181,5.775,51.934,6.126,4629320.0,39.9824421267351
Central African Republic,CAF,2016,3.099999905,387.176203444318,15.5882414691861,5.44402313,5.793,50.999,6.126,4713663.0,40.3808711749566
Central African Republic,CAF,2017,4.0,432.324025684263,15.2164870297134,6.66541576,5.836,45.231,6.127,4793511.0,40.8151443386334
Central African Republic,CAF,2018,5.099999905,455.243962859534,14.8478356260426,10.99484062,5.825,52.297,6.108,4878657.0,41.2824666248606
Central African Republic,CAF,2019,7.509200096,449.228467602439,14.481982156805,7.76081514,5.916,31.53,6.09,4944703.0,41.7800430407332
Central African Republic,CAF,2020,,462.879071294011,14.1186349646869,8.98488045,6.519,50.596,6.059,5026628.0,42.3050785933463
Central African Republic,CAF,2021,,492.263142830507,13.7575074575386,9.15097523,6.701,40.279,6.052,5112100.0,42.8547782897949
Central African Republic,CAF,2022,13.75360012,467.359825026238,13.8462941483121,9.94993496,6.287,18.818,6.023,5098039.0,43.2751967457285
Central African Republic,CAF,2023,13.8416996,495.978897288721,13.939220081887,10.65553188,6.181,57.408,6.012,5152421.0,43.6983692134165
Chad,TCD,2000,0.03570707628555,163.121663683369,9.69267435850219,4.20697546,0.796,47.937,7.249,8512093.0,21.6527690760484
Chad,TCD,2001,0.0459341343557353,194.32295331156,9.7751135418566,4.08039331,0.792,48.306,7.231,8804124.0,21.6780982595188
Chad,TCD,2002,0.166069664674347,219.061391951349,9.85770983495689,5.60251188,0.769,48.36,7.201,9116192.0,21.7007762031515
Chad,TCD,2003,0.320308555366775,289.087621122168,9.94081082830359,4.24698305,0.725,48.609,7.179,9487833.0,21.7207031172239
Chad,TCD,2004,0.360920107034467,445.850767157087,10.0242446229249,4.23982859,0.672,48.687,7.16,9920036.0,21.7377792120134
Chad,TCD,2005,0.399257700084004,838.092107712557,10.1080110721991,3.73196912,0.663,48.86,7.134,10328092.0,21.7519046977973
Chad,TCD,2006,0.581045764229641,906.897260572747,10.1921113947544,3.73417258,0.716,48.747,7.118,10706424.0,21.7629797848529
Chad,TCD,2007,0.847224520710968,980.483531485103,10.2767459840374,3.47199655,0.839,49.21,7.092,11081660.0,21.7709046834576
Chad,TCD,2008,1.19,1166.36883453841,10.3615175647599,3.16359782,0.922,49.503,7.063,11476296.0,21.7755796038887
Chad,TCD,2009,1.5,1035.63719694254,10.4835847980319,3.36260128,0.943,49.828,7.021,11893754.0,21.7784396568755
Chad,TCD,2010,1.700000048,1141.80069268412,10.6144013332631,3.08810997,0.911,50.107,6.99,12312575.0,21.8472378191095
Chad,TCD,2011,1.899999976,1308.1421872538,10.7545443393763,2.85585785,0.92,50.426,6.948,12754997.0,21.9558736797638
Chad,TCD,2012,2.099999905,1354.34344701937,10.9048548883194,2.67306423,0.886,50.765,6.905,13210998.0,22.1061904148178
Chad,TCD,2013,2.5,1304.88742971475,11.0657152698931,2.95766044,0.955,51.051,6.839,13691079.0,22.2975929852391
Chad,TCD,2014,2.900000095,1278.78981422494,11.2377495765285,3.29708338,0.984,51.141,6.781,14188678.0,22.5294513486009
Chad,TCD,2015,3.5,993.990730610869,11.421878644262,3.40253925,1.032,51.32,6.706,14647621.0,22.8011258828974
Chad,TCD,2016,5.800000191,861.831767630746,11.6187911677525,3.70842481,1.091,51.603,6.623,15114655.0,23.1119734707179
Chad,TCD,2017,6.351900101,854.46120040098,11.8291930674672,3.51023412,1.132,51.875,6.537,15622759.0,23.461349471105
Chad,TCD,2018,6.956299782,948.656629871231,12.0541194503815,3.2893219,1.135,52.447,6.464,16156531.0,23.8486084924975
Chad,TCD,2019,7.618199825,893.336441643325,12.2940184363217,3.38471627,1.077,52.993,6.412,16685223.0,24.2731047386633
Chad,TCD,2020,8.343099594,866.947814890409,12.5503209104072,4.35215092,1.695,53.082,6.346,17224679.0,24.7341921795416
Chad,TCD,2021,9.653699875,946.358500208374,12.823518442494,3.9722333,1.53,53.136,6.255,17828273.0,25.2312246423075
Chad,TCD,2022,11.17029953,966.036468278568,12.9220668166821,4.15823555,1.081,54.528,6.215,18455316.0,25.7635558629694
Chad,TCD,2023,12.03590012,949.991054236266,13.0279538007946,4.99707747,1.059,55.069,6.12,19319064.0,26.3305395171046
Channel Islands,CHI,2000,,43479.1940767689,,,5.351,78.8,1.49,148110.0,30.4565425668312
Channel Islands,CHI,2001,,41873.7406146127,,,5.041,79.0,1.48,148850.0,30.4917013606365
Channel Islands,CHI,2002,,44459.7318188977,,,5.313,79.1,1.47,149881.0,30.5750453017198
Channel Islands,CHI,2003,,48570.7796632166,,,5.644,79.4,1.51,150960.0,30.7147995585339
Channel Islands,CHI,2004,,56259.5344226334,,,5.848,79.8,1.5,152039.0,30.8959988423466
Channel Islands,CHI,2005,,57647.1188908006,,,5.833,80.1,1.46,153126.0,31.106756489445
Channel Islands,CHI,2006,,62745.1006593557,,,5.571,80.4,1.47,154214.0,31.3350770753618
Channel Islands,CHI,2007,,74139.97799443,,,5.23,80.6,1.53,155309.0,31.5692415250024
Channel Islands,CHI,2008,,,,,5.295,80.8,1.56,156408.0,31.79721921014
Channel Islands,CHI,2009,,57778.5407063052,,,6.674,81.0,1.57,157511.0,32.0070188116634
Channel Islands,CHI,2010,,56123.4597963451,,,7.024,81.2,1.58,158621.0,32.1868229080383
Channel Islands,CHI,2011,,60415.2632075658,,,7.244,81.4,1.59,159706.0,32.326335016388
Channel Islands,CHI,2012,,58809.5698945413,,,8.028,81.3,1.58,160767.0,32.4414334604748
Channel Islands,CHI,2013,,59308.4666588674,,,8.572,81.5,1.56,161777.0,32.5432251775809
Channel Islands,CHI,2014,,64697.5485024325,,,8.319,81.6,1.54,162726.0,32.6275595274837
Channel Islands,CHI,2015,,61847.8212238857,,,7.928,81.4,1.5,163454.0,32.6907784276403
Channel Islands,CHI,2016,,55947.579811974,,,7.469,81.2,1.46,163883.0,32.7426259745361
Channel Islands,CHI,2017,,55806.3554257428,,,6.881,81.0,1.41,164319.0,32.7853219355631
Channel Islands,CHI,2018,,60784.8125397162,,,6.344,81.1,1.37,164949.0,32.8125991997971
Channel Islands,CHI,2019,,60564.6293993681,,,6.185,81.2,1.35,165639.0,32.8235411026876
Channel Islands,CHI,2020,,56785.9402005039,,,6.633,80.9,1.33,166235.0,32.8247184979451
Channel Islands,CHI,2021,,66915.3963925722,,,6.643,80.3,1.36,166741.0,32.8148141071941
Channel Islands,CHI,2022,,67627.1417347907,,,5.923,81.0,1.37,167215.0,32.7920439098264
Channel Islands,CHI,2023,,74585.5224096294,,,5.928,81.1,1.37,167691.0,32.7554337975051
Chile,CHL,2000,16.6,5052.99245766325,93.0315875725164,7.00020742,10.491,77.128,2.046,15503635.0,86.2710912457813
Chile,CHL,2001,19.1,4563.5952986689,93.4409142723436,7.09733105,10.39,77.58,2.007,15683849.0,86.4906345913002
Chile,CHL,2002,22.1,4430.84741157984,93.8324984055007,7.20833778,10.168,77.84,1.934,15857925.0,86.6114115090282
Chile,CHL,2003,25.4737788864723,4773.40177520754,94.1786535457262,7.25047779,9.765,77.884,1.885,16024752.0,86.6792973033246
Chile,CHL,2004,28.1779101232438,6120.59152055344,94.5235711330979,6.91028595,10.162,78.276,1.844,16187322.0,86.7336754490112
Chile,CHL,2005,31.1753006,7480.32330998636,94.8666435594801,6.62372065,9.34,78.459,1.825,16348778.0,86.7768244484887
Chile,CHL,2006,34.4977511736017,9318.65655296121,95.2084736344443,6.07235622,9.024,78.533,1.798,16509195.0,86.8125123390851
Chile,CHL,2007,35.90000153,10346.4138184533,95.5487017791555,6.21259642,8.427,78.652,1.826,16671581.0,86.8445071581285
Chile,CHL,2008,37.29999924,10683.2188772511,95.8876613172274,6.73954487,9.285,78.752,1.85,16838988.0,86.8765769429469
Chile,CHL,2009,41.56,10098.8017167286,96.2250417785822,7.25026846,11.313,78.89,1.855,17009731.0,86.9124897308683
Chile,CHL,2010,45.0,12632.8704724192,96.5608717645089,6.81958389,8.547,79.095,1.844,17181464.0,86.9560135592209
Chile,CHL,2011,52.2496072877744,14487.3927832032,96.895427820741,6.79947519,7.492,79.236,1.823,17351816.0,87.0109164653326
Chile,CHL,2012,55.04999924,15241.9069981119,97.2284642217627,7.01951265,6.79,79.221,1.798,17519119.0,87.0824943735696
Chile,CHL,2013,58.0,15683.5486369155,97.5601040614425,7.47552681,6.361,79.551,1.786,17687006.0,87.1827777654221
Chile,CHL,2014,61.11000061,14529.6767206336,97.8903546452322,7.84150171,6.761,79.714,1.774,17864195.0,87.3133701497978
Chile,CHL,2015,76.6295919508796,13433.9202987032,98.2192140338201,8.3513937,6.605,80.008,1.737,18047625.0,87.4653320342387
Chile,CHL,2016,83.5585860244169,13649.8520452803,98.5469573760897,8.55767059,6.926,80.295,1.686,18267221.0,87.6306290578181
Chile,CHL,2017,82.3274869338464,14879.9086227187,98.8734482786872,9.090518,7.257,80.61,1.563,18558868.0,87.8000295757281
Chile,CHL,2018,84.90000153,15659.4808675628,99.1482997350228,9.15040398,7.623,80.559,1.543,18893191.0,87.9620493753008
Chile,CHL,2019,85.01760101,14496.9345640362,99.2440906332437,9.30968475,7.493,80.324,1.43,19197744.0,88.1273685623538
Chile,CHL,2020,87.45929718,13117.9930230086,99.3144814902357,9.69734573,10.934,79.349,1.307,19370624.0,88.2953490438375
Chile,CHL,2021,90.23280334,16216.1840860289,100.0,9.72450161,9.281,78.876,1.176,19456334.0,88.4660511664452
Chile,CHL,2022,92.31819916,15399.1044717559,99.9999982963226,10.0053072,8.249,79.176,1.255,19553036.0,88.6395352768685
Chile,CHL,2023,94.45742345,17081.5180740049,100.0,10.17470455,9.013,81.167,1.167,19658835.0,88.8158617217972
China,CHN,2000,1.77591320677415,969.199513696287,56.8201092570023,4.4535861,3.26,72.288,1.628,1262645000.0,36.4320234662299
China,CHN,2001,2.63965021485872,1065.40597574519,57.5684600392291,4.19752026,3.8,72.675,1.563,1271850000.0,37.6597442626953
China,CHN,2002,4.59570433077551,1163.55957673426,59.7190918918749,4.32156181,4.24,73.034,1.566,1280400000.0,39.0897827148438
China,CHN,2003,6.2,1306.97245408557,61.8436136467816,4.35460472,4.58,73.385,1.57,1288400000.0,40.5302314758301
China,CHN,2004,7.3,1530.92726215723,63.9406214031558,4.22949076,4.49,73.727,1.605,1296075000.0,41.7600135803223
China,CHN,2005,8.52325700269541,1777.64496828464,66.007414871417,4.11230803,4.52,74.085,1.624,1303720000.0,42.9899978637695
China,CHN,2006,10.5231526193851,2129.25696999613,68.0323487727096,3.88655019,4.43,74.404,1.644,1311020000.0,44.3430099487305
China,CHN,2007,16.0,2734.72709877693,70.020980914326,3.61737728,4.35,74.789,1.666,1317885000.0,45.8892440795898
China,CHN,2008,22.6,3523.44302065213,71.9796237589,3.83627748,4.59,74.833,1.701,1324655000.0,46.9895057678223
China,CHN,2009,28.9,3898.24459158811,73.906061649452,4.27631998,4.72,75.317,1.714,1331260000.0,48.3417053222656
China,CHN,2010,34.3,4629.24551710077,75.8010481056182,4.15821123,4.53,75.668,1.687,1337705000.0,49.2340270628041
China,CHN,2011,38.3,5703.76027973346,77.6512502388913,4.26719379,4.55,75.889,1.668,1345035000.0,51.8300285339355
China,CHN,2012,42.30009842,6405.0574241349,79.464667537609,4.49046612,4.58,76.2,1.798,1354190000.0,53.1003112792969
China,CHN,2013,45.79999924,7147.03518622344,81.2468005281191,4.63882637,4.6,76.452,1.714,1363240000.0,54.4900016784668
China,CHN,2014,47.90000153,7781.06597484974,82.9984761523817,4.69880247,4.63,76.714,1.769,1371860000.0,55.7502555847168
China,CHN,2015,50.29999924,8175.33285077393,84.7193121416501,4.85367584,4.65,76.975,1.67,1379860000.0,57.3297843933105
China,CHN,2016,53.2,8254.86859320357,86.4094766918916,4.88338089,4.56,77.214,1.772,1387790000.0,58.8399238586426
China,CHN,2017,54.3,8979.67652709856,88.0683084431652,4.9695034,4.47,77.235,1.795,1396215000.0,60.2402687072754
China,CHN,2018,65.35839844,10085.6638148819,89.6942189460529,5.06933308,4.31,77.709,1.539,1402760000.0,61.5001983642578
China,CHN,2019,64.080881297515,10342.9009524335,91.2881339239822,5.26516867,4.56,77.94,1.496,1407745000.0,62.7099151611328
China,CHN,2020,70.05275998,10627.4637989619,92.8514975328901,5.50441837,5.0,78.019,1.236,1411100000.0,63.5234230266258
China,CHN,2021,73.05323517,12887.4357242941,94.3857583646751,5.25590324,4.55,78.117,1.117,1412360000.0,64.721076965332
China,CHN,2022,75.61131603,12970.6056414327,95.8923648413213,5.88078785,4.98,78.202,1.034,1412175000.0,65.2176361083984
China,CHN,2023,90.6,12951.1782397043,97.2411682339468,5.94388866,4.67,77.953,0.999,1410710000.0,65.5301448035523
Colombia,COL,2000,2.207532992624,2555.00751039968,75.4148773585247,5.63529348,20.52,70.905,2.574,39089934.0,74.3493570179247
Colombia,COL,2001,2.85419997133433,2472.99084035833,76.3087852021203,5.94238281,15.04,71.185,2.522,39709262.0,74.7938371677676
Colombia,COL,2002,4.6,2428.92969771584,77.201981016796,5.73296595,14.481,71.537,2.489,40324680.0,75.192444355543
Colombia,COL,2003,7.38892371052557,2311.94218760291,78.094433998105,5.77505445,13.221,72.309,2.45,40937429.0,75.5341828570154
Colombia,COL,2004,9.1186903029666,2818.57195413044,78.9859213001689,5.79892111,13.717,72.76,2.384,41543171.0,75.8080569479496
Colombia,COL,2005,11.0072638904585,3456.06610874512,79.8764166229858,6.06710577,11.062,73.156,2.309,42128977.0,76.004938901378
Colombia,COL,2006,15.3416745365682,3789.85361217027,80.7659057665672,6.33546638,11.088,73.497,2.241,42691084.0,76.1619191918164
Colombia,COL,2007,21.79999924,4769.926147194,81.654183644965,6.49102163,11.204,73.751,2.195,43235374.0,76.3144038775849
Colombia,COL,2008,25.6,5541.83629665898,82.5414361223495,6.84192181,11.273,74.206,2.155,43758808.0,76.4596761810047
Colombia,COL,2009,30.0,5250.97292433518,83.4276365451397,7.31134558,12.066,74.531,2.096,44271541.0,76.5964145836792
Colombia,COL,2010,36.5,6398.2958447102,84.3126146543662,7.07130194,11.153,74.876,2.01,44777319.0,76.7232975672119
Colombia,COL,2011,40.3509157546318,7400.9940695669,85.1963554743704,6.78076792,10.288,75.18,1.938,45259614.0,76.839003613206
Colombia,COL,2012,48.98,8108.59838244229,86.0790424953877,6.74601603,9.959,75.611,1.899,45715810.0,76.942211203265
Colombia,COL,2013,51.7,8279.10255642981,86.9605014574524,7.01724052,9.246,75.834,1.86,46151584.0,77.0315988189922
Colombia,COL,2014,52.568136539247,8187.20824890084,87.8407302764007,7.18553209,8.799,75.95,1.822,46565429.0,77.1058449419909
Colombia,COL,2015,55.9049725142924,6248.51490534512,88.7199118898909,7.52338505,8.572,76.067,1.771,46969940.0,77.1636280538646
Colombia,COL,2016,58.1364935728703,5959.84250367574,89.5980252896949,7.53117037,8.922,76.228,1.719,47437512.0,77.2036266362166
Colombia,COL,2017,62.2598803162841,6479.53231292429,90.4749374427322,7.67864323,9.086,76.418,1.717,48131078.0,77.2245191706503
Colombia,COL,2018,64.1263768204459,6816.96818309544,91.3506596764722,7.71777487,9.36,76.579,1.715,49024465.0,77.2804816598084
Colombia,COL,2019,65.0069007159493,6472.54544924705,92.2252062631808,7.83404827,10.28,76.793,1.71,49907985.0,77.4595528518377
Colombia,COL,2020,69.79533474,5339.68711357943,93.0987394041419,8.69751263,15.983,74.757,1.694,50629997.0,77.6382533537045
Colombia,COL,2021,73.02837449,6222.62164397614,93.9711220297613,9.14150524,13.898,72.698,1.68,51188173.0,77.8339570326128
Colombia,COL,2022,72.79637855,6680.44506854481,94.8425154559797,7.59037256,10.541,76.508,1.663,51737944.0,78.0464633137335
Colombia,COL,2023,77.33686322,7012.49169137756,95.7128008202529,8.15838146,9.591,77.725,1.645,52321152.0,78.275571579544
Comoros,COM,2000,0.271740607285909,633.309032776244,24.4251137817351,7.51525021,4.4,58.941,5.227,536080.0,28.0360512192055
Comoros,COM,2001,0.443068372538977,681.163857619963,26.1545650647282,6.6571784,4.379,59.587,5.195,547220.0,27.9902886596605
Comoros,COM,2002,0.554869674985088,764.61349832543,27.7107884685143,6.68594599,4.372,59.723,5.155,558923.0,27.9586267103537
Comoros,COM,2003,0.848189370151537,959.691049354812,29.2480866735385,6.66024828,4.559,60.24,5.115,569798.0,27.9448864609618
Comoros,COM,2004,1.32732717785355,1072.28409029621,30.7668527595674,6.58576155,4.571,60.557,5.065,580704.0,27.9596300229124
Comoros,COM,2005,2.0,1105.78796866788,32.2696522597859,6.13142872,4.527,60.883,5.012,592677.0,28.016895208368
Comoros,COM,2006,2.200000048,1138.47908404345,33.75605986205,5.77341843,4.482,61.229,4.934,604753.0,28.1143215973031
Comoros,COM,2007,2.5,1289.73631056361,35.2256531986229,5.41753864,4.474,61.475,4.859,616927.0,28.2493321448949
Comoros,COM,2008,3.0,1455.02768595586,36.6778613088967,5.06897497,4.416,61.955,4.805,629307.0,28.4193498063202
Comoros,COM,2009,3.5,1410.30516959473,38.1124210259684,4.92694378,4.303,62.302,4.778,641947.0,28.6217975367563
Comoros,COM,2010,5.099999905,1386.57533553376,39.5290364231299,4.99181557,4.19,62.747,4.755,654836.0,28.8540982913801
Comoros,COM,2011,5.5,1531.43969320468,40.9270162396415,5.3021183,4.12,63.105,4.722,668056.0,29.1136750253686
Comoros,COM,2012,5.975299835,1490.31425650871,42.3060704892515,5.17354631,4.091,63.463,4.652,681630.0,29.397950693899
Comoros,COM,2013,6.5,1603.32653496691,43.665877233981,5.10299301,3.98,63.839,4.572,696192.0,29.7043482521482
Comoros,COM,2014,6.980000019,1615.71709756316,45.005792347169,5.23849726,3.984,64.143,4.489,711503.0,30.0302906552932
Comoros,COM,2015,7.459199905,1329.37048235986,46.3255872493184,4.60089922,4.031,64.473,4.42,726682.0,30.3732008585112
Comoros,COM,2016,7.938300133,1365.48403444497,47.6248040673008,4.65263557,4.117,64.792,4.348,741741.0,30.7305018169792
Comoros,COM,2017,8.478199959,1423.9248027797,48.9029223957365,5.26807451,4.049,65.127,4.278,756669.0,31.0996559689293
Comoros,COM,2018,,1540.71132257526,50.159514854681,4.90318584,3.975,65.401,4.208,771590.0,31.4073645195839
Comoros,COM,2019,16.38380051,1519.26386436068,51.3942491790653,5.18044472,3.926,65.662,4.138,786578.0,31.7287584068243
Comoros,COM,2020,22.42040062,1527.16991011916,52.6066035113726,5.902421,4.468,65.756,4.071,802163.0,32.0638072194881
Comoros,COM,2021,30.68120003,1587.72988658008,53.7961210274577,6.46315002,4.394,65.201,3.999,818174.0,32.4124444313246
Comoros,COM,2022,31.37409973,1533.87755393614,54.9623663372908,8.47119522,3.879,66.481,3.935,834188.0,32.7746035528748
Comoros,COM,2023,31.92749977,1723.89474946474,56.104836588019,6.55212021,3.833,66.777,3.878,850387.0,33.1502180946901
"Congo, Dem. Rep.",COD,2000,0.0059021136806903,377.925421481395,23.7477310886232,1.46594739,3.245,51.887,6.702,50507442.0,34.9008752617485
"Congo, Dem. Rep.",COD,2001,0.0114757819210493,142.678142604412,23.2925757259411,2.62310982,3.251,52.205,6.663,52132646.0,35.4153526820763
"Congo, Dem. Rep.",COD,2002,0.0927907024606925,162.38052907429,22.8409794207926,2.57012939,3.179,52.371,6.606,53750524.0,35.937064393184
"Congo, Dem. Rep.",COD,2003,0.134914837437335,161.491553524396,22.3929738740922,3.73353338,3.057,52.952,6.549,55343867.0,36.4654627231369
"Congo, Dem. Rep.",COD,2004,0.196208375178039,180.664764963633,21.9485957968142,4.33564186,2.976,53.534,6.53,56997741.0,37.0
"Congo, Dem. Rep.",COD,2005,0.238000005,214.539740473519,21.5079480867388,3.98558235,2.948,54.001,6.526,58775724.0,37.4018738621901
"Congo, Dem. Rep.",COD,2006,0.296099991,255.445229568751,21.0891369417888,4.06210661,3.174,54.498,6.547,60615908.0,37.8024827128113
"Congo, Dem. Rep.",COD,2007,0.370000005,294.101615124419,20.6788073735842,3.89384961,3.404,54.954,6.559,62477752.0,38.201781337298
"Congo, Dem. Rep.",COD,2008,0.439999998,352.900363371995,20.2769257473546,4.31254816,3.627,55.388,6.58,64390664.0,38.5997245210844
"Congo, Dem. Rep.",COD,2009,0.560000002,280.178991035792,19.8835866395137,4.51133156,3.882,55.798,6.591,66412044.0,38.9962670496049
"Congo, Dem. Rep.",COD,2010,0.72,352.400398754692,19.4987263873328,3.72224283,4.098,56.411,6.587,68563038.0,39.391363708294
"Congo, Dem. Rep.",COD,2011,1.200000048,372.514273875789,19.1224518584775,3.19435549,4.317,56.911,6.582,70849311.0,39.7849692825859
"Congo, Dem. Rep.",COD,2012,1.679999948,409.931424783784,18.754668067258,3.2215035,4.485,57.35,6.559,73254618.0,40.1770385579151
"Congo, Dem. Rep.",COD,2013,2.200000048,460.370334930107,18.3953621300218,3.34057522,4.469,57.795,6.527,75789395.0,40.5675263197158
"Congo, Dem. Rep.",COD,2014,3.0,489.175952097319,18.044594889942,3.72520614,4.436,58.236,6.483,78403242.0,40.9563873534225
"Congo, Dem. Rep.",COD,2015,3.799999952,495.826633014883,17.7022823048892,3.74785447,4.441,58.658,6.437,81035531.0,41.3435764444694
"Congo, Dem. Rep.",COD,2016,10.1,459.765036590388,17.3684018777428,4.20027828,4.528,59.081,6.392,83956415.0,41.7290483782911
"Congo, Dem. Rep.",COD,2017,,431.052559128788,17.0428367247806,4.00057793,4.613,59.495,6.349,87083398.0,42.1127579403217
"Congo, Dem. Rep.",COD,2018,11.69999981,518.169626875371,16.7256345274003,3.24127173,4.632,59.926,6.302,90047644.0,42.4946599159958
"Congo, Dem. Rep.",COD,2019,13.02970028,504.00419142286,16.416662028181,3.508039,4.605,60.242,6.253,92947442.0,42.8747090907476
"Congo, Dem. Rep.",COD,2020,14.51049995,486.425572682256,16.1158651582213,3.97694445,5.355,60.428,6.206,95989998.0,43.2528602500115
"Congo, Dem. Rep.",COD,2021,16.1595993,595.743074403567,16.1461710925268,3.86727977,5.289,60.044,6.156,99148932.0,43.6290681792218
"Congo, Dem. Rep.",COD,2022,17.99620056,687.738587554685,16.1744730669276,3.9417696,4.54,60.979,6.106,102396968.0,44.003287663813
"Congo, Dem. Rep.",COD,2023,18.96789932,660.21205238997,16.2386817602994,3.68495083,4.469,61.895,6.051,105789731.0,44.3754734892194
"Congo, Rep.",COG,2000,0.0263547320580279,1024.30159109181,11.9201113215231,1.50500846,19.872,55.371,4.724,3151345.0,58.8947380255871
"Congo, Rep.",COG,2001,0.0322236164306931,854.598314408095,11.9684717452745,2.18529987,19.88,55.885,4.67,3272537.0,59.4417859130405
"Congo, Rep.",COG,2002,0.157249517243982,905.538135544704,12.2942562189499,1.70167828,19.644,56.414,4.697,3350771.0,59.9716066874511
"Congo, Rep.",COG,2003,0.460014186837522,1016.82363412143,12.623677389001,1.91852403,19.877,57.131,4.696,3445753.0,60.4694583791889
"Congo, Rep.",COG,2004,1.07750492958505,1306.10136324599,13.081524943127,1.92152369,19.896,57.957,4.69,3565554.0,60.9205990186239
"Congo, Rep.",COG,2005,1.463400006,1799.05158366154,13.5511098859657,1.71774101,19.796,58.73,4.669,3696393.0,61.310286636126
"Congo, Rep.",COG,2006,2.007999897,2103.5821381211,14.0325360521402,1.70861316,19.563,59.474,4.651,3837409.0,61.6237792620651
"Congo, Rep.",COG,2007,2.75970437370903,2206.47101863414,14.526041670099,1.90200174,19.909,60.05,4.649,3980430.0,61.8502563370293
"Congo, Rep.",COG,2008,4.28750990276481,2832.09177777643,15.0320398597223,2.2392714,19.962,60.79,4.726,4113517.0,62.0354815675203
"Congo, Rep.",COG,2009,4.5,2271.15219175966,15.5506904084731,2.1422224,19.844,61.215,4.808,4281219.0,62.2172294650265
"Congo, Rep.",COG,2010,5.0,2946.55798067708,16.0823108780158,1.85172856,19.3,61.731,4.851,4462290.0,62.3922871058739
"Congo, Rep.",COG,2011,5.6,3396.16505817952,16.6267539486772,1.75237322,19.435,62.286,4.826,4609724.0,62.5597508130231
"Congo, Rep.",COG,2012,6.106699944,3732.32737320389,17.1843319193312,1.90971065,19.491,62.662,4.785,4740450.0,62.7187169094345
"Congo, Rep.",COG,2013,6.599999905,3697.41705884249,17.7552084772419,1.94347155,19.845,62.969,4.731,4857099.0,62.8682817180686
"Congo, Rep.",COG,2014,7.110000134,3601.2365808718,18.3393600656814,1.97311735,19.696,63.349,4.665,4975880.0,63.0075415618859
"Congo, Rep.",COG,2015,7.616000175,2439.35189403696,18.9369281667441,2.45668483,20.02,63.662,4.607,5097581.0,63.135592763847
"Congo, Rep.",COG,2016,8.121899605,2093.10728558843,19.5480521293593,2.59422994,20.298,63.911,4.546,5222536.0,63.2515316469123
"Congo, Rep.",COG,2017,8.649999619,2211.63309874797,20.1728789551264,2.36476016,20.737,64.203,4.496,5351011.0,63.3544545340423
"Congo, Rep.",COG,2018,11.8071003,2694.43413191427,20.2685707874205,1.75584984,20.84,64.472,4.442,5483118.0,63.4434577481975
"Congo, Rep.",COG,2019,16.11639977,2488.42466724916,20.3642632516174,2.34771276,20.494,63.152,4.38,5616661.0,63.5176376123385
"Congo, Rep.",COG,2020,21.99850082,1993.586671931,20.4597460251332,4.01775074,22.286,64.391,4.329,5752791.0,63.5760904494257
"Congo, Rep.",COG,2021,30.02739906,2516.16255145432,20.5548099594917,3.46133351,21.998,64.192,4.28,5892183.0,63.6179125824196
"Congo, Rep.",COG,2022,40.98669815,2620.83804267402,,2.30011368,20.131,65.0,4.215,6035104.0,63.6422003342807
"Congo, Rep.",COG,2023,43.15039825,2477.97845544866,,3.29744148,19.919,65.772,4.157,6182885.0,63.6626757615625
Costa Rica,CRI,2000,5.80025302331829,3812.75386183689,93.6849644850518,6.56498718,5.08,77.317,2.413,3937739.0,59.0462378975394
Costa Rica,CRI,2001,9.55948213497093,3985.12987980056,93.9239551778215,6.47409868,6.051,77.609,2.312,4008947.0,60.1427600448608
Costa Rica,CRI,2002,19.8948511346293,4067.71854177094,94.1561067618918,6.8690877,6.396,77.939,2.162,4075705.0,61.2787633575946
Costa Rica,CRI,2003,20.3336148143541,4173.14853766977,94.3814516576699,6.9691925,6.654,78.214,2.084,4138784.0,62.4518059303802
Costa Rica,CRI,2004,20.7923067055542,4431.01172024063,94.5999033929198,6.63006067,6.445,78.512,2.028,4200078.0,63.6596013546005
Costa Rica,CRI,2005,22.07,4703.00720463794,94.8112740526154,6.66429663,6.749,78.877,2.038,4261240.0,64.8998632216384
Costa Rica,CRI,2006,25.10000038,5256.59641275583,95.0158919320253,6.93530846,5.926,79.049,1.937,4321340.0,66.1703051228767
Costa Rica,CRI,2007,28.39999962,6137.71199435022,95.2137195498557,6.99642611,4.557,79.098,1.954,4380248.0,67.4686406496983
Costa Rica,CRI,2008,32.29,6937.24261660254,95.4049708043013,7.4685483,4.934,79.18,1.98,4440056.0,68.7925833934861
Costa Rica,CRI,2009,34.33,6832.69828187486,95.6700736028265,7.86019182,7.824,79.372,1.953,4499791.0,70.1398469456228
Costa Rica,CRI,2010,36.5,8265.78820580299,95.9272885931521,8.02937698,7.171,79.354,1.827,4555962.0,71.5081448974915
Costa Rica,CRI,2011,39.2121959961842,9276.39109377477,96.176583273924,8.12197781,9.518,79.624,1.877,4609833.0,72.8426586679914
Costa Rica,CRI,2012,47.5,10126.9991155066,96.4170699422162,7.78642273,9.11,79.925,1.851,4663934.0,73.3895020668217
Costa Rica,CRI,2013,45.96,10803.2401795009,96.6492260936329,7.68229342,8.218,80.189,1.779,4716147.0,73.9431776192863
Costa Rica,CRI,2014,53.0,10911.4978703456,96.8735289807789,7.66376209,8.499,80.231,1.8,4767119.0,74.4866963181212
Costa Rica,CRI,2015,59.7629501371681,11714.7106121672,97.0905446199626,7.59196186,8.415,80.407,1.797,4818038.0,75.0198195767549
Costa Rica,CRI,2016,65.8804491942718,12091.0301560892,97.3007564187582,7.31724358,8.085,79.988,1.746,4866998.0,75.5423088085047
Costa Rica,CRI,2017,71.5816646195022,12317.0902779911,97.5045870013496,7.04522991,7.729,79.994,1.714,4913177.0,76.0539254265608
Costa Rica,CRI,2018,73.4797284369906,12620.0207321581,97.7025136559983,7.28587723,9.01,80.09,1.706,4957818.0,76.5544308439668
Costa Rica,CRI,2019,81.2025964435269,12951.8588421841,97.8949564570676,7.2212491,10.807,80.296,1.6,4999553.0,77.0435864735963
Costa Rica,CRI,2020,80.53018608,12475.6852076814,98.0823538854413,7.82545757,16.432,79.725,1.448,5034320.0,77.5211537281257
Costa Rica,CRI,2021,82.74901607,12962.2716075659,98.265064236441,7.61130476,15.139,78.05,1.353,5059988.0,77.9868940200009
Costa Rica,CRI,2022,82.59801121,13971.7649991294,98.4434940972081,7.18368196,11.325,79.316,1.335,5081765.0,78.4405687613972
Costa Rica,CRI,2023,85.39514799,17140.771430122,98.6179737414505,6.8663702,8.325,80.799,1.33,5105525.0,78.8819393641702
Cote d'Ivoire,CIV,2000,0.231461670612799,936.636541348798,20.0416175559052,3.61476922,4.835,51.393,5.773,17699004.0,43.0840065011913
Cote d'Ivoire,CIV,2001,0.395747702246439,924.727294962066,20.7171311612942,3.59047151,5.195,51.428,5.704,18178913.0,43.4670149035012
Cote d'Ivoire,CIV,2002,0.497929360753307,967.815864415991,21.3928455958678,3.54146051,5.508,51.544,5.641,18654771.0,43.859032147728
Cote d'Ivoire,CIV,2003,0.758669629452205,1111.17135087887,22.0684596804749,3.95147705,5.847,51.443,5.572,19125542.0,44.2593744150531
Cote d'Ivoire,CIV,2004,0.849282414747704,1199.82524528546,22.7442737383766,4.02148724,5.915,51.939,5.527,19595000.0,44.667357886658
Cote d'Ivoire,CIV,2005,1.039199948,1197.74616979415,23.5549453716697,3.96639085,6.023,52.432,5.499,20068458.0,45.082298743724
Cote d'Ivoire,CIV,2006,1.52489996,1230.43056838584,24.3743169320385,3.92861462,6.017,52.885,5.448,20546802.0,45.5035131674326
Cote d'Ivoire,CIV,2007,1.799999952,1367.53817722326,25.2023258965762,4.19379663,6.284,53.452,5.403,21030558.0,45.930317338965
Cote d'Ivoire,CIV,2008,1.899999976,1583.97066701372,26.0389018909406,4.1387105,6.382,54.179,5.357,21514439.0,46.3620274395029
Cote d'Ivoire,CIV,2009,2.0,1540.45393569596,26.8833706227341,4.63971424,6.573,54.744,5.332,21997940.0,46.7979596502274
Cote d'Ivoire,CIV,2010,2.700000048,1553.54887048143,27.736273942075,4.57494831,6.607,55.282,5.292,22488065.0,47.2374301523201
Cote d'Ivoire,CIV,2011,2.900000095,1596.62826565998,28.5975387967836,4.39700699,7.144,55.972,5.244,22982000.0,47.6797551269623
Cote d'Ivoire,CIV,2012,4.400000095,1546.9460184731,29.4667970282772,4.4273715,7.223,56.57,5.19,23467078.0,48.1242507553354
Cote d'Ivoire,CIV,2013,6.599999905,1786.15862031324,30.3439798658214,3.71773791,4.255,57.057,5.135,23939775.0,48.5702332186208
Cote d'Ivoire,CIV,2014,10.0,1991.36539423404,31.2290182892459,3.7310183,3.274,57.772,5.071,24527395.0,49.0173144557368
Cote d'Ivoire,CIV,2015,38.4400001654616,1814.71855088017,32.1245714539308,3.2198832,2.573,58.281,4.97,25246342.0,49.4694894689553
Cote d'Ivoire,CIV,2016,41.2078149304414,1862.59597081287,33.0299664803717,3.32101274,1.896,58.814,4.873,25989405.0,49.929991034032
Cote d'Ivoire,CIV,2017,43.8399208514876,1964.29930338343,33.945429522791,3.24693036,3.272,59.315,4.757,26733372.0,50.3977309654344
Cote d'Ivoire,CIV,2018,37.5465361301281,2130.86619381144,34.8708875943719,3.0916779,2.852,59.795,4.596,27464173.0,50.8718477756395
Cote d'Ivoire,CIV,2019,36.2889545655205,2141.76836170115,35.8059580233634,3.18916845,2.401,60.274,4.523,28193009.0,51.3514799771241
Cote d'Ivoire,CIV,2020,36.01660156,2179.72934832935,36.7505613601134,3.62327886,2.588,60.14,4.461,28915449.0,51.8357660823651
Cote d'Ivoire,CIV,2021,35.95069885,2455.98127641148,37.704616869195,3.76207662,2.623,60.29,4.411,29639736.0,52.3183461956059
Cote d'Ivoire,CIV,2022,38.41328122,2333.37128301259,38.6680398290793,3.63847613,2.31,61.562,4.349,30395002.0,52.8492549676673
Cote d'Ivoire,CIV,2023,40.65284979,2591.9659048119,39.6407426651959,3.43218303,2.263,61.944,4.283,31165654.0,53.4075201638704
Croatia,HRV,2000,6.64488254374396,4953.57515008131,98.451172519388,7.65084314,16.064,72.8078048780488,1.39,4468302.0,55.6818319251231
Croatia,HRV,2001,11.5585731811648,5364.88188501029,98.4543940798405,7.16995239,15.822,74.5129268292683,1.46,4299642.0,55.6913829056559
Croatia,HRV,2002,17.76,6219.56093667781,98.2933337796124,6.14300489,15.053,74.7173170731707,1.42,4302174.0,55.6745468592554
Croatia,HRV,2003,22.75,8189.99059314699,98.0735685776892,6.29782534,13.924,74.6139024390244,1.41,4303399.0,55.6386960202113
Croatia,HRV,2004,30.91,9718.92771524605,97.8545220724704,6.5067997,13.664,75.520243902439,1.43,4304600.0,55.5890878734365
Croatia,HRV,2005,33.13999939,10443.4484003498,97.6362088912943,6.84068108,12.598,75.2446341463415,1.5,4310145.0,55.5307217475444
Croatia,HRV,2006,37.97999954,11501.2327422844,97.4186224972522,6.90362167,11.13,75.8368292682927,1.47,4311159.0,55.4685969711483
Croatia,HRV,2007,41.44,13755.8149054063,97.201764016731,7.38946152,9.909,75.7056097560976,1.48,4310217.0,55.4077128728613
Croatia,HRV,2008,44.24,15888.1184388903,96.9856368305825,7.63643503,8.53,75.9121951219512,1.47,4309705.0,55.3530687812969
Croatia,HRV,2009,50.58,14474.52513863,96.7702400027243,8.03311729,9.202,76.1682926829268,1.5,4305181.0,55.3096640250682
Croatia,HRV,2010,56.55,13729.7472872883,96.555570839204,7.94908857,11.62,76.4756097560976,1.46,4295427.0,55.2824979327886
Croatia,HRV,2011,57.7899789891444,14691.591757962,96.3415946710198,7.62508154,13.678,76.7756097560976,1.41,4280622.0,55.2773793281248
Croatia,HRV,2012,61.9399731527956,13507.6349882758,96.1289814804925,7.63413,16.046,77.1682926829268,1.52,4260368.0,55.3042888624873
Croatia,HRV,2013,66.7476,14135.0903485872,95.9178030204647,6.37271595,17.231,77.5707317073171,1.46,4233922.0,55.3659479687433
Croatia,HRV,2014,68.5678992528467,14186.7712230471,95.7081981742449,6.56612396,17.209,77.7243902439024,1.46,4201598.0,55.4591834926844
Croatia,HRV,2015,69.8450359238281,12283.8750299177,95.7190097005678,6.65548038,16.15,77.2756097560976,1.41,4151725.0,55.5812594509004
Croatia,HRV,2016,72.6972696701463,12820.1872746645,95.7305312019132,6.69167471,13.015,77.9219512195122,1.43,4106867.0,55.7294398599808
Croatia,HRV,2017,67.0961920368478,13901.6498657787,95.7427708106791,6.62803125,11.078,77.7268292682927,1.42,4041407.0,55.9009887365155
Croatia,HRV,2018,75.2946259897258,15460.4560798984,95.7545423447665,6.7136178,8.322,77.919512195122,1.47,3988775.0,56.093170097094
Croatia,HRV,2019,79.0797836757554,15563.7354996625,95.7669528953151,6.78699923,6.551,78.2243902439024,1.47,3949390.0,56.303247958306
Croatia,HRV,2020,78.32090004,14807.5559227544,95.7800263365526,7.68352938,7.389,77.5243902439024,1.48,3914206.0,56.5284863367411
Croatia,HRV,2021,81.25396608,17788.7601163765,95.7936994032533,8.08265686,7.483,76.4243902439025,1.62,3878981.0,56.7683502560171
Croatia,HRV,2022,82.07155532,18465.531473659,,7.29636335,6.811,77.5756097560976,1.53,3855641.0,56.9977571733605
Croatia,HRV,2023,83.24117599,22183.4982258492,,7.14699411,6.121,78.4731707317073,1.46,3859686.0,57.2431560672198
Cuba,CUB,2000,0.541182548811058,2751.3817714814,81.3080697127974,6.58189821,5.45,75.922,1.608,11109109.0,75.635383605957
Cuba,CUB,2001,1.07975172188907,2842.96704310394,81.5051365608873,6.9820981,4.08,76.429,1.595,11144132.0,75.887565612793
Cuba,CUB,2002,3.77058503769014,3005.21104247868,81.700801188387,7.11481619,3.31,76.766,1.645,11177418.0,75.8514891112497
Cuba,CUB,2003,5.2412690536929,3202.78109865637,81.8877194696665,7.10295439,2.33,77.405,1.627,11209383.0,75.8636638735113
Cuba,CUB,2004,8.40798475900703,3399.21962893402,82.0663791534735,6.83178711,1.854,77.326,1.546,11238756.0,75.917681659226
Cuba,CUB,2005,9.73806220781346,3786.33799225291,82.6899916406474,8.75525475,1.95,77.54,1.486,11262554.0,76.0033319545493
Cuba,CUB,2006,11.1596013147617,4329.98265964383,83.3149183953816,8.2719059,1.913,77.406,1.402,11278550.0,76.1121531072403
Cuba,CUB,2007,11.69,4807.43888960684,83.9411498169061,10.9674921,1.788,77.55,1.436,11287272.0,76.2356834650585
Cuba,CUB,2008,12.94,4986.12436479175,84.5686588894511,11.31422806,1.583,77.589,1.576,11291762.0,76.365461375763
Cuba,CUB,2009,14.33,5089.23519757167,85.1973567326843,12.29053974,1.67,77.584,1.678,11294719.0,76.4930251871133
Cuba,CUB,2010,15.9,5272.26755824835,85.8273291036307,10.6880827,2.5,77.876,1.673,11297409.0,76.6099132468685
Cuba,CUB,2011,16.0172907996413,6104.46105236166,86.4585513716305,11.31298637,3.18,78.051,1.734,11301571.0,76.707663902788
Cuba,CUB,2012,21.20000076,6470.83673392653,87.0910198102198,9.29940987,3.46,78.162,1.668,11303175.0,76.7776920066844
Cuba,CUB,2013,27.93,6828.36428245396,87.7216207113472,10.43099499,3.29,78.028,1.678,11298167.0,76.81640625
Cuba,CUB,2014,29.0701843656523,7146.70459051328,88.3531363979165,12.14121914,2.7,77.825,1.655,11285775.0,76.8442459106445
Cuba,CUB,2015,37.3050974155373,7727.91997207998,88.9864920345571,12.81404305,2.4,77.745,1.685,11275065.0,76.8702850341797
Cuba,CUB,2016,42.9786751910106,8110.55874283616,89.6215521812865,12.21769619,2.0,77.571,1.6,11265612.0,76.9115829467773
Cuba,CUB,2017,57.1484043170788,8610.60829605429,90.2590050806412,11.47201538,1.7,77.3,1.585,11247829.0,76.9603271484375
Cuba,CUB,2018,62.6789236230601,8911.46205998726,90.8986460916429,11.01842499,1.7,77.426,1.607,11227118.0,77.0156326293945
Cuba,CUB,2019,67.9708086565152,9232.26115935183,91.5402228633008,11.08501148,1.705,77.413,1.54,11202846.0,77.0728225708008
Cuba,CUB,2020,71.11907507,9605.27914559614,92.1835753798285,12.48641968,2.233,77.407,1.489,11176354.0,77.1080322265625
Cuba,CUB,2021,67.64354869,,92.8284902817438,13.78746605,2.11,73.201,1.427,11122168.0,77.0987701416016
Cuba,CUB,2022,67.88410187,,93.4747105097717,11.78773499,1.829,77.629,1.412,11059820.0,77.1056060791016
Cuba,CUB,2023,69.55580139,,94.1220801306732,9.38383102,1.73,78.085,1.439,11019931.0,77.1259872296321
Curacao,CUW,2000,,15841.2612359949,98.3110015914789,,,73.283,2.342,133860.0,90.8692145662905
Curacao,CUW,2001,,16609.8454536485,98.3770070202266,,,73.36,2.405,129047.0,91.060147058155
Curacao,CUW,2002,,16723.6925253468,98.4430124489743,,,73.472,2.3,129205.0,91.0970316517813
Curacao,CUW,2003,,16695.7351137757,98.5090178777219,,,73.603,2.191,131897.0,91.1278267399674
Curacao,CUW,2004,,16671.3403391655,98.5750233064696,,,73.735,2.099,134192.0,91.1534053060108
Curacao,CUW,2005,,17032.3356620744,98.6410287352173,,,73.873,2.037,137658.0,91.1746923604573
Curacao,CUW,2006,,17400.1637780186,98.707034163965,,,73.978,2.1,141239.0,91.1926129138527
Curacao,CUW,2007,,18005.7165850772,98.7730395927127,,,74.137,2.0,144056.0,91.2080919767428
Curacao,CUW,2008,,19423.3352430175,98.8390450214604,,,74.314,2.2,145880.0,91.2220545596735
Curacao,CUW,2009,,19540.2476579348,98.9050504502081,,,74.485,2.1,146833.0,91.2354256731905
Curacao,CUW,2010,,19847.2310127979,98.9710558789558,,,75.117,2.2,148703.0,91.2491303278397
Curacao,CUW,2011,,19426.326382752,99.0370613077035,,,75.576,2.1,150831.0,91.2639416184104
Curacao,CUW,2012,,19809.8223198624,99.1030667364512,,,75.96,2.2,152088.0,91.2791300612311
Curacao,CUW,2013,,19721.2921646576,99.1690721651989,,,76.239,2.1,153822.0,91.2938785868797
Curacao,CUW,2014,,19623.029993395,99.1690721651989,,,76.384,2.0,155909.0,91.3082030810948
Curacao,CUW,2015,,19361.8130008678,99.1690721651989,,,76.482,1.9,157980.0,91.3220471649755
Curacao,CUW,2016,61.855510740634,18944.0961493998,99.1690721651989,,,76.322,1.7,159664.0,91.3353544596205
Curacao,CUW,2017,68.1272162511339,18938.2440469703,99.1690721651989,,,76.423,1.5,160175.0,91.3480685861287
Curacao,CUW,2018,,19119.1243941688,,,,76.493,1.7,159336.0,91.3601331655991
Curacao,CUW,2019,,19220.6866958303,,,,76.492,1.6,157441.0,91.3714918191305
Curacao,CUW,2020,,16299.8134688605,,,,76.501,1.4,155482.0,91.3820881678218
Curacao,CUW,2021,,17795.5826483092,,,,75.686,1.4,153948.0,91.391865832772
Curacao,CUW,2022,,20057.1404960105,,,,76.729,1.4,153321.0,91.4007684350799
Curacao,CUW,2023,,21217.8109173312,,,,76.8,1.3,154654.0,91.4080929292235
Cyprus,CYP,2000,15.2553943710137,14388.3525390625,99.6199406645238,5.30800056,4.766,77.9,1.638,947667.0,68.7726966799379
Cyprus,CYP,2001,18.8187590408455,14821.44921875,99.6200247256728,5.33940458,4.043,78.185,1.566,964127.0,68.8024068077544
Cyprus,CYP,2002,28.32,16093.2158203125,99.6199751312853,5.61565971,3.336,78.758,1.497,981440.0,68.7863589370716
Cyprus,CYP,2003,30.09,20252.24609375,99.6136877795187,5.63568783,4.153,78.908,1.505,999590.0,68.7120973207373
Cyprus,CYP,2004,33.83,23792.619140625,99.6072927397661,5.40558147,4.77,79.007,1.512,1017875.0,68.5908141437316
Cyprus,CYP,2005,32.81,24959.26171875,99.6007951565338,5.43580961,5.481,79.198,1.479,1036151.0,68.4340674211981
Cyprus,CYP,2006,35.83,26729.28125,99.5942003777619,5.46357489,4.593,79.456,1.509,1054418.0,68.2534151682801
Cyprus,CYP,2007,40.77,31244.87890625,99.5874947603584,5.35744858,3.946,79.798,1.449,1072714.0,68.0604154001212
Cyprus,CYP,2008,42.31,35541.88671875,99.5806869469341,6.01430845,3.756,79.906,1.479,1091026.0,67.8666261318649
Cyprus,CYP,2009,49.81,32236.462890625,99.57376515883,6.46531534,5.594,80.375,1.475,1109371.0,67.6836053786548
Cyprus,CYP,2010,52.99,31105.02734375,99.5667445489434,6.50055742,6.359,80.632,1.434,1127816.0,67.5229111556342
Cyprus,CYP,2011,56.8598923503507,32485.8046875,99.5596171415889,6.43139076,7.942,80.855,1.36,1146493.0,67.3979892758544
Cyprus,CYP,2012,60.6898684001903,28991.9296875,99.5523804913216,6.53638792,12.097,81.128,1.382,1165397.0,67.3010289148738
Cyprus,CYP,2013,65.4548,27764.7265625,99.5451371787791,6.92774534,16.131,81.317,1.304,1183895.0,67.2102333625375
Cyprus,CYP,2014,69.3286967086473,26993.095703125,99.5378944664201,6.93137264,16.277,81.337,1.312,1201801.0,67.1230558819804
Cyprus,CYP,2015,71.7157409175171,23088.4296875,99.5306978983581,6.79382181,15.026,81.464,1.323,1219502.0,67.0402477918073
Cyprus,CYP,2016,75.9002054030125,24280.044921875,99.5235457103291,6.65254688,13.006,81.534,1.357,1237112.0,66.9625604106231
Cyprus,CYP,2017,80.743188971932,26247.46484375,99.5164756897262,6.62192535,11.155,81.543,1.323,1254275.0,66.8907450570326
Cyprus,CYP,2018,84.4335825186889,29120.38671875,99.5094911557165,6.78446245,8.504,81.556,1.319,1270737.0,66.8255530496405
Cyprus,CYP,2019,86.0636299618935,29227.16796875,99.5026390696851,6.99843168,7.155,81.454,1.33,1286671.0,66.7677357070518
Cyprus,CYP,2020,90.80194644,28130.330078125,99.4959339092573,8.64796448,7.755,81.23,1.361,1302247.0,66.7180443478713
Cyprus,CYP,2021,90.75951564,32937.8359375,99.4893875128893,8.87445068,7.513,80.573,1.392,1317309.0,66.6718365394971
Cyprus,CYP,2022,89.60099194,33231.05078125,99.4830286709908,8.27201366,6.806,80.434,1.393,1331370.0,66.6694829407584
Cyprus,CYP,2023,91.22110357,36623.70703125,99.4768823557025,8.11912918,5.835,81.648,1.389,1344976.0,66.6739477522639
Czechia,CZE,2000,9.78052788834393,6062.92152842793,99.0199352987206,5.66916943,8.764,74.9682926829268,1.15,10255063.0,74.0038256456769
Czechia,CZE,2001,14.6971721171129,6669.07494847497,99.0183220788767,5.83479309,8.128,75.1731707317073,1.15,10216605.0,73.9131752504002
Czechia,CZE,2002,23.93,8101.26018588111,99.0224988407021,6.14656258,7.28,75.2219512195122,1.17,10196916.0,73.8360067578753
Czechia,CZE,2003,34.3,9852.45677945801,99.0268406201915,6.50168419,7.777,75.1707317073171,1.18,10193998.0,73.7649150201353
Czechia,CZE,2004,35.5,11782.5546676117,99.0313656821167,6.33308411,8.298,75.7219512195122,1.23,10197101.0,73.6991647167017
Czechia,CZE,2005,35.27,13442.4916284309,99.0360747100717,6.33529043,7.927,75.9243902439025,1.29,10211216.0,73.6375545423198
Czechia,CZE,2006,47.93,15259.0788162004,99.0409691577394,6.16489983,7.141,76.5243902439024,1.34,10238905.0,73.578883191735
Czechia,CZE,2007,51.93,18452.6532812196,99.0460417932649,5.99029112,5.316,76.7243902439025,1.45,10298828.0,73.5219493596925
Czechia,CZE,2008,62.97,22774.7045076205,99.0513031802799,6.33855247,4.392,76.9756097560976,1.51,10384603.0,73.4655517409377
Czechia,CZE,2009,64.43,19817.4215836554,99.0567489826448,7.2650013,6.662,77.0780487804878,1.51,10443936.0,73.4084890302159
Czechia,CZE,2010,68.82,20160.4355077059,99.0623856130317,7.47836781,7.281,77.4243902439025,1.51,10474410.0,73.3495599222723
Czechia,CZE,2011,70.49,22049.1080788682,99.0682046251775,7.47281456,6.712,77.8731707317073,1.43,10496088.0,73.2878338394746
Czechia,CZE,2012,73.4300078241036,20014.0354015165,99.0741157391505,7.53974962,6.979,78.0756097560976,1.45,10510785.0,73.2249239592898
Czechia,CZE,2013,74.1104,20260.4954999375,99.0797791585542,7.44831276,6.953,78.1756097560976,1.46,10514272.0,73.1622186934979
Czechia,CZE,2014,74.2317116367383,20038.4163180257,99.0755485007891,7.53919601,6.108,78.8243902439024,1.53,10525347.0,73.0995921041469
Czechia,CZE,2015,75.668838699279,17931.5987670768,99.0751703935412,7.29346752,5.048,78.5780487804878,1.57,10546059.0,73.0370442874355
Czechia,CZE,2016,76.4811986951838,18753.9686718096,99.0747972565215,7.32258606,3.952,79.0268292682927,1.63,10566332.0,72.9745753395623
Czechia,CZE,2017,78.7191728513432,20913.197632212,99.0743713886289,7.24190664,2.893,78.9780487804878,1.69,10594438.0,72.9121853567256
Czechia,CZE,2018,80.6881675434288,23705.9329811299,99.073893834029,7.37173605,2.246,79.0292682926829,1.71,10629928.0,72.8498744351241
Czechia,CZE,2019,80.8669444139622,24062.7190013343,99.0733677168251,7.48754358,2.015,79.2292682926829,1.71,10671870.0,72.7876426709563
Czechia,CZE,2020,81.33889705,23472.8915454417,99.0728030542538,8.96995831,2.55,78.2268292682927,1.74,10697858.0,72.7254901604208
Czechia,CZE,2021,82.67062427,27696.4619527544,99.0721814938167,9.15420723,2.803,77.2219512195122,1.83,10505772.0,72.6810594374316
Czechia,CZE,2022,84.54009378,28282.2236715857,99.0715177493914,8.47063065,2.224,78.9292682926829,1.64,10672118.0,72.6967638379524
Czechia,CZE,2023,85.99404818,31761.5944102491,99.0708089030162,8.42677402,2.579,79.8268292682927,1.46,10864042.0,72.7352388396817
Denmark,DNK,2000,39.1724308555053,30722.0251837567,99.5972376023296,8.11006165,4.476,76.5926829268293,1.77,5339616.0,85.0999984741211
Denmark,DNK,2001,42.9575247201878,30768.4775471112,99.5972416304782,8.44370651,4.164,76.7926829268293,1.74,5358783.0,85.188307882087
Denmark,DNK,2002,64.25,33257.1622586509,99.5972442699568,8.69506168,4.274,76.8951219512195,1.72,5375931.0,85.3000030517578
Denmark,DNK,2003,76.26,40519.0974905924,99.5972440111371,8.89037418,5.398,77.1439024390244,1.76,5390574.0,85.4199981689453
Denmark,DNK,2004,80.93,46625.050098011,99.5972402944734,8.98551464,5.204,77.4926829268293,1.78,5404523.0,85.7130276911593
Denmark,DNK,2005,82.74,48925.8076698784,99.597236324295,9.06716251,4.83,77.8439024390244,1.8,5419432.0,86.0059706832865
Denmark,DNK,2006,86.65,52119.1787984282,99.5972374048181,9.15257931,3.897,78.0951219512195,1.85,5437272.0,86.2501288149818
Denmark,DNK,2007,85.03,58631.6566433635,99.5972334856175,9.30215549,3.801,78.1951219512195,1.84,5461438.0,86.4251464366349
Denmark,DNK,2008,85.02,64616.6657583663,99.5972323943496,9.46797943,3.683,78.4463414634146,1.89,5493621.0,86.583137512207
Denmark,DNK,2009,86.84,58412.7472358513,99.5972316699416,10.62873173,6.409,78.5975609756098,1.84,5523095.0,86.7617653139929
Denmark,DNK,2010,88.72,58104.5445594981,99.5972300585554,10.59621811,7.746,79.1,1.87,5547683.0,86.8652420043945
Denmark,DNK,2011,89.8100133895232,61809.737898222,99.5972309188778,10.39758492,7.769,79.8,1.75,5570572.0,87.1567653955846
Denmark,DNK,2012,92.2600117153012,58443.7747103968,99.5972365782487,10.53344631,7.798,80.0512195121951,1.73,5591572.0,87.2336196899414
Denmark,DNK,2013,94.6297,61377.5940590412,99.5972308171769,10.29778957,7.384,80.3,1.67,5614932.0,87.5436524760432
Denmark,DNK,2014,95.9935053764454,62520.4509747011,99.5972357033725,10.31388664,6.925,80.7,1.69,5643475.0,87.6823985731907
Denmark,DNK,2015,96.3305016195436,53094.0133607574,99.5972338246899,10.3754549,6.278,80.7024390243902,1.71,5683483.0,87.7254056577329
Denmark,DNK,2016,96.9677852516645,54500.9260410217,99.5972301475052,10.28229332,5.989,80.8536585365854,1.79,5728010.0,87.6999969482422
Denmark,DNK,2017,97.0993621555621,57521.5514992225,99.5972303913109,10.1137991,5.833,81.1024390243903,1.75,5764980.0,88.0161943799509
Denmark,DNK,2018,97.3192043651002,61324.7665045565,99.5972321137483,10.14163208,5.131,80.9536585365854,1.73,5793636.0,88.1059762310689
Denmark,DNK,2019,98.0464347521549,59404.2663247723,99.5972264992143,10.18468761,5.018,81.4512195121951,1.7,5814422.0,88.2096490810669
Denmark,DNK,2020,96.54914573,60985.4885601514,99.5972310070963,10.69237614,5.644,81.6024390243903,1.68,5831404.0,88.2394485473632
Denmark,DNK,2021,98.8658506,69340.7334922138,99.5972289739284,10.65575886,5.065,81.4048780487805,1.72,5856733.0,88.2616449318149
Denmark,DNK,2022,97.86011812,67781.0940939514,99.5972313839473,9.47411346,4.434,81.3048780487805,1.55,5903037.0,88.3880239837703
Denmark,DNK,2023,98.77559197,68043.5466971243,99.5972246130908,9.5572958,5.094,81.7536585365854,1.5,5946952.0,88.552638542867
Djibouti,DJI,2000,0.194500528399956,737.612183644052,43.8005585471414,3.39641857,26.664,56.734,4.601,747318.0,73.3486361649708
Djibouti,DJI,2001,0.343526262964202,742.133791107063,43.8212949493816,3.1960845,26.597,57.506,4.518,771313.0,72.8935327252495
Djibouti,DJI,2002,0.48697170451894,743.013270420348,43.8420347636871,3.75243783,26.589,57.824,4.41,795574.0,72.4503357641707
Djibouti,DJI,2003,0.625940229399888,764.634465224597,43.8627723780355,4.27048731,26.484,58.041,4.296,813519.0,72.0304414068997
Djibouti,DJI,2004,0.781317175068661,806.261652944964,43.883509634259,3.53544688,26.441,58.103,4.162,826124.0,71.6452457786012
Djibouti,DJI,2005,0.953599989,844.4483573908,45.4139101542283,3.80321956,26.448,58.548,4.035,839167.0,71.3061450044404
Djibouti,DJI,2006,1.269999981,898.464628136774,46.9402321181691,4.21972466,26.382,58.962,3.899,855764.0,71.0245352095823
Djibouti,DJI,2007,1.62,969.573220191902,48.4620248883816,4.05262756,26.292,59.362,3.756,874528.0,70.8118125191918
Djibouti,DJI,2008,2.26,1119.15233346969,49.9792625492526,3.6125772,26.183,59.815,3.621,892734.0,70.6793730584341
Djibouti,DJI,2009,4.0,1150.9375857489,51.4914501079009,3.63905573,26.325,60.351,3.521,911527.0,70.6383251554484
Djibouti,DJI,2010,6.5,1213.23352553429,53.0040688366127,3.35699701,26.368,60.743,3.431,930251.0,70.6486554782903
Djibouti,DJI,2011,7.0,1306.34552844977,54.5173591170882,3.37387872,26.31,61.337,3.341,948558.0,70.6776532458676
Djibouti,DJI,2012,9.399999619,1400.19357858954,56.031031232703,3.29730988,26.179,61.719,3.255,966747.0,70.7266311335377
Djibouti,DJI,2013,12.69999981,2075.94498424748,57.545815952446,2.91782117,26.149,62.116,3.187,984824.0,70.7969331287484
Djibouti,DJI,2014,17.0,2214.62084142432,59.060863750812,2.95930099,26.16,62.427,3.116,1002717.0,70.8899032189478
Djibouti,DJI,2015,22.89999962,2376.12554719873,60.5779617075524,3.3475771,26.063,62.833,3.041,1020313.0,71.0068853915837
Djibouti,DJI,2016,30.79999924,2510.4300076241,62.0957006266769,2.74166131,25.982,63.335,2.969,1037653.0,71.1492236341041
Djibouti,DJI,2017,55.6814092453962,2618.95521147369,63.6147917367826,2.47976375,26.064,63.71,2.916,1054841.0,71.318261933957
Djibouti,DJI,2018,57.06169891,2718.08338799203,65.1354027813767,2.530864,26.18,64.105,2.858,1071882.0,71.5153442785902
Djibouti,DJI,2019,58.4762001,2837.16902340932,66.6577106028334,2.41347837,26.257,64.381,2.798,1088709.0,71.7418146554518
Djibouti,DJI,2020,59.92570114,2844.88810647853,66.7421157146302,2.33861232,27.701,64.2,2.745,1105188.0,71.9990170519895
Djibouti,DJI,2021,61.41120148,3025.91126413549,66.8311205695029,2.87128091,27.628,63.83,2.699,1121248.0,72.2882954556515
Djibouti,DJI,2022,63.77600098,3133.25779772463,66.9247194918968,2.52554536,26.272,65.54,2.653,1137096.0,72.6109938538856
Djibouti,DJI,2023,64.75869751,3381.29779710722,67.0234840121481,2.28316021,26.074,65.987,2.609,1152944.0,72.8408245988921
Dominica,DMA,2000,8.81484419762881,4867.39896323759,64.0425728567548,5.32374382,,71.715,2.346,68511.0,65.2352744316641
Dominica,DMA,2001,13.2452280386761,5527.51527300496,65.298253781627,4.64501858,,71.862,2.399,68288.0,65.3586067945228
Dominica,DMA,2002,18.4248927671241,5488.02784969357,66.5539347064993,4.6531105,,71.927,2.16,68367.0,65.5209250395792
Dominica,DMA,2003,23.6204198529629,5447.44011496284,67.8096156313715,4.84617901,,71.942,2.075,68531.0,65.7244163144059
Dominica,DMA,2004,30.3196130921568,5778.83306546506,69.0652965562438,4.74520159,,71.987,2.023,68649.0,65.9653093849432
Dominica,DMA,2005,38.54359818,5695.22442394675,70.3209774811161,4.97772503,,72.016,1.998,68734.0,66.2400724917823
Dominica,DMA,2006,39.39820099,6055.78109574854,71.5766584059883,4.78092194,,72.007,2.074,68806.0,66.5451738755145
Dominica,DMA,2007,40.2745018,6459.03503689609,72.8323393308606,4.79109955,,71.901,2.022,68847.0,66.877081776731
Dominica,DMA,2008,41.15999985,6971.32633839289,74.0880202557328,5.04968786,,71.945,1.968,68854.0,67.232264436023
Dominica,DMA,2009,42.02000046,7487.49010395154,75.3437011806051,4.98329306,,71.835,1.918,68864.0,67.6071900939817
Dominica,DMA,2010,47.45,7549.61964680375,76.5993821054773,5.15711927,,71.68,1.887,68859.0,67.9983269911984
Dominica,DMA,2011,48.59999847,7705.40717248319,77.8550630303496,5.33450365,,71.517,1.861,69053.0,68.3978165602727
Dominica,DMA,2012,49.79999924,7528.51001990155,79.1107439552219,5.79509926,,71.391,1.827,69118.0,68.754609337094
Dominica,DMA,2013,51.0,7822.21797211398,80.3664248800941,5.34749842,,71.228,1.778,69715.0,69.119704197722
Dominica,DMA,2014,57.5,8131.74876096735,80.3664248800941,5.26141691,,71.189,1.713,70373.0,69.4907847110252
Dominica,DMA,2015,65.0,8282.59874702141,80.3664248800941,5.15941811,,69.968,1.648,70410.0,69.8679153463528
Dominica,DMA,2016,67.02999878,8802.56172041363,80.3664248800941,5.12308073,,71.189,1.581,69606.0,70.2511605730541
Dominica,DMA,2017,69.61969757,8224.64896571414,80.3664248800941,5.46245432,,68.62,1.54,68496.0,70.6405848604787
Dominica,DMA,2018,,9215.3085405645,,6.18495989,,71.378,1.517,68174.0,71.0362526779762
Dominica,DMA,2019,73.38200378,9491.14995962374,,5.16903925,,71.305,1.504,67880.0,71.4382284948964
Dominica,DMA,2020,75.65670013,7827.74842680426,,6.06806135,,71.269,1.495,67573.0,71.846576780589
Dominica,DMA,2021,78.07949829,8376.40414141113,,6.31142521,,69.832,1.484,67202.0,72.2613620044042
Dominica,DMA,2022,80.57980347,9323.66089490562,,5.97262001,,71.081,1.482,66826.0,72.682648635692
Dominica,DMA,2023,81.33650208,9912.96212766668,,5.00757647,,71.132,1.484,66510.0,73.1105011438027
Dominican Republic,DOM,2000,3.70469235587688,2831.45883638033,76.5972413927346,4.88427496,6.432,70.365,2.869,8584190.0,61.3128549215919
Dominican Republic,DOM,2001,4.42939069666645,2935.89367312668,77.1486058727442,4.88183308,7.262,70.553,2.827,8720283.0,62.2979450293469
Dominican Republic,DOM,2002,6.8237257325842,3065.60329524196,77.6989945887233,4.98649025,6.779,70.719,2.764,8852235.0,63.2914022524877
Dominican Republic,DOM,2003,7.89839293716387,2383.26171780393,78.3032583035324,4.38888264,6.938,70.856,2.703,8980620.0,64.426197134766
Dominican Republic,DOM,2004,8.8655534607044,2451.69161616569,78.9271188808874,4.2877388,6.303,70.73,2.641,9104892.0,65.8914085229291
Dominican Republic,DOM,2005,11.4831977789344,3878.31206735244,79.5457900352117,4.35391188,6.587,71.043,2.574,9225034.0,67.5759180469321
Dominican Republic,DOM,2006,14.8449283654589,4055.14270347371,80.1598054522456,3.99365425,5.654,71.054,2.508,9341183.0,69.333853706035
Dominican Republic,DOM,2007,17.66,4649.64558875814,80.7688357715562,4.08935308,5.158,71.097,2.51,9455658.0,71.0193434994977
Dominican Republic,DOM,2008,20.82,5023.58513403515,81.3729094599305,4.56442022,4.764,71.331,2.546,9573130.0,72.4865154265802
Dominican Republic,DOM,2009,27.72,4973.95186999952,81.9711115493229,4.76706171,5.467,71.587,2.574,9695265.0,73.5894974865426
Dominican Republic,DOM,2010,31.39999962,5478.62470398954,82.5643436966814,4.92896748,5.212,72.039,2.556,9820175.0,74.1642773174177
Dominican Republic,DOM,2011,38.0,5826.51014109195,83.1400170777366,5.04506636,6.087,72.496,2.527,9945621.0,74.2440389501301
Dominican Republic,DOM,2012,42.32,6013.81965002603,83.7029811065399,5.05897284,6.722,72.817,2.497,10070411.0,74.2398679969568
Dominican Republic,DOM,2013,45.9,6136.59429329301,84.2618165680841,4.92594242,7.351,73.038,2.474,10193833.0,74.2251359951216
Dominican Republic,DOM,2014,49.58000183,6496.45166971142,84.8168092520689,4.80942917,6.719,73.145,2.451,10315528.0,74.1931533822153
Dominican Republic,DOM,2015,54.2157663369785,6800.95309395474,85.3681191078801,4.73534584,7.605,72.982,2.43,10434829.0,74.1372305958285
Dominican Republic,DOM,2016,63.8708647408206,7160.44200982307,85.9156708340948,4.58582401,7.284,72.889,2.41,10551430.0,74.0506780735522
Dominican Republic,DOM,2017,67.5712453277737,7412.71571571512,86.4591843551148,4.44562674,5.832,73.37,2.398,10666843.0,73.926806252977
Dominican Republic,DOM,2018,74.8220483597284,7882.98221584944,86.9970340675961,4.21765518,5.861,73.555,2.397,10782053.0,73.7589255716938
Dominican Republic,DOM,2019,79.71549988,8183.01623600375,87.5294360450425,4.36808872,6.356,73.112,2.366,10894043.0,73.5403464672933
Dominican Republic,DOM,2020,81.61730194,7135.22273255899,88.0566185078015,4.96490288,6.126,72.636,2.329,11008300.0,73.2643793773663
Dominican Republic,DOM,2021,85.24298638,8527.0754858205,88.5790077931484,5.08839989,7.702,71.757,2.294,11123476.0,72.9243347395035
Dominican Republic,DOM,2022,81.51269675,10104.2464008585,89.0968114947434,4.64506817,5.504,74.211,2.267,11230734.0,72.4203155643711
Dominican Republic,DOM,2023,86.12689972,10630.431743829,89.6102380882298,4.59880495,5.555,73.72,2.243,11331265.0,72.3577991823338
Ecuador,ECU,2000,1.46218853556457,1382.23421759909,73.0247894296071,3.57367969,4.8,72.09,3.102,12689206.0,60.6865005107058
Ecuador,ECU,2001,2.67044367376705,1791.30359685037,73.682272686074,4.06365538,4.252,72.571,3.037,12910740.0,61.0123544006659
Ecuador,ECU,2002,4.26079691519764,2059.1585535974,74.2940388985466,4.81404829,4.825,73.164,2.972,13138472.0,61.2871268050958
Ecuador,ECU,2003,4.46022834472698,2315.62215223014,74.8765406550674,5.79232407,5.662,73.632,2.911,13372306.0,61.5418469886978
Ecuador,ECU,2004,4.83444263759525,2586.20914663347,75.4556589592685,5.88152218,5.002,73.868,2.853,13608701.0,61.7829573274038
Ecuador,ECU,2005,5.994299889,2909.02606014388,76.2586729736281,5.85904884,3.779,73.909,2.8,13846163.0,62.0068704145716
Ecuador,ECU,2006,7.199999809,3243.67010359339,77.060905576886,5.93617773,3.55,74.01,2.753,14086131.0,62.2099988435587
Ecuador,ECU,2007,10.80000019,3478.92488770671,77.862718659502,5.55722475,3.142,74.226,2.704,14328773.0,62.3887552077227
Ecuador,ECU,2008,18.8,4194.75750661981,78.663760639549,5.52174902,3.917,74.709,2.688,14575202.0,62.5395521004212
Ecuador,ECU,2009,24.6,4053.36331139298,79.4640520853321,6.03388453,4.608,74.901,2.678,14825954.0,62.6588021150118
Ecuador,ECU,2010,29.03,4520.30959039763,80.2637776434408,6.34925699,4.088,75.188,2.615,15076695.0,62.7405258611644
Ecuador,ECU,2011,31.3668083587433,5153.6916424375,81.0578095261347,6.60509682,3.458,75.179,2.605,15326227.0,62.7949053547691
Ecuador,ECU,2012,35.1351464545516,5634.08393191094,81.8481545734272,6.87859821,3.235,75.486,2.509,15572194.0,62.8408732819135
Ecuador,ECU,2013,40.279121941,6109.29031510341,82.6385639070942,6.77866411,3.083,75.832,2.362,15807128.0,62.8837286624122
Ecuador,ECU,2014,45.5903906666095,6405.79979300441,83.4289010855999,6.76601839,3.48,76.141,2.274,16035124.0,62.9232432195799
Ecuador,ECU,2015,48.9404337892669,5976.1596805651,84.2194382578739,7.76786041,3.616,76.222,2.209,16266225.0,62.959188676731
Ecuador,ECU,2016,54.0629247288864,5917.63771271481,85.0099232884518,7.58817482,4.597,76.094,2.122,16505139.0,62.9913367571804
Ecuador,ECU,2017,55.79999924,6233.32244797718,85.8004886348106,7.52484131,3.836,76.22,2.128,16759519.0,63.0194591842425
Ecuador,ECU,2018,57.5,6303.91886658338,86.5928399282026,7.83364677,3.53,77.248,2.111,17049547.0,63.0433276812321
Ecuador,ECU,2019,59.2,6205.05765246766,87.3866333551063,7.80878448,3.812,77.286,2.035,17340021.0,63.0627139714638
Ecuador,ECU,2020,70.7,5463.64515348598,88.1817507856303,8.60608387,6.116,72.004,1.967,17546065.0,63.0773897782521
Ecuador,ECU,2021,69.1147995,6061.32350181711,88.9779601085787,8.37526226,4.504,72.746,1.909,17682454.0,63.0871268249117
Ecuador,ECU,2022,69.71811356,6515.58528418336,89.7233208052462,7.60183907,3.713,76.577,1.861,17823897.0,63.0901835932266
Ecuador,ECU,2023,72.6943146,6718.1447938811,90.5556911375942,7.56167889,3.51,77.392,1.823,17980083.0,63.1307729554263
"Egypt, Arab Rep.",EGY,2000,0.641265037504813,1366.09274372613,91.974568364989,4.92244291,8.98,67.332,3.505,73083284.0,42.7339398932519
"Egypt, Arab Rep.",EGY,2001,0.838945611477604,1295.1374184163,92.1886612012788,5.40030336,9.26,67.612,3.46,74652029.0,42.7835506765333
"Egypt, Arab Rep.",EGY,2002,2.71999971465421,1116.82884626213,92.4027780839966,5.5107379,10.01,67.846,3.412,76239137.0,42.8347629483917
"Egypt, Arab Rep.",EGY,2003,4.03788510706701,1031.27556291284,92.6169160199968,5.2242527,10.91,68.045,3.352,77853548.0,42.8834685533792
"Egypt, Arab Rep.",EGY,2004,11.92,991.255689145253,92.8310689127908,4.85732365,10.32,68.211,3.283,79477443.0,42.9255593360476
"Egypt, Arab Rep.",EGY,2005,12.75,1105.53920713903,93.0452392877341,4.92229176,11.049,68.355,3.254,81101004.0,42.9569271409488
"Egypt, Arab Rep.",EGY,2006,13.66,1298.97900203124,93.2594315118991,4.84190083,10.49,68.493,3.223,82700403.0,42.9729991680104
"Egypt, Arab Rep.",EGY,2007,16.03,1547.74170735909,93.4714314337652,4.44493246,8.8,68.627,3.237,84276225.0,42.9729666344509
"Egypt, Arab Rep.",EGY,2008,18.01,1896.21594269779,93.6821208332209,4.46634817,8.517,68.761,3.238,85864789.0,42.9608989120873
"Egypt, Arab Rep.",EGY,2009,20.0,2161.63964573927,93.8929162055799,4.37870932,9.087,68.915,3.259,87501636.0,42.9383470624904
"Egypt, Arab Rep.",EGY,2010,21.6,2455.08194645282,94.1037046412727,4.15319157,8.757,69.078,3.296,89196072.0,42.9057175520154
"Egypt, Arab Rep.",EGY,2011,25.6,2590.64384891965,94.3145999279775,4.35707569,11.849,69.232,3.311,91093059.0,42.8634168470177
"Egypt, Arab Rep.",EGY,2012,26.4,2996.0677072015,94.5236904418701,4.45891809,12.597,69.464,3.4,93161001.0,42.8118514138525
"Egypt, Arab Rep.",EGY,2013,29.4,3025.52563552448,94.7328979128496,4.6710043,13.154,69.632,3.49,95333553.0,42.7514277188751
"Egypt, Arab Rep.",EGY,2014,33.8946039115275,3133.39102265541,94.9421220877045,4.77415323,13.105,69.911,3.49,97528654.0,42.6825522284408
"Egypt, Arab Rep.",EGY,2015,37.8193834276939,3306.98159414141,95.1514018679127,5.06153202,13.052,70.135,3.5,99597342.0,42.6056314089048
"Egypt, Arab Rep.",EGY,2016,41.2480670885772,3270.6287768197,95.3608044893643,5.07462406,12.45,70.437,3.35,101644589.0,42.5210717266225
"Egypt, Arab Rep.",EGY,2017,44.9502042452857,2395.10333299491,95.5716159808707,5.34661913,11.767,70.709,3.31,103696057.0,42.4486008687179
"Egypt, Arab Rep.",EGY,2018,46.92433676792,2484.70315630508,95.7838228519798,4.74892998,9.855,70.974,3.02,105682094.0,42.4577177449969
"Egypt, Arab Rep.",EGY,2019,57.2828663990195,2962.98892023003,95.9974521361916,4.5994668,7.851,71.213,2.87,107553158.0,42.4812027332648
"Egypt, Arab Rep.",EGY,2020,71.91420096,3511.11381026379,96.21249765428,4.15384626,7.974,69.79,2.85,109315124.0,42.5181534630674
"Egypt, Arab Rep.",EGY,2021,72.05599976,3827.35415374308,96.4288914179465,4.60955143,7.441,68.976,2.75,110957008.0,42.5686062621468
"Egypt, Arab Rep.",EGY,2022,72.19806556,4233.30783744856,96.6466119170931,4.72362804,6.546,71.01,2.75,112618250.0,42.6325129008032
"Egypt, Arab Rep.",EGY,2023,74.01190186,3456.78965212363,96.8657483684403,4.88449335,6.753,71.633,2.75,114535772.0,42.7098115041919
El Salvador,SLV,2000,1.17739726914477,1982.87093542615,80.6037786224969,7.84342813,6.96,67.711,3.076,5943366.0,56.5638569810457
El Salvador,SLV,2001,1.5,2058.04459070452,80.6919918345083,7.88604879,6.96,67.965,2.93,5968060.0,57.4526760394716
El Salvador,SLV,2002,1.9,2115.41187355626,80.7798862617498,7.88565731,6.2,68.526,2.775,5986631.0,58.3486233966841
El Salvador,SLV,2003,2.5,2207.83089518069,81.1318629459244,7.77182293,6.9,68.792,2.636,5998599.0,59.2468576589718
El Salvador,SLV,2004,3.2,2285.68907438892,81.4794904202867,8.1302166,6.8,69.295,2.516,6004671.0,60.1425374326239
El Salvador,SLV,2005,4.199999809,2447.39140845394,81.8222708575253,9.20057869,7.22,69.336,2.44,6005578.0,61.0308213239291
El Salvador,SLV,2006,5.5,2665.61807194853,82.160813551355,8.69338894,6.57,69.612,2.395,6002319.0,61.9068679391763
El Salvador,SLV,2007,6.11,2830.65693770733,82.5029332594397,8.47836304,6.41,69.82,2.354,6009824.0,62.7676878093683
El Salvador,SLV,2008,10.08,2983.24829577976,82.8897095830639,8.49585915,5.88,70.138,2.291,6029297.0,63.6372503452723
El Salvador,SLV,2009,12.11,2910.18651752011,83.2704470759254,8.83749676,7.33,70.359,2.261,6048279.0,64.5299047495248
El Salvador,SLV,2010,15.9,3040.07300952878,83.6456953805782,8.90416241,4.893,70.909,2.239,6068249.0,65.4327927543162
El Salvador,SLV,2011,18.89999962,3330.60049486653,84.015819833389,8.87645435,4.297,71.192,2.224,6090127.0,66.334413642034
El Salvador,SLV,2012,20.3213877242007,3497.91256915509,84.3807461910215,8.60625362,3.843,71.42,2.187,6113975.0,67.2232666950659
El Salvador,SLV,2013,23.1093,3582.26694005169,84.7403911391232,9.05235958,3.693,71.225,2.154,6138839.0,68.0878511957995
El Salvador,SLV,2014,24.7617121459061,3666.01248913873,85.0952739178549,8.5989418,4.154,71.144,2.126,6162955.0,68.9166664266223
El Salvador,SLV,2015,26.8026049600572,3790.34089108162,85.445452477435,8.75833225,3.998,70.952,2.067,6183676.0,69.6982116699219
El Salvador,SLV,2016,28.99710083,3901.34014965811,85.789208776824,8.71456337,4.418,70.908,1.965,6200800.0,70.3990173339844
El Salvador,SLV,2017,33.8207289048526,4020.12671373919,86.1264645689972,8.42286873,4.385,71.007,1.896,6213533.0,71.0856704711914
El Salvador,SLV,2018,43.79999924,4183.54620971358,86.456582332616,8.322752,4.006,71.384,1.849,6219807.0,71.7577209472656
El Salvador,SLV,2019,50.4911940673888,4320.11671534627,86.7364561760088,8.80846119,4.17,71.725,1.838,6222318.0,72.4148941040039
El Salvador,SLV,2020,54.60136976,3997.19279583709,87.0096574927862,8.95105076,5.008,70.244,1.819,6234673.0,73.0570220947266
El Salvador,SLV,2021,57.26380157,4642.60743101342,87.2765374387919,10.12668991,4.327,69.941,1.803,6255782.0,73.6838531494141
El Salvador,SLV,2022,60.05609894,5074.60050994225,87.5371472547157,9.82036304,2.999,71.969,1.785,6280319.0,74.1465021298679
El Salvador,SLV,2023,62.61989975,5319.7195268688,87.7919676704677,9.28738594,2.992,72.099,1.775,6309624.0,74.6080675149903
Equatorial Guinea,GNQ,2000,0.132354665123789,1487.3165506701,54.790530594174,1.22260201,7.444,53.395,5.834,703279.0,38.8154587133988
Equatorial Guinea,GNQ,2001,0.16526042288306,1948.61145907844,55.776966411997,1.32559299,7.551,53.827,5.785,749836.0,38.8638365386531
Equatorial Guinea,GNQ,2002,0.321197997152044,2264.21065580365,56.7470042992933,2.88730073,7.646,54.324,5.731,797957.0,39.1969150391705
Equatorial Guinea,GNQ,2003,0.520524272046806,2930.60183743733,57.6992350383254,1.97185338,7.701,54.791,5.675,847862.0,39.895902485648
Equatorial Guinea,GNQ,2004,0.843930284607049,4901.30127408119,58.6335894811516,1.58463597,7.658,55.307,5.618,899917.0,40.9304009672368
Equatorial Guinea,GNQ,2005,1.149799943,8673.9026086535,59.5483734842498,1.42048728,7.667,55.766,5.559,947367.0,42.2814597171299
Equatorial Guinea,GNQ,2006,1.279199958,10184.8841248541,60.4443395996533,1.41217864,7.612,56.354,5.498,990343.0,43.9301279685204
Equatorial Guinea,GNQ,2007,1.557100058,12616.9532942011,61.3207811186255,1.42080677,7.592,56.857,5.433,1036044.0,45.8574549546013
Equatorial Guinea,GNQ,2008,1.820000052,18210.5552970599,62.1777142751886,1.23333216,7.571,57.384,5.363,1084530.0,48.0444899085658
Equatorial Guinea,GNQ,2009,2.130000114,13232.5019378102,63.0143173257129,1.87389886,7.702,57.881,5.288,1135673.0,50.4722820636069
Equatorial Guinea,GNQ,2010,6.0,13720.1658723222,63.831192420274,1.73363662,7.847,58.344,5.209,1189085.0,53.1218806529176
Equatorial Guinea,GNQ,2011,11.5,17198.2136668275,64.6283695926991,1.54309607,7.837,58.827,5.126,1241835.0,55.9743349096911
Equatorial Guinea,GNQ,2012,13.94320011,17308.5723924575,65.4060732402599,1.62290311,7.761,59.301,5.04,1293483.0,59.0106940671203
Equatorial Guinea,GNQ,2013,16.39999962,16304.0713196418,66.0469451872043,1.75622749,7.675,59.784,4.952,1346218.0,62.2120073583984
Equatorial Guinea,GNQ,2014,18.86000061,15548.6624656619,66.1151129596268,1.868559,7.669,60.228,4.863,1399828.0,65.5593240167184
Equatorial Guinea,GNQ,2015,21.31999969,9068.91003238645,66.1825230692518,2.45693421,7.778,60.635,4.774,1453923.0,68.951270615355
Equatorial Guinea,GNQ,2016,23.78000069,7453.19797948517,66.2485390317556,2.97177482,7.798,61.081,4.686,1508186.0,69.253269853051
Equatorial Guinea,GNQ,2017,26.23999977,7809.10465655488,66.3127866671561,2.86121631,7.843,61.481,4.599,1562396.0,69.5516019132985
Equatorial Guinea,GNQ,2018,29.39999962,8102.47084834031,,2.92214823,7.818,61.915,4.513,1616422.0,69.8396623666175
Equatorial Guinea,GNQ,2019,49.13370132,6804.14923073888,,3.27948833,7.917,62.297,4.429,1670177.0,70.1175419547293
Equatorial Guinea,GNQ,2020,55.00130081,5764.05502912947,,3.70560718,8.625,62.141,4.346,1716468.0,70.3853314193247
Equatorial Guinea,GNQ,2021,58.71730042,6945.63069794539,,3.5103004,8.821,62.447,4.266,1758786.0,70.6431215020592
Equatorial Guinea,GNQ,2022,63.65950012,7589.29964909381,,2.83726358,8.334,63.355,4.17,1803545.0,70.8910029445467
Equatorial Guinea,GNQ,2023,63.51950073,6788.35271638376,,3.49941635,8.218,63.707,4.081,1847549.0,71.1290664883517
Eritrea,ERI,2000,0.136711941104496,314.357396753501,8.28530072689983,5.76670074,5.656,56.285,5.397,2247031.0,34.0983619689941
Eritrea,ERI,2001,0.157815289303043,325.409161513593,8.6404789305264,5.91931677,5.74,58.359,5.306,2312079.0,34.3253211975098
Eritrea,ERI,2002,0.227090137626716,304.775756465092,8.98629579771191,6.68857431,5.794,58.941,5.233,2392978.0,34.5420799255371
Eritrea,ERI,2003,,348.950327077742,9.32208650503035,7.33703375,5.79,59.455,5.143,2493903.0,34.7451286315918
Eritrea,ERI,2004,,426.840947887032,9.64744722939411,7.00984907,5.704,60.063,5.036,2598284.0,34.9324645996094
Eritrea,ERI,2005,,412.753079199423,9.96153520031783,6.8641758,5.721,60.628,4.934,2661215.0,35.1022033691406
Eritrea,ERI,2006,,447.997404727201,10.2644175982683,6.85727453,5.707,61.457,4.881,2703502.0,35.2525177001953
Eritrea,ERI,2007,0.409999996,480.44762365456,10.5550786241031,5.2786293,5.719,61.998,4.812,2743222.0,35.3820953369141
Eritrea,ERI,2008,0.469999999,490.066956003333,10.8337740406528,6.57807541,5.683,62.422,4.737,2816327.0,35.4897117614746
Eritrea,ERI,2009,0.540000021,642.92572288007,11.0220414202395,5.42343187,5.757,63.203,4.656,2887885.0,35.5742034912109
Eritrea,ERI,2010,0.610000014,539.699512069686,11.2019452505005,4.81866503,5.854,63.665,4.571,2945186.0,35.6346549987793
Eritrea,ERI,2011,0.699999988,688.68165957684,11.3735403344941,5.1622901,5.801,64.231,4.486,2998485.0,35.6706275939941
Eritrea,ERI,2012,0.800000012,,11.5365173088441,3.74245787,5.692,64.697,4.407,3036988.0,35.6824264526367
Eritrea,ERI,2013,0.899999976,,11.6362700094956,4.96813059,5.624,65.005,4.335,3074360.0,35.6713333129883
Eritrea,ERI,2014,0.99000001,,11.7366810070379,3.91432381,5.637,65.517,4.273,3095173.0,35.639720916748
Eritrea,ERI,2015,1.083699942,,11.8379124928254,4.50776815,5.751,65.909,4.217,3105546.0,35.591007232666
Eritrea,ERI,2016,1.177099943,,11.9399660140866,3.73838949,5.772,66.242,4.164,3124698.0,35.5254287719727
Eritrea,ERI,2017,2.496099949,,,4.15359449,5.804,66.612,4.112,3150347.0,35.4427146911621
Eritrea,ERI,2018,5.293000221,,,4.24748898,5.756,66.979,4.056,3192760.0,35.3451042175293
Eritrea,ERI,2019,11.22379971,,,4.64806461,5.812,67.306,3.997,3240194.0,35.2352333068848
Eritrea,ERI,2020,14.34939957,,,4.31117725,6.375,66.98,3.933,3291271.0,35.116138458252
Eritrea,ERI,2021,,,,4.17839003,6.489,66.94,3.867,3350183.0,34.9871139526367
Eritrea,ERI,2022,,,,3.87537837,6.033,67.789,3.786,3409447.0,34.8469276428223
Eritrea,ERI,2023,,,,3.6837678,5.909,68.624,3.713,3470390.0,34.696403503418
Estonia,EST,2000,28.5769538105646,4070.60902410208,99.7576887855181,5.17029095,13.36,70.4170731707317,1.36,1396985.0,67.385529072627
Estonia,EST,2001,31.5274897673756,4502.66614992392,99.7554350798851,4.78399181,13.134,70.2585365853659,1.32,1388115.0,67.3926456349791
Estonia,EST,2002,41.52,5343.18310760735,99.75165299687,4.70192671,10.026,70.9048780487805,1.36,1379350.0,67.4090870965661
Estonia,EST,2003,45.32,7205.40703313243,99.7067384625393,5.13748884,11.288,71.3170731707317,1.37,1370720.0,67.4341760348669
Estonia,EST,2004,53.2,8916.0728274602,99.6452315858009,5.33641052,10.248,71.909756097561,1.47,1362550.0,67.467351453949
Estonia,EST,2005,61.45,10414.6381183565,99.5838417211126,5.29434633,8.033,72.5682926829268,1.52,1354775.0,67.5080523578799
Estonia,EST,2006,63.51,12641.4800976473,99.522563231891,4.97308683,5.915,72.6914634146341,1.58,1346810.0,67.5557177507269
Estonia,EST,2007,66.19,16745.4308011148,99.4613971184116,5.18429422,4.592,72.8146341463415,1.69,1340680.0,67.6097866365576
Estonia,EST,2008,70.58,18205.9064113446,99.4003505685032,5.95694113,5.455,73.7707317073171,1.72,1337090.0,67.6696980194394
Estonia,EST,2009,72.5,14712.4494217916,99.3394223505559,6.84443808,13.548,74.8243902439024,1.7,1334515.0,67.7348909034398
Estonia,EST,2010,74.1,14663.7041018705,99.2786089293532,6.59404182,16.707,75.4292682926829,1.72,1331475.0,67.8048042926262
Estonia,EST,2011,76.5,17555.5455239426,99.2179098220074,6.05471659,12.328,76.2292682926829,1.61,1327439.0,67.8775556334506
Estonia,EST,2012,78.3899259259259,17568.2137969714,99.1574914721091,6.03782082,10.021,76.3268292682927,1.56,1322696.0,67.9629593320316
Estonia,EST,2013,80.0043,19310.3874900757,99.0971593772044,6.19788504,8.631,77.1414634146341,1.52,1317997.0,68.0923458296768
Estonia,EST,2014,84.2415280294352,20581.7898991695,99.0367024476379,6.26286125,7.352,77.0341463414634,1.54,1314545.0,68.2668382808032
Estonia,EST,2015,88.4097035040431,17722.1557669523,99.0355098457434,6.52138662,6.412,77.590243902439,1.58,1315407.0,68.4796609690553
Estonia,EST,2016,87.2402327514547,18666.3736521706,99.0342292897259,6.56918621,6.882,77.6414634146342,1.6,1315790.0,68.724038178078
Estonia,EST,2017,88.1024568740199,20851.5223496861,99.0328460543917,6.46636105,5.807,78.0926829268293,1.59,1317384.0,68.9931941915158
Estonia,EST,2018,89.3570077747426,23618.1361254581,99.0313545119292,6.56314421,5.412,78.2439024390244,1.67,1321977.0,69.2803532930133
Estonia,EST,2019,90.2289281997919,24021.2501413306,99.0297517072032,6.64763546,4.514,78.6463414634147,1.66,1326898.0,69.5787397662154
Estonia,EST,2020,89.05828666,23933.9939421065,99.0280228246995,7.47179365,6.956,78.5951219512195,1.58,1329522.0,69.8815778947665
Estonia,EST,2021,90.97970174,27951.1659277744,99.0261691561023,7.47591066,6.178,76.9439024390244,1.61,1330932.0,70.1777274135822
Estonia,EST,2022,91.52016546,28340.3826549406,99.0241800879557,6.93641424,5.571,77.8439024390244,1.41,1348840.0,70.4892333736738
Estonia,EST,2023,93.18342241,30264.0064885057,99.0220443822146,7.47082138,6.378,78.7926829268293,1.31,1370286.0,70.6770085523126
Eswatini,SWZ,2000,0.926191777269401,1629.67038842815,50.2519164138463,4.60951757,24.547,47.627,4.03,1041414.0,22.8409330761997
Eswatini,SWZ,2001,1.28159005046719,1429.85630359447,50.7480641733809,5.13895369,25.24,46.344,3.944,1051064.0,22.7095619136459
Eswatini,SWZ,2002,1.81620380712642,1315.73634647994,51.2776269086054,5.52298307,25.771,45.38,3.854,1059441.0,22.5690884303038
Eswatini,SWZ,2003,2.43707385055863,2015.21743065251,51.8180236273176,6.37864399,26.259,44.632,3.796,1066700.0,22.4312316968119
Eswatini,SWZ,2004,3.22868507316111,2525.5640452625,52.3689358798259,6.81432486,26.716,43.906,3.76,1073159.0,22.3077107838089
Eswatini,SWZ,2005,3.697000027,2871.06877437449,52.9308437622057,7.37623358,27.221,43.958,3.704,1079022.0,22.2102447619336
Eswatini,SWZ,2006,3.69653878906882,2964.95865200682,53.5034552326693,7.82560062,27.693,44.563,3.632,1084436.0,22.1505527018245
Eswatini,SWZ,2007,4.1,3109.11097608864,54.091290182986,7.93004131,28.24,45.16,3.58,1090705.0,22.139989967508
Eswatini,SWZ,2008,6.85,2946.8606613746,54.7111665894608,8.85792923,27.891,45.853,3.567,1098091.0,22.1692008829856
Eswatini,SWZ,2009,8.94,3189.79679956637,55.3293473329565,8.63292217,27.488,46.913,3.504,1105153.0,22.2343865624794
Eswatini,SWZ,2010,11.04,3922.74039390733,55.9457205621273,8.5912571,26.856,48.331,3.375,1111650.0,22.3330792067471
Eswatini,SWZ,2011,18.13,4225.06049411911,56.5601896645653,8.46997261,26.105,49.057,3.317,1117833.0,22.4634753665393
Eswatini,SWZ,2012,20.78179932,4224.54789174487,57.1723082291424,7.82047606,25.226,50.714,3.266,1123863.0,22.6237715926065
Eswatini,SWZ,2013,24.70000076,3949.94310039907,57.7849166217817,7.45703411,24.556,52.11,3.237,1129990.0,22.8121644356992
Eswatini,SWZ,2014,25.0,3771.07228381938,58.3979502299524,7.25596571,23.931,53.491,3.181,1136299.0,23.026850446568
Eswatini,SWZ,2015,25.64299965,3419.82276559528,59.0113147479488,7.05855274,23.431,54.941,3.122,1142813.0,23.2660261759632
Eswatini,SWZ,2016,28.56999969,3238.17611961364,59.6244143156364,6.82044792,22.718,56.228,3.068,1149507.0,23.5278881746356
Eswatini,SWZ,2017,35.33160019,3853.09956569679,60.236840423133,6.98103714,24.543,57.574,3.018,1158195.0,23.8052004963161
Eswatini,SWZ,2018,39.38100052,3972.65450620357,60.8480464368627,7.31937742,26.471,58.707,2.971,1168929.0,24.0579295404227
Eswatini,SWZ,2019,43.93389893,3913.14577547336,61.4575194811054,8.40033817,28.222,59.85,2.925,1179874.0,24.3459549517751
Eswatini,SWZ,2020,49.01300049,3466.56936278145,62.0647533053702,7.0983777,32.978,59.862,2.888,1192729.0,24.6652798922192
Eswatini,SWZ,2021,53.99530029,3984.00229174306,62.6692355268683,7.40552139,34.153,58.228,2.841,1206593.0,25.0156180525173
Eswatini,SWZ,2022,57.34370041,3894.1620089869,63.2702587161203,7.2449131,36.472,63.028,2.801,1218917.0,25.396682918542
Eswatini,SWZ,2023,61.33330154,3755.52111232464,63.8676533294277,7.49763966,34.61,64.123,2.753,1230506.0,25.8081878500755
Ethiopia,ETH,2000,0.0152637672082567,122.269202606069,2.9657663244498,4.36504698,3.499,50.88,6.654,67411494.0,14.9193096160889
Ethiopia,ETH,2001,0.0371623810686744,118.457204255261,3.22631881592251,4.72316694,3.16,51.428,6.579,69487762.0,15.1177673339844
Ethiopia,ETH,2002,0.0724022618698295,109.593813612988,3.48709965924687,4.7126298,3.054,52.085,6.499,71635517.0,15.333233833313
Ethiopia,ETH,2003,0.105811658802603,116.800491132777,3.74769441878364,4.89970922,3.008,52.877,6.4,73832663.0,15.5438537597656
Ethiopia,ETH,2004,0.155334520794722,133.169812538096,4.03281392420472,4.31281853,2.776,53.735,6.301,76077206.0,15.7585906982422
Ethiopia,ETH,2005,0.219659818999505,158.243458082465,4.31725101635963,4.10098124,2.497,54.364,6.194,78367470.0,15.982967376709
Ethiopia,ETH,2006,0.310592656856176,189.345737521418,4.60119614731006,4.45757294,2.337,55.402,6.047,80703490.0,16.2148475646973
Ethiopia,ETH,2007,0.37,237.146255996319,4.88681883136837,5.00128317,2.337,56.566,5.887,83103217.0,16.0948330261902
Ethiopia,ETH,2008,0.449999988,316.410475118075,5.196915075959,4.28063869,2.326,57.733,5.695,85543668.0,16.7936706542969
Ethiopia,ETH,2009,0.540000021,368.574712267445,5.50779854946485,4.6496563,2.326,58.715,5.488,88007636.0,17.1511001586914
Ethiopia,ETH,2010,0.75,330.619412798644,5.82002469888892,5.46637249,2.295,59.709,5.282,90538514.0,17.4937839508057
Ethiopia,ETH,2011,1.100000024,343.024942351887,6.13343630352376,4.46897745,2.27,60.595,5.08,93149970.0,17.863790512085
Ethiopia,ETH,2012,2.900000095,452.101031885754,6.44846430368166,4.5395956,2.252,61.443,4.887,95798767.0,18.2061367034912
Ethiopia,ETH,2013,4.599999905,484.039833104062,6.76236331987807,4.07506514,2.251,62.161,4.708,98438751.0,18.615514755249
Ethiopia,ETH,2014,7.699999809,549.986577082588,7.07793835749952,4.03365517,2.361,62.927,4.605,101115610.0,19.0262870788574
Ethiopia,ETH,2015,13.8551755555556,597.912113218663,7.39517563066231,3.82316828,2.442,63.592,4.529,103867135.0,19.451566696167
Ethiopia,ETH,2016,15.3669238595896,641.651523286233,7.71437321783047,3.60033751,2.556,64.162,4.473,106718162.0,19.8763618469238
Ethiopia,ETH,2017,15.62440014,696.348429076216,8.0353579200927,3.45336914,2.665,64.766,4.401,109666481.0,20.3084850311279
Ethiopia,ETH,2018,15.88619995,739.702022272086,8.35875920842316,3.30371761,2.811,65.257,4.371,112664152.0,20.7838096618652
Ethiopia,ETH,2019,15.98460007,793.473247218996,8.68474048756754,3.24287128,2.928,65.741,4.347,115737383.0,21.2486705780029
Ethiopia,ETH,2020,16.06959915,829.790982552951,9.01330021395482,3.48096275,3.998,65.969,4.274,118917671.0,21.6260051727295
Ethiopia,ETH,2021,16.6981031,893.009835441784,9.3447728615381,3.20779967,3.935,65.33,4.177,122138588.0,22.1067085266113
Ethiopia,ETH,2022,17.9836998,982.103161502198,9.67915935964554,2.85298109,3.386,66.897,4.082,125384287.0,22.7367687225342
Ethiopia,ETH,2023,20.33749962,1055.81091593061,10.0168072289161,2.80310345,3.375,67.315,3.989,128691692.0,23.0586471557617
Faroe Islands,FRO,2000,32.916392363397,23322.7593357515,,,,78.4119073170732,2.5604,45754.0,35.6986770629883
Faroe Islands,FRO,2001,43.2469835228993,24879.7729617864,,,,78.6017292682927,2.297,46635.0,35.9342155456543
Faroe Islands,FRO,2002,53.2992218313613,26937.6505602847,,,,78.7876585365854,2.5436,47335.0,35.9365425109863
Faroe Islands,FRO,2003,58.9126409695337,31269.6031997217,,,,78.9848073170732,2.5267,48032.0,36.1276473999023
Faroe Islands,FRO,2004,66.5335994677312,35647.5440400531,,,,79.2049804878049,2.5775,48384.0,36.317985534668
Faroe Islands,FRO,2005,67.9026317413939,36389.081644098,,,,79.4453463414634,2.6115,48359.0,36.3320579528809
Faroe Islands,FRO,2006,69.359445124439,41743.6812847661,,,,79.6898609756098,2.4764,48335.0,36.4584197998047
Faroe Islands,FRO,2007,75.98,48348.7393711011,90.8834757181354,,,79.9238243902439,2.5395,48378.0,36.2929878234863
Faroe Islands,FRO,2008,75.57,51287.8911081663,90.8834757181354,,,80.1460804878049,2.5294,48547.0,36.4679222106934
Faroe Islands,FRO,2009,75.18,47060.1592550833,90.8834757181354,,,80.3695317073171,2.3435,48790.0,36.8888092041016
Faroe Islands,FRO,2010,75.2,47924.1364756678,90.8834757181354,,,80.604956097561,2.5033,48656.0,37.2536926269531
Faroe Islands,FRO,2011,80.7321728,51620.0541648551,90.8834757181354,,,80.8518097560976,2.2832,48542.0,37.2975959777832
Faroe Islands,FRO,2012,85.3351892392109,50263.0024625867,90.8834757181354,,,81.1060951219512,2.5311,48290.0,37.3244972229004
Faroe Islands,FRO,2013,90.0,55759.364098362,90.8834757181354,,,81.356643902439,2.5099,48245.0,37.7414817810059
Faroe Islands,FRO,2014,93.3,60173.3057854661,90.8834757181354,,,81.5912048780488,2.5485,48427.0,37.9093894958496
Faroe Islands,FRO,2015,94.2,52638.2668218454,90.8834757181354,,,81.7995975609756,2.411,48898.0,38.1431503295898
Faroe Islands,FRO,2016,95.1086816720257,56876.4302363804,,,,81.962112195122,2.6078,49463.0,38.3200225830078
Faroe Islands,FRO,2017,97.5819589384468,59388.5365965776,,,,82.1062926829268,2.4684,50179.0,38.3324699401855
Faroe Islands,FRO,2018,,62525.2647698273,,,,82.2486024390244,2.5015,50997.0,38.4058837890625
Faroe Islands,FRO,2019,,63070.7228080361,,,,82.3912829268293,2.4187,51790.0,38.3945655822754
Faroe Islands,FRO,2020,,62247.9273907098,,,,82.5341926829268,2.3301,52561.0,38.6689987182617
Faroe Islands,FRO,2021,,69421.6981686515,,,,82.6763219512195,2.3109,53291.0,38.8083763122559
Faroe Islands,FRO,2022,,67069.3987440509,,,,82.8162292682927,2.0788,53903.0,38.9959824546757
Faroe Islands,FRO,2023,,72486.6910957957,,,,82.9521195121951,1.8676,54398.0,39.1975270123645
Fiji,FJI,2000,1.4968547339902,1995.72071163264,87.5905781537548,3.42441177,4.697,66.194,2.992,840909.0,48.0649880871211
Fiji,FJI,2001,1.8579785936093,1944.997414609,87.645208009653,2.90547299,4.692,66.205,2.973,849596.0,48.4287914591462
Fiji,FJI,2002,6.15264970011985,2136.56794118683,87.6998330662388,2.98349524,4.772,65.492,2.968,858049.0,48.7795139144731
Fiji,FJI,2003,6.72543473821551,2655.58079586044,88.3372852839181,2.97298193,4.74,65.653,2.957,866286.0,49.1260494882891
Fiji,FJI,2004,7.4129434854202,3097.19096651759,88.9689415238331,3.25768542,4.7,65.841,2.941,874366.0,49.4772922157817
Fiji,FJI,2005,8.45363663371359,3377.69126953493,89.5944358182032,3.25656676,3.886,65.983,2.917,882379.0,49.8421361321385
Fiji,FJI,2006,9.6000384001536,3455.10599907349,89.9493490621546,3.34798193,3.957,66.126,2.905,890365.0,50.2294752725468
Fiji,FJI,2007,10.89780045,3762.74692789299,90.2946156798111,3.41514993,4.109,66.161,2.872,897832.0,50.6494569776975
Fiji,FJI,2008,13.0,3899.92231512129,90.6391439703364,3.18467116,4.187,66.32,2.819,903399.0,51.0979752573339
Fiji,FJI,2009,17.0,3164.13275408169,90.9745036563402,3.53587627,4.309,66.347,2.76,907239.0,51.5628013169579
Fiji,FJI,2010,20.0,3449.14452883369,91.2985247970932,3.41664124,4.345,66.778,2.696,910419.0,52.0415147785104
Fiji,FJI,2011,28.0,4139.60288609702,91.6111034972406,3.14293504,4.406,66.88,2.631,912989.0,52.5335449475105
Fiji,FJI,2012,33.74240112,4341.40338748749,91.9124427859318,3.2655499,4.375,65.812,2.612,914918.0,53.0383211294771
Fiji,FJI,2013,35.20000076,4572.44377544245,92.2023735585411,3.20040679,4.356,66.545,2.604,916352.0,53.5552726299291
Fiji,FJI,2014,37.40000153,5293.35676680464,92.4811636292608,3.36860466,4.323,66.581,2.591,917585.0,54.0838287543856
Fiji,FJI,2015,42.5,5097.53106864695,92.7488640903171,3.32468939,4.288,66.48,2.567,918578.0,54.6234188083653
Fiji,FJI,2016,49.41999817,5363.79026679243,93.0055113848616,3.27979708,4.319,66.657,2.518,919166.0,55.1734720973874
Fiji,FJI,2017,53.6473999,5826.84814459328,93.2511716546291,3.18689561,4.418,67.06,2.461,918759.0,55.7408343449609
Fiji,FJI,2018,58.2364006,6085.41979485376,93.4859578759574,4.10572624,4.523,66.965,2.419,917180.0,56.2328347385698
Fiji,FJI,2019,63.21789932,5842.07344577597,93.7099433236184,4.28229284,4.661,67.009,2.385,914899.0,56.70989552257
Fiji,FJI,2020,68.62560272,4620.6457238014,93.6215609537076,5.28987408,5.054,66.924,2.357,914963.0,57.186684691874
Fiji,FJI,2021,70.56800079,4536.73312110335,93.3328625255853,7.06084681,5.225,64.904,2.332,916711.0,57.6618364761928
Fiji,FJI,2022,72.56549835,5414.12092119088,93.0437432138971,4.01752949,5.403,67.148,2.305,919422.0,58.1352701465266
Fiji,FJI,2023,74.1160965,5926.20586394763,92.7542060099235,3.61524153,5.316,67.316,2.281,924145.0,58.6069049738768
Finland,FIN,2000,37.2484617371121,24335.9225082659,99.4481877671759,7.09544373,11.134,77.4658536585366,1.73,5176209.0,67.1227685349539
Finland,FIN,2001,43.1053633522263,24965.202996776,99.4481778138621,7.25165653,10.29,77.9658536585366,1.73,5188008.0,67.4982392821958
Finland,FIN,2002,62.43,26989.389260959,99.4481635733416,7.63005877,10.423,78.119512195122,1.72,5200598.0,67.7951641569199
Finland,FIN,2003,69.22,32920.0857192568,99.448158371648,7.93988276,10.469,78.3682926829268,1.76,5213014.0,68.0425549126858
Finland,FIN,2004,72.39,37768.1334202029,99.4481450211676,8.05999184,10.358,78.7146341463415,1.8,5228172.0,68.2766596767133
Finland,FIN,2005,74.48,39049.8703780223,99.4481380769585,8.28901291,9.602,78.8170731707317,1.8,5246096.0,68.5140529517604
Finland,FIN,2006,79.66,41214.0187765069,99.4481326778555,8.2858429,8.935,79.2146341463415,1.84,5266268.0,68.7588279849327
Finland,FIN,2007,80.78,48473.0240091455,99.4481210814901,8.08415604,6.854,79.2634146341464,1.83,5288720.0,69.0200377316963
Finland,FIN,2008,83.67,53769.4726240385,99.4481136953925,8.34362221,6.369,79.5682926829268,1.85,5313399.0,69.2943672196361
Finland,FIN,2009,82.49,47478.3495310999,99.4481065796544,9.16182804,8.249,79.719512195122,1.86,5338871.0,69.546259966947
Finland,FIN,2010,86.89,46506.2919016566,99.4480868055649,9.14183331,8.394,79.8707317073171,1.87,5363352.0,69.7855798796947
Finland,FIN,2011,88.70999491353,51060.3242589767,99.4480530393252,9.23903561,7.781,80.4707317073171,1.83,5388272.0,70.0583261874252
Finland,FIN,2012,89.879997974222,47551.6740841369,99.4480121860374,9.61732101,7.689,80.6268292682927,1.8,5413971.0,70.3661363168712
Finland,FIN,2013,91.5144,49691.0145200739,99.4479919012629,9.84504986,8.193,80.9756097560976,1.75,5438972.0,70.6742118159277
Finland,FIN,2014,86.5303927529377,50073.7760815871,99.447989639906,9.83066177,8.663,81.1804878048781,1.71,5461512.0,70.9879168940753
Finland,FIN,2015,86.4221333325445,42560.3456767103,99.4479924994101,9.69998264,9.376,81.4804878048781,1.65,5479531.0,71.3054930040604
Finland,FIN,2016,87.7036499599455,43451.2562442158,99.4479863794358,9.45625591,8.818,81.4292682926829,1.57,5495303.0,71.6158383428171
Finland,FIN,2017,87.4689290730615,46085.0174739036,99.4479844608387,9.19148445,8.64,81.6317073170732,1.49,5508214.0,71.9563038312956
Finland,FIN,2018,88.8899599985585,49654.2497035329,99.4479792179027,9.10587025,7.361,81.7341463414634,1.41,5515525.0,72.3423467740343
Finland,FIN,2019,89.6073851129779,48358.1807773701,99.4479732107755,9.22295189,6.695,81.9829268292683,1.35,5521606.0,72.7431214358314
Finland,FIN,2020,92.17027106,48828.6846862799,99.4479703400958,9.69977188,7.759,81.9317073170732,1.37,5529543.0,73.0849439791673
Finland,FIN,2021,92.80806082,53099.1351400148,99.4479633785746,9.90969753,7.617,81.8853658536585,1.46,5541017.0,73.3710215780329
Finland,FIN,2022,92.98879471,50440.560224974,99.447963421715,9.74152565,6.719,81.1878048780488,1.32,5556106.0,73.6967597835949
Finland,FIN,2023,93.51385075,52864.6931581216,99.4479540389609,10.47389507,7.149,81.5853658536585,1.26,5583911.0,74.0062548602828
France,FRA,2000,14.3079239430677,22340.5939516217,98.6630246141196,9.61744022,10.218,79.0560975609756,1.89,60918661.0,76.5143983146093
France,FRA,2001,26.3259035521688,22331.7948343036,98.6622562806952,9.75719261,8.61,79.1585365853659,1.9,61364377.0,76.9074413607811
France,FRA,2002,30.18,24144.5727019529,98.66149050435,10.08250141,8.702,79.2609756097561,1.88,61812142.0,77.2543866607525
France,FRA,2003,36.14,29479.5222101175,98.6607322407196,10.13474941,8.306,79.1146341463415,1.89,62249855.0,77.4691216035138
France,FRA,2004,39.15,33644.9282220364,98.6599677611607,10.2117033,8.914,80.1634146341463,1.92,62707588.0,77.4900500011961
France,FRA,2005,42.87,34696.3718316971,98.6592218035867,10.23720551,8.882,80.1634146341463,1.94,63180854.0,77.4363315105438
France,FRA,2006,46.87,36431.5658906555,98.6584766292502,10.39764977,8.832,80.8121951219512,2.0,63622342.0,77.3467240068648
France,FRA,2007,66.09,41486.1907828787,98.6577403586305,10.33418846,8.008,81.1121951219512,1.98,64016890.0,77.2457976606157
France,FRA,2008,70.68,45464.8181385158,98.6569940968678,10.51340675,7.386,81.2146341463415,2.01,64375116.0,77.1561901569367
France,FRA,2009,71.58,41728.0884164132,98.6562410005115,11.29095459,9.122,81.4146341463415,2.0,64706436.0,77.1005391809676
France,FRA,2010,77.28,40694.8211697025,98.6554802968933,11.22430801,9.279,81.6634146341463,2.03,65026211.0,77.0962844808803
France,FRA,2011,77.8199989926706,43929.7840873812,98.654714524901,11.17601013,9.228,82.1146341463415,2.01,65340830.0,77.1182717387509
France,FRA,2012,81.44,40863.5814412333,98.653944875706,11.33749485,9.841,81.9682926829268,2.01,65657659.0,77.1669464919916
France,FRA,2013,81.9198,42669.1795111893,98.6531677411089,11.37891197,9.913,82.219512195122,1.99,65997932.0,77.2440721470918
France,FRA,2014,83.7510996681821,43148.0459288416,98.6523819620194,11.57935429,10.273,82.719512195122,2.0,66312067.0,77.3524296788613
France,FRA,2015,78.0060377071902,36702.4323733379,98.651596087179,11.50032997,10.354,82.3219512195122,1.96,66548272.0,77.7610919150066
France,FRA,2016,79.2698113207547,37024.2157133669,98.6508068148027,11.57036018,10.057,82.5731707317073,1.92,66724104.0,78.5999114705779
France,FRA,2017,80.5024597243607,38687.1626407164,98.6500120942252,11.44944572,9.409,82.5756097560976,1.89,66918020.0,78.6467804026368
France,FRA,2018,82.0431867788484,41418.1766484844,98.6492124319546,11.30847645,9.018,82.6756097560976,1.87,67158348.0,78.6714432536599
France,FRA,2019,83.3397440866883,40408.2848574751,98.6484147946355,11.17058277,8.415,82.8268292682927,1.86,67382061.0,78.6890784549356
France,FRA,2020,84.70639801,39169.8606000707,98.6476102264443,12.12949371,8.009,82.1756097560976,1.82,67601110.0,78.7119131765249
France,FRA,2021,86.09548575,43725.0999521245,98.6468028432762,12.24894238,7.871,82.3243902439024,1.83,67842811.0,78.7364603392338
France,FRA,2022,85.33331734,40988.6396406579,98.6459966836726,11.82888794,7.303,82.1292682926829,1.78,68184457.0,78.7591921123356
France,FRA,2023,86.83635789,44700.1384177544,98.6451856910254,11.51974583,7.335,82.8317073170732,1.66,68372286.0,78.7804323126547
French Polynesia,PYF,2000,6.3570635452072,14978.324104668,97.7746162663413,,11.583,79.0,2.596,240337.0,55.954253994428
French Polynesia,PYF,2001,6.25158894552365,14640.9360062298,97.763585986455,,11.665,79.316,2.523,244097.0,55.8931875849702
French Polynesia,PYF,2002,8.20021648571522,16004.0583292112,97.7525557065687,,11.71,79.544,2.425,247775.0,55.8631794440685
French Polynesia,PYF,2003,14.1242937853107,19582.8936395312,97.7415254266824,,11.751,79.71,2.26,251637.0,55.9283550220738
French Polynesia,PYF,2004,17.8845374263753,21764.2203208782,97.7304951467961,,11.702,79.829,2.198,255654.0,56.2729949941787
French Polynesia,PYF,2005,21.5421854743002,21984.1936230719,97.7194648669098,,11.722,79.951,2.181,259507.0,56.8472850820701
French Polynesia,PYF,2006,25.1079642462589,22330.8676659055,97.7084345870236,,11.768,80.1,2.217,263223.0,57.5825834325129
French Polynesia,PYF,2007,28.59,24888.1781337361,97.6974043071373,,11.74,80.328,2.122,266438.0,58.4102481922721
French Polynesia,PYF,2008,33.87,26592.0262835732,97.686374027251,,11.76,80.587,2.195,268379.0,59.2616375081129
French Polynesia,PYF,2009,44.6,24434.2197555208,97.6753437473647,,11.963,80.867,2.148,269481.0,60.0681095268001
French Polynesia,PYF,2010,49.0,22494.806706186,97.6643134674784,,12.133,81.141,2.165,270580.0,60.7610223950988
French Polynesia,PYF,2011,49.0,22831.5185348524,97.6532831875921,,12.257,81.434,2.061,271727.0,61.2717342597741
French Polynesia,PYF,2012,52.8766305867993,20846.5457478364,97.6422529077059,,12.134,81.695,2.026,273084.0,61.5286539604592
French Polynesia,PYF,2013,56.8,21955.6329264095,97.6312226278196,,12.027,81.935,1.937,274728.0,61.6130486661995
French Polynesia,PYF,2014,60.68,22258.6321384251,97.6201923479333,,11.894,82.151,1.957,276387.0,61.6824807401268
French Polynesia,PYF,2015,64.560209747212,19166.9594761931,97.609162068047,,11.794,82.339,1.872,277866.0,61.7374742154907
French Polynesia,PYF,2016,68.440419493378,19690.0775734589,97.5981317881607,,11.727,82.555,1.763,279178.0,61.7744381369651
French Polynesia,PYF,2017,72.7038953132942,20826.9312492172,97.5871015082744,,11.595,82.774,1.669,280087.0,61.7896941062846
French Polynesia,PYF,2018,,21925.616043938,97.5760712283881,,11.599,82.985,1.645,279815.0,61.7888025236875
French Polynesia,PYF,2019,,21582.5892046801,97.5650409485018,,11.591,83.195,1.567,279034.0,61.7824142427508
French Polynesia,PYF,2020,,19966.4838503859,97.5540106686156,,12.963,82.459,1.57,279209.0,61.7673100921
French Polynesia,PYF,2021,,21426.3854449835,97.5429803887293,,12.558,79.571,1.532,279792.0,61.7399813226008
French Polynesia,PYF,2022,,20053.9569369322,97.531950108843,,11.793,83.859,1.515,280378.0,61.6913806937112
French Polynesia,PYF,2023,,21832.2831795569,97.5209198289567,,11.613,84.07,1.501,281118.0,61.6967135028569
Gabon,GAB,2000,1.21614061828589,3982.906200928,26.818195491378,2.90471101,17.848,61.81,4.469,1275572.0,79.5660404650438
Gabon,GAB,2001,1.34762022159633,3835.75718279727,27.9500597734658,3.15198207,17.827,61.982,4.417,1309589.0,80.4090993437448
Gabon,GAB,2002,1.93953010616212,3966.48001864663,29.1019683421917,3.32970691,17.376,62.175,4.36,1345135.0,81.2205241874174
Gabon,GAB,2003,2.65958659385985,4710.74862768151,30.2734572599332,3.53648472,17.126,62.463,4.299,1382350.0,81.9970830091574
Gabon,GAB,2004,2.97906980035019,5465.79193590708,31.4642634106599,3.36498594,17.108,62.694,4.252,1421609.0,82.7355438220611
Gabon,GAB,2005,4.89326474972412,6547.87613955186,32.6738741656831,2.92175174,16.91,62.978,4.21,1463495.0,83.4326746392243
Gabon,GAB,2006,5.48920080280135,6847.00985685394,33.9024749587278,3.14623928,17.805,63.259,4.17,1508337.0,84.0852434737431
Gabon,GAB,2007,5.767000198,8003.54289696049,35.1495484187274,3.0834198,18.257,63.619,4.142,1556237.0,84.6900183387136
Gabon,GAB,2008,7.5,9688.64519690633,36.4153101145998,2.84760666,19.212,64.011,4.118,1607175.0,85.2437672472316
Gabon,GAB,2009,9.5,7290.57526093114,37.6987238584805,3.78076673,19.76,64.361,4.138,1661556.0,85.7432582123932
Gabon,GAB,2010,13.0,8356.74662013345,39.0002582968992,2.47556901,20.39,64.715,4.153,1719879.0,86.1852592472945
Gabon,GAB,2011,18.0,10219.1139339454,40.3193752929904,2.55771565,19.895,65.102,4.151,1781985.0,86.5665383650315
Gabon,GAB,2012,24.0,9296.96587941088,41.6563306484328,2.42097569,19.661,65.438,4.086,1846889.0,86.8838635787001
Gabon,GAB,2013,30.53800011,9197.70106323947,43.0100058976352,2.84087205,19.736,65.751,4.019,1913059.0,87.1482480671637
Gabon,GAB,2014,38.07120132,9201.36276648105,44.3780097930999,2.53282261,19.873,66.07,3.953,1978399.0,87.6236017962969
Gabon,GAB,2015,45.78450012,7047.12654634355,45.7595556064781,2.65743947,19.943,66.336,3.921,2040989.0,88.085308383892
Gabon,GAB,2016,48.0522995,6677.07003901644,47.1547496987424,3.1076982,20.117,66.583,3.921,2100306.0,88.5445883406178
Gabon,GAB,2017,51.60490036,6921.73373135624,48.5637395217699,2.78068876,20.307,66.816,3.913,2156900.0,89.0009733256896
Gabon,GAB,2018,55.42020035,7624.2775233771,49.9863984455825,2.75235105,20.459,67.043,3.908,2212318.0,89.4539949981866
Gabon,GAB,2019,59.51760101,7441.1786472281,51.4223011158649,2.76837039,20.371,67.337,3.884,2267706.0,89.9031850170394
Gabon,GAB,2020,63.91790009,6605.80346077904,52.8720170958258,3.4401269,21.279,67.073,3.831,2322539.0,90.3480750410147
Gabon,GAB,2021,65.76809692,8181.40914134398,54.3351602742865,2.79254127,21.223,67.072,3.776,2376722.0,90.7881967286967
Gabon,GAB,2022,67.67169952,8409.20741452279,55.8117052668054,2.89087176,20.319,67.713,3.712,2430747.0,91.2243355459988
Gabon,GAB,2023,68.19789886,7802.82433276138,57.3016336632799,3.13430715,20.161,68.337,3.647,2484789.0,91.6375962797313
"Gambia, The",GMB,2000,0.921794919066406,538.054072348854,51.0627069646761,10.78532791,9.722,56.899,5.716,1455084.0,46.9722332873784
"Gambia, The",GMB,2001,1.33679116648397,459.803068381399,49.9139746844975,8.29925728,9.64,57.283,5.67,1495011.0,48.3491979765917
"Gambia, The",GMB,2002,1.79677988296495,376.531026962584,48.7879556235198,6.2326026,10.039,57.736,5.656,1535691.0,49.5731153377033
"Gambia, The",GMB,2003,2.436781193062,308.719123437587,47.7243148779708,5.29709053,9.991,58.223,5.656,1577611.0,50.6010077995371
"Gambia, The",GMB,2004,3.30800347812937,593.285346326581,46.6954252889106,5.42000151,9.948,58.749,5.683,1621312.0,51.5062022597801
"Gambia, The",GMB,2005,3.799000025,616.483657865348,46.5783414763304,5.386024,9.92,59.11,5.708,1667037.0,52.3582132660613
"Gambia, The",GMB,2006,5.23769115841218,614.544307904464,46.4862604097152,5.43720818,10.241,59.667,5.736,1715275.0,53.1603285370566
"Gambia, The",GMB,2007,6.20503741852418,724.726407242432,46.4185276331036,4.95501947,10.425,60.001,5.685,1765774.0,53.9196109423854
"Gambia, The",GMB,2008,6.880000114,859.127671411226,46.3744960730948,4.65938759,10.065,60.473,5.625,1817852.0,54.6431233516671
"Gambia, The",GMB,2009,7.630000114,774.888030908091,46.3534874804285,4.46430635,9.778,60.735,5.574,1871422.0,55.3379286345209
"Gambia, The",GMB,2010,9.2,801.033372714536,46.3547731022519,4.11944056,9.673,61.167,5.558,1926630.0,56.0110896605662
"Gambia, The",GMB,2011,10.87030029,710.608411468152,46.3775424677641,4.36967373,10.276,61.561,5.542,1983784.0,56.6696692994225
"Gambia, The",GMB,2012,12.44919968,692.579361628102,46.4212058311807,4.26872253,10.346,61.9,5.519,2043094.0,57.3207304207091
"Gambia, The",GMB,2013,14.0,653.862713272743,46.4844347761008,3.91374874,9.454,62.252,5.392,2103820.0,57.970305611505
"Gambia, The",GMB,2014,15.56000042,568.00453558864,46.5660263360159,3.05234575,8.191,62.576,5.197,2164528.0,58.6141799655551
"Gambia, The",GMB,2015,17.59950066,619.536364296461,46.6646737011035,3.1761291,7.226,62.971,5.003,2224529.0,59.2458499408388
"Gambia, The",GMB,2016,19.90640068,650.056501323611,46.7787647028692,3.19523716,6.244,63.386,4.809,2283769.0,59.8652472486563
"Gambia, The",GMB,2017,22.5156002,642.522641296331,46.9072182092037,3.35449266,5.097,63.708,4.614,2342189.0,60.471712657237
"Gambia, The",GMB,2018,28.30900002,696.219806960615,47.0485303132535,3.18501234,4.055,64.034,4.42,2399632.0,61.0645869348107
"Gambia, The",GMB,2019,31.11829948,738.186751987483,47.2014093425827,3.14534926,4.481,64.427,4.33,2456844.0,61.643210849607
"Gambia, The",GMB,2020,36.01100159,720.335143352133,47.3645750957407,4.01436949,5.84,64.418,4.248,2515733.0,62.2069251698555
"Gambia, The",GMB,2021,41.67309952,781.890925169531,47.5364188505618,3.74321485,6.213,63.847,4.165,2576010.0,62.7550706637859
"Gambia, The",GMB,2022,48.22539902,836.244875868476,47.7159912011406,3.53697729,6.067,64.859,4.078,2636470.0,63.2869880996278
"Gambia, The",GMB,2023,48.72829819,883.024111978927,47.9457928819298,2.89250112,6.479,65.86,4.006,2697845.0,63.8020182456108
Georgia,GEO,2000,0.484746298540492,749.908534993961,76.0390884292644,7.194592,10.82,70.091,1.609,4077131.0,52.4935999592259
Georgia,GEO,2001,0.992344436138154,801.98383707929,76.3455620066701,7.16950893,11.16,70.371,1.579,4014373.0,52.4098165040349
Georgia,GEO,2002,1.58787562980332,853.526171868939,76.7308281538671,7.81474257,12.59,70.438,1.571,3978515.0,52.4127676027039
Georgia,GEO,2003,2.55881648068489,1010.03151630868,77.2078100471997,8.02952862,11.51,71.377,1.552,3951736.0,52.5144705663341
Georgia,GEO,2004,3.88622135350273,1305.04748557208,77.8624268677017,8.08910847,12.62,71.011,1.566,3927340.0,52.7173199317225
Georgia,GEO,2005,6.079500198,1642.78359414797,78.5154686105649,8.07734203,13.81,70.689,1.583,3902469.0,53.0036280624359
Georgia,GEO,2006,7.52687684487832,1996.02013272284,79.1671925516486,7.63208008,13.57,70.983,1.617,3880347.0,53.3593916521584
Georgia,GEO,2007,8.26,2635.36650276116,79.817561698029,7.43517828,13.28,70.985,1.697,3860158.0,53.7706073945741
Georgia,GEO,2008,10.01000023,3324.7537205015,80.4663116596926,8.44424057,17.87,70.949,1.832,3848449.0,54.2232719833673
Georgia,GEO,2009,20.06999969,2822.68939668797,81.1134334337122,9.56681633,20.71,71.058,1.993,3814419.0,54.7033821122222
Georgia,GEO,2010,26.9,3281.72930937343,81.7591448045186,9.02123737,20.203,71.732,1.973,3786695.0,55.1969344748228
Georgia,GEO,2011,31.52000046,4119.66818307193,82.4031867443918,7.88224316,19.632,72.485,1.915,3756441.0,55.6899257648533
Georgia,GEO,2012,36.93999863,4530.69533409431,83.0457915125519,7.95168972,19.653,72.672,1.929,3728874.0,56.1683526759979
Georgia,GEO,2013,43.3,4712.00229382665,83.6864716943759,8.00574589,19.416,73.025,1.993,3717668.0,56.6182119019407
Georgia,GEO,2014,49.1024547144647,4830.33486170249,84.3256691388097,8.2940836,17.439,73.105,2.18,3719414.0,57.0237612994258
Georgia,GEO,2015,47.5697596438736,4086.6223465965,84.963148689816,8.6599493,16.506,73.241,2.214,3725276.0,57.3803800455672
Georgia,GEO,2016,58.4592896118725,4143.40125686315,85.6008234007507,9.07258892,16.604,73.136,2.228,3727505.0,57.6984032005062
Georgia,GEO,2017,59.7055045962571,4418.75206546679,86.2379416213095,8.70140266,13.939,73.435,2.136,3728004.0,57.9996827205757
Georgia,GEO,2018,62.7179081974285,4804.0546040444,86.8748222310992,7.75524616,12.667,73.985,2.093,3726549.0,58.3038181862576
Georgia,GEO,2019,68.8467135616978,4741.2832715876,87.5111601190334,7.31291389,11.565,74.165,2.021,3720161.0,58.6304091780343
Georgia,GEO,2020,72.53157487,4300.85701291207,88.1470373073336,9.22991848,11.734,73.509,1.976,3722716.0,58.9990552763878
Georgia,GEO,2021,76.4427093,5083.60695484577,88.7819724294363,10.53835487,11.785,71.635,1.98,3708610.0,59.4293560618005
Georgia,GEO,2022,78.71127536,6729.84659930283,89.416046138405,8.29634285,11.621,74.141,1.82,3712502.0,60.0101622679115
Georgia,GEO,2023,81.88425624,8283.66960652261,90.04898468576,6.85758877,11.549,74.496,1.81,3715483.0,60.7523077799724
Germany,DEU,2000,30.2163466048889,23925.8559901991,99.21811250617,9.75930405,7.917,77.9268292682927,1.38,82211508.0,80.0942160905637
Germany,DEU,2001,31.650939416316,23878.3641471651,99.2187285711442,9.78105545,7.773,78.3292682926829,1.35,82349925.0,80.1070808273695
Germany,DEU,2002,48.82,25486.5942008748,99.2193421952122,10.028965,8.482,78.2292682926829,1.34,82488495.0,80.1213973750556
Germany,DEU,2003,55.9,30711.1022511331,99.2199547418402,10.22255325,9.779,78.3804878048781,1.34,82534176.0,80.1373116303862
Germany,DEU,2004,64.73,34566.7359143735,99.2205650986776,9.97466278,10.727,78.6804878048781,1.36,82516260.0,80.1549694901257
Germany,DEU,2005,68.71,35084.4363546269,99.2211744184797,10.1068058,11.193,78.9317073170732,1.34,82469422.0,80.1745168510383
Germany,DEU,2006,72.16,36980.3349948954,99.2217727206521,9.96236897,10.277,79.1317073170732,1.33,82376451.0,80.1960996098884
Germany,DEU,2007,75.16,42350.9217211489,99.2223722833519,9.83482933,8.732,79.5341463414634,1.37,82266372.0,80.2198636634402
Germany,DEU,2008,78.0,46379.1647953479,99.2229706553604,10.03185749,7.508,79.7365853658537,1.38,82110097.0,80.2459549084581
Germany,DEU,2009,79.0,42471.8868625226,99.2235594374559,10.97003078,7.88,79.8365853658537,1.36,81902307.0,80.2745192417062
Germany,DEU,2010,82.0,42396.9665976293,99.2241473116782,10.8311739,7.043,79.9878048780488,1.39,81776930.0,80.305702559949
Germany,DEU,2011,81.26999953602,47630.9761883572,99.2247340689137,10.52106953,5.967,80.4365853658537,1.39,80274983.0,80.3405762928198
Germany,DEU,2012,82.3499984738392,44718.0159214069,99.2247613890783,10.59356213,5.372,80.5390243902439,1.41,80425823.0,80.393447520218
Germany,DEU,2013,84.17,47206.8353514242,99.2247932083091,10.7432127,5.316,80.490243902439,1.42,80645605.0,80.4732318400362
Germany,DEU,2014,86.1937006578756,48959.5991203133,99.2248234415877,10.76819706,4.979,81.090243902439,1.47,80982500.0,80.57574023743
Germany,DEU,2015,87.5897993525767,41929.7549110722,99.2248544718085,10.92317677,4.612,80.6414634146341,1.5,81686611.0,80.6974371632814
Germany,DEU,2016,84.1652066441212,42948.9381932694,99.224925403148,10.97133732,4.104,80.990243902439,1.6,82348669.0,80.8347870684725
Germany,DEU,2017,84.3941537010844,45553.9341495339,99.2250385348841,11.05091095,3.781,80.9926829268293,1.57,82657002.0,80.9842544038853
Germany,DEU,2018,87.037112092841,48916.1686612154,99.2251947749957,11.18380833,3.384,80.8926829268293,1.57,82905782.0,81.1423036204018
Germany,DEU,2019,88.1345169091916,47656.199739747,99.2253839958428,11.42805386,3.163,81.2926829268293,1.54,83092962.0,81.3053991689039
Germany,DEU,2020,89.81294133,47394.8734504469,99.2256156866511,12.46780777,3.881,81.0414634146342,1.53,83160871.0,81.4700055002738
Germany,DEU,2021,91.43060973,52349.2459994422,99.2258902349631,12.72403336,3.594,80.790243902439,1.58,83196078.0,81.6325870653934
Germany,DEU,2022,91.62984383,50506.5179638543,99.2262023543276,12.44708347,3.137,80.6080487804878,1.455,83177813.0,81.7867852780995
Germany,DEU,2023,92.4763763,54776.7668235491,99.2265552501835,11.74428654,3.071,81.0414634146342,1.39,83287273.0,81.9034366692129
Ghana,GHA,2000,0.153615297625799,253.746936203344,5.7234427408028,1.66343236,10.456,58.139,4.827,19637087.0,43.9373786640616
Ghana,GHA,2001,0.200008060324831,263.542156494853,5.81107386081924,1.86866331,9.615,58.403,4.768,20167069.0,44.6410507317701
Ghana,GHA,2002,0.830284033818738,297.46164468774,6.75045552246998,1.94694591,8.711,58.709,4.687,20729388.0,45.3484692124806
Ghana,GHA,2003,1.19305791098328,358.39927142073,7.7086235468762,2.14935279,7.728,59.014,4.597,21296705.0,46.0547973581418
Ghana,GHA,2004,1.71679770389504,406.132105329565,8.68540857696259,2.36955285,6.758,59.316,4.504,21868298.0,46.7572004525685
Ghana,GHA,2005,1.83119746104616,478.611909191028,9.68014854216275,3.27344108,5.816,59.638,4.496,22449438.0,47.4528437795757
Ghana,GHA,2006,2.72317597313987,906.441027564887,10.6928566524772,3.67208791,4.897,59.975,4.399,23040702.0,48.1388926229785
Ghana,GHA,2007,3.85,1050.12461524926,11.7231535267872,3.70900321,5.104,60.282,4.288,23642279.0,48.8125122665918
Ghana,GHA,2008,4.27,1182.65761256016,12.7707576406742,3.72533512,5.144,60.578,4.217,24249946.0,49.4708679942306
Ghana,GHA,2009,5.44,1047.70430093586,13.8350497335121,4.17717743,5.362,60.928,4.179,24862664.0,50.1111250897099
Ghana,GHA,2010,7.8,1263.89251760539,14.9161840108112,4.52302933,5.384,61.297,4.181,25474995.0,50.7296926788704
Ghana,GHA,2011,9.0,1507.43573198753,16.0135300837222,4.46374655,4.213,61.617,4.177,26095088.0,51.3304086646488
Ghana,GHA,2012,10.6,1543.77524235764,17.126673080362,3.93023658,3.126,61.995,4.154,26734268.0,51.9197918381031
Ghana,GHA,2013,15.0,2294.79584693743,18.2550635017005,4.59225416,2.173,62.397,4.114,27386193.0,52.4985794475913
Ghana,GHA,2014,19.0,1949.90832923846,19.3983890713711,4.01644135,4.403,62.832,4.029,28041592.0,53.0663398797148
Ghana,GHA,2015,23.0,1722.77282833606,20.556338766229,4.54299259,6.806,63.175,3.982,28696068.0,53.6226415210752
Ghana,GHA,2016,28.0,1912.47991339951,21.7286047018582,3.39035821,5.256,63.522,3.873,29356742.0,54.167052758274
Ghana,GHA,2017,37.88420105,2012.28662641265,22.9147548943672,2.68786979,3.369,63.829,3.715,30008354.0,54.6991419779128
Ghana,GHA,2018,43.0,2195.32166016377,24.1144852694417,2.43001175,3.204,64.138,3.65,30637585.0,55.218477566593
Ghana,GHA,2019,22.0732,2186.65822682613,25.327363008811,3.25450468,3.067,64.455,3.593,31258945.0,55.7246279109161
Ghana,GHA,2020,62.51760101,2195.45481659987,26.5532224510153,4.4331708,3.178,64.309,3.541,31887809.0,56.2171613974837
Ghana,GHA,2021,68.6,2445.18662529344,27.7916388048117,3.86030865,3.2,64.286,3.492,32518665.0,56.6952556826536
Ghana,GHA,2022,69.91329956,2229.89122654479,29.0423190138112,3.67459154,2.87,65.246,3.434,33149152.0,57.250609602871
Ghana,GHA,2023,70.67430115,2383.90410476221,30.3048454596217,2.94686937,2.829,65.498,3.397,33787914.0,57.8074737774654
Gibraltar,GIB,2000,19.1316381248919,,100.0,,,80.145,2.185,27709.0,100.0
Gibraltar,GIB,2001,21.171109436031,,100.0,,,80.419,2.104,27657.0,100.0
Gibraltar,GIB,2002,23.670239745714,,100.0,,,80.59,1.683,27831.0,100.0
Gibraltar,GIB,2003,28.3257797920554,,100.0,,,80.713,1.634,28274.0,100.0
Gibraltar,GIB,2004,32.8860826098395,,100.0,,,80.856,1.689,28715.0,100.0
Gibraltar,GIB,2005,39.0701308849385,,100.0,,,80.991,1.754,29163.0,100.0
Gibraltar,GIB,2006,45.29864751181,,100.0,,,81.103,1.802,29594.0,100.0
Gibraltar,GIB,2007,51.61,,100.0,,,81.269,1.852,30006.0,100.0
Gibraltar,GIB,2008,58.0,,100.0,,,81.541,1.903,30413.0,100.0
Gibraltar,GIB,2009,65.07,,100.0,,,81.807,1.926,30823.0,100.0
Gibraltar,GIB,2010,65.0,,100.0,,,82.08,1.954,31248.0,100.0
Gibraltar,GIB,2011,65.0,,100.0,,,82.333,1.974,31660.0,100.0
Gibraltar,GIB,2012,65.017,,100.0,,,82.527,1.999,32029.0,100.0
Gibraltar,GIB,2013,,,100.0,,,82.586,2.099,32407.0,100.0
Gibraltar,GIB,2014,,,100.0,,,82.644,2.084,32813.0,100.0
Gibraltar,GIB,2015,,,100.0,,,82.668,2.074,33193.0,100.0
Gibraltar,GIB,2016,94.4444715818151,,100.0,,,82.741,1.94,33658.0,100.0
Gibraltar,GIB,2017,,,100.0,,,82.858,1.93,34245.0,100.0
Gibraltar,GIB,2018,,,100.0,,,83.028,1.921,34854.0,100.0
Gibraltar,GIB,2019,,,100.0,,,83.183,1.912,35494.0,100.0
Gibraltar,GIB,2020,,,100.0,,,83.07,1.907,36173.0,100.0
Gibraltar,GIB,2021,,,100.0,,,80.274,1.899,36858.0,100.0
Gibraltar,GIB,2022,,,100.0,,,83.517,1.895,37609.0,100.0
Gibraltar,GIB,2023,,,100.0,,,83.553,1.888,38471.0,100.0
Greece,GRC,2000,9.13883730776798,11638.2010697215,97.8758799190344,7.51388931,11.345,77.8878048780488,1.25,10805808.0,72.665642910984
Greece,GRC,2001,10.9350258080278,12156.9572824221,97.9452945342735,8.24545956,10.764,78.3878048780488,1.25,10862132.0,72.8460703788502
Greece,GRC,2002,14.67,13782.195640943,98.0197252313027,8.46998692,10.346,78.6414634146341,1.28,10902022.0,73.0977109642516
Greece,GRC,2003,17.8,18020.612039764,98.0930878671239,8.68253994,9.839,78.8414634146341,1.29,10928070.0,73.432268024093
Greece,GRC,2004,21.42,21449.2552764245,98.1654410547609,8.30002213,10.628,79.0390243902439,1.31,10955141.0,73.8267602923728
Greece,GRC,2005,24.0,22054.1315756886,98.2367240021803,8.76117897,10.074,79.2390243902439,1.34,10987314.0,74.2617376694311
Greece,GRC,2006,32.25,24416.0232970275,98.3069816511148,8.39596939,8.906,79.4390243902439,1.4,11020362.0,74.717750055608
Greece,GRC,2007,35.88,28440.7625328955,98.37623995926,8.52304935,8.351,79.4390243902439,1.41,11048473.0,75.1753473512439
Greece,GRC,2008,38.2,31695.8331092209,98.444518449364,8.948102,7.664,79.9390243902439,1.5,11077841.0,75.615079456679
Greece,GRC,2009,42.4,29425.4573200263,98.5117822479045,9.53581333,9.546,80.1878048780488,1.5,11107017.0,76.0174962722535
Greece,GRC,2010,44.4,26653.0488008626,98.5780776451811,9.61952496,12.719,80.3878048780488,1.48,11121341.0,76.3631476983077
Greece,GRC,2011,51.6499951676815,25504.7866510124,98.6434297836442,9.18577003,17.973,80.7317073170732,1.4,11104899.0,76.6352609929407
Greece,GRC,2012,55.0699934418411,21624.346052551,98.7078706841622,9.04327774,24.731,80.6341463414634,1.34,11045011.0,76.8679797449322
Greece,GRC,2013,59.8663,21573.3449762805,98.7713762312749,8.52183914,27.686,81.2853658536585,1.29,10965211.0,77.0951999650171
Greece,GRC,2014,63.2073404784561,21474.7257123892,98.8339628930007,7.94358587,26.708,81.3853658536585,1.3,10892413.0,77.3130486275866
Greece,GRC,2015,66.8349594911035,17980.7298238137,98.8956496305224,8.26719952,24.981,81.0365853658537,1.33,10820883.0,77.5194426317545
Greece,GRC,2016,69.0879154723892,17919.2426377048,98.9564489293753,8.45097542,23.514,81.3878048780488,1.38,10775971.0,77.7122988766348
Greece,GRC,2017,69.8929706543154,18631.9930129293,98.9831881851134,8.11336899,21.413,81.2878048780488,1.35,10754679.0,77.8895342613411
Greece,GRC,2018,72.2383733920483,19873.4015238771,98.9867526034177,8.07267761,19.179,81.7878048780488,1.35,10732882.0,78.0490656849874
Greece,GRC,2019,75.6712066931757,19335.3602002969,98.9902600193741,8.11709499,17.045,81.6390243902439,1.34,10721582.0,78.1888100466875
Greece,GRC,2020,78.11584474,17886.733165236,98.9937448356397,9.38074493,15.899,81.2878048780488,1.39,10698599.0,78.3066842455552
Greece,GRC,2021,78.49426371,20652.89659591,98.9971863349773,9.03178692,14.656,80.0829268292683,1.43,10570130.0,78.3884898647442
Greece,GRC,2022,83.17066333,20884.6773436263,99.0005834270921,8.44938278,12.426,80.7878048780488,1.32,10437805.0,78.5502190980809
Greece,GRC,2023,85.0102229,23343.7103964562,99.0039477070011,8.39367008,11.023,81.7365853658537,1.26,10407351.0,78.7746303842088
Greenland,GRL,2000,31.7478112321162,19009.0774407515,,,,64.8034146341463,2.406,56185.0,81.4517822265625
Greenland,GRL,2001,35.4641368915684,19265.5191468738,,,,65.0058536585366,2.506,56379.0,81.7906112670898
Greenland,GRL,2002,44.154789028418,20657.9506323097,,,,65.419512195122,2.613,56595.0,82.0752868652344
Greenland,GRL,2003,54.5342598293605,27466.6494525504,,,,66.1229268292683,2.328,56751.0,82.3485946655273
Greenland,GRL,2004,56.0990147610533,32030.9987915109,,,,66.8080487804878,2.442,56898.0,82.5634307861328
Greenland,GRL,2005,57.7034045008656,32489.7277309899,,,,67.3051219512195,2.326,56935.0,82.6899108886719
Greenland,GRL,2006,59.361687268664,35457.6297578214,,,,67.8180487804878,2.28,56775.0,82.8471984863281
Greenland,GRL,2007,61.07,39780.9441368721,,,,68.2739024390244,2.223,56555.0,83.2039566040039
Greenland,GRL,2008,62.82,44366.7858688175,,,,68.5660975609756,2.249,56328.0,83.621826171875
Greenland,GRL,2009,62.83,44918.8413832155,,,,69.0321951219512,2.344,56323.0,83.8556137084961
Greenland,GRL,2010,63.0,44277.1993400972,,,,69.349756097561,2.184,56534.0,84.2784881591797
Greenland,GRL,2011,64.0,47186.8759969388,,,,69.6146341463415,2.097,56890.0,84.5286026000977
Greenland,GRL,2012,64.8960100995989,45936.9562817724,,,,69.959512195122,2.006,56810.0,84.8864593505859
Greenland,GRL,2013,65.8,47535.4883792376,,,,70.2917073170732,2.069,56483.0,85.3725891113281
Greenland,GRL,2014,66.7,50485.2244135291,62.5,,,70.5082926829268,1.987,56295.0,85.6772384643555
Greenland,GRL,2015,67.600443481006,44536.3549705377,62.5,,,70.909756097561,2.116,56114.0,86.046257019043
Greenland,GRL,2016,68.500873675421,48181.7453541266,62.5,,,71.1990243902439,2.066,56186.0,86.2261047363281
Greenland,GRL,2017,69.4824617821988,50765.7494665372,62.5,,,71.2563414634146,2.125,56172.0,86.3915557861328
Greenland,GRL,2018,,54545.135857765,62.5,,,71.3609756097561,2.024,56023.0,86.72509765625
Greenland,GRL,2019,,53309.2035905065,62.5,,,71.4092682926829,2.115,56225.0,87.0217895507812
Greenland,GRL,2020,,54812.6661771023,62.5,,,71.2858536585366,2.109,56367.0,87.2840881978115
Greenland,GRL,2021,,58135.9939910203,62.5,,,71.2614634146342,1.82,56653.0,87.5452017613678
Greenland,GRL,2022,,55635.0006491223,62.5,,,71.230243902439,1.818,56661.0,87.8049405256832
Greenland,GRL,2023,,58498.9707973609,,,,70.9724390243902,1.769,56865.0,88.0631147749908
Grenada,GRD,2000,4.06390799146313,4839.82811114248,88.5722720006749,5.35886383,,72.955,2.441,107451.0,35.8702371019579
Grenada,GRD,2001,5.12810398216998,4819.50776653843,89.0844419136279,5.62456989,,73.034,2.421,107987.0,35.9199973947796
Grenada,GRD,2002,14.7588405454867,4984.47405931447,89.5954337141359,6.17569733,,73.142,2.378,108404.0,35.9199179937357
Grenada,GRD,2003,18.6451821830564,5427.96377252312,90.1052474021992,5.28485727,,73.291,2.332,108884.0,35.9194385233611
Grenada,GRD,2004,19.5706205843787,5480.26117644588,90.6138829778177,5.36568451,,72.447,2.285,109323.0,35.9181958391436
Grenada,GRD,2005,20.4878006,6338.56011405358,91.1213404409914,5.14460278,,73.7,2.242,109734.0,35.9158260786725
Grenada,GRD,2006,21.39599991,6344.0383771432,91.6276197917204,5.11352158,,73.93,2.195,110135.0,35.9119653795374
Grenada,GRD,2007,22.29,6864.54816771858,92.1327210300046,5.23867893,,74.159,2.154,110522.0,35.9062498793276
Grenada,GRD,2008,23.18000031,7448.2040563865,92.6366441558442,5.386199,,74.374,2.116,110896.0,35.8983157156326
Grenada,GRD,2009,24.04999924,6932.56472176781,93.1393891692389,5.43471003,,74.567,2.078,111254.0,35.8877990260417
Grenada,GRD,2010,27.0,6909.60169568597,93.6409560701888,5.4188118,,74.731,2.038,111586.0,35.8743359481443
Grenada,GRD,2011,30.0,6947.38136096464,93.5480727629389,5.80423355,,74.861,2.006,112079.0,35.8601091092326
Grenada,GRD,2012,32.0,7092.71985352677,93.4551894556889,5.82235765,,74.961,1.967,112775.0,35.8652755773132
Grenada,GRD,2013,35.0,7424.80212287327,93.362306148439,5.62652922,,75.022,1.913,113487.0,35.8792242623778
Grenada,GRD,2014,51.6,7986.33421210788,93.269422841189,4.77353573,,75.045,1.799,114132.0,35.9014624346562
Grenada,GRD,2015,52.5,8694.12438005692,93.176539533939,4.64675617,,75.037,1.715,114676.0,35.9319491111708
Grenada,GRD,2016,53.29999924,9221.23461079424,93.0836562266891,4.43910027,,75.01,1.616,115130.0,35.9706014181883
Grenada,GRD,2017,54.20000076,9751.42661155932,92.9907729194391,4.65701056,,74.977,1.438,115438.0,36.0173296416579
Grenada,GRD,2018,61.42459869,10083.021279225,92.8978896121892,4.58373737,,74.957,1.53,115691.0,36.0720421424532
Grenada,GRD,2019,64.31279755,10462.7929159533,92.8050063049392,4.93189621,,74.971,1.542,115981.0,36.1346465679904
Grenada,GRD,2020,65.65380096,8968.55890108484,92.7121229976892,5.30602551,,75.019,1.532,116341.0,36.2050502515788
Grenada,GRD,2021,67.02279663,9617.28902905373,92.6192396904393,5.27963448,,74.522,1.517,116688.0,36.2831603706908
Grenada,GRD,2022,68.42030334,10469.3867012856,92.6192396904393,4.99701262,,75.151,1.502,116913.0,36.3688840183487
Grenada,GRD,2023,69.4131012,11414.4781691181,92.6192396904393,4.65330839,,75.205,1.487,117081.0,36.462128238584
Guam,GUM,2000,16.1131270423389,,88.9735320691109,,15.32,74.894,2.915,160065.0,93.1395316242857
Guam,GUM,2001,25.3802275337398,,89.0373069363675,,13.213,75.195,2.817,161329.0,93.2781071591292
Guam,GUM,2002,31.1922942556271,20909.9590302806,89.1010818036241,,11.39,75.506,2.582,162315.0,93.4166219465011
Guam,GUM,2003,33.7166817880876,21877.3178371553,89.1648566708808,,9.693,75.885,2.657,163137.0,93.5502870629964
Guam,GUM,2004,36.1617878387908,23618.8266894573,89.2286315381374,,7.7,76.114,2.772,163810.0,93.6758326459328
Guam,GUM,2005,38.559877557558,25631.9776108052,89.292406405394,,7.0,76.427,2.638,164365.0,93.7899888326279
Guam,GUM,2006,43.8514430048178,25709.9351488422,89.3561812726507,,7.4,76.477,2.807,164839.0,93.8894857603993
Guam,GUM,2007,46.1504736192355,26605.4324214756,89.4199561399073,,8.3,76.397,2.905,165267.0,93.9710535665648
Guam,GUM,2008,48.4187021509296,28112.2316573422,89.483731007164,,8.892,76.233,2.905,165693.0,94.0314223884421
Guam,GUM,2009,50.6420283820435,29054.0581201519,89.5475058744206,,9.3,76.141,2.891,166173.0,94.0673223633488
Guam,GUM,2010,54.04,29719.7967836082,89.6112807416772,,8.2,76.095,2.973,166522.0,94.0765173267308
Guam,GUM,2011,57.7,29926.2052442913,89.6750556089339,,13.3,76.153,2.876,166543.0,94.0771054436498
Guam,GUM,2012,61.5341593079002,31653.7506538168,89.7388304761905,,12.2,76.237,3.117,166331.0,94.0777276704115
Guam,GUM,2013,65.4,32530.7593121483,89.8026053434471,,11.5,76.361,2.883,165966.0,94.0782751403862
Guam,GUM,2014,69.27,33900.1486530583,89.8663802107038,,7.6,76.423,2.946,165486.0,94.0787476782557
Guam,GUM,2015,73.139999947043,35165.7014644795,89.9301550779604,,6.9,76.444,2.933,164905.0,94.079145108702
Guam,GUM,2016,77.009999893206,35930.6594898711,89.993929945217,,5.4,76.449,3.171,164233.0,94.079467256407
Guam,GUM,2017,80.5054655600831,36779.0078903909,90.0577048124737,,5.418,76.463,3.088,163490.0,94.0797139460527
Guam,GUM,2018,,37195.9503070464,90.1214796797303,,5.45,76.561,2.995,162679.0,94.079885002321
Guam,GUM,2019,,39274.9431424899,90.1852545469869,,5.405,76.645,2.938,161808.0,94.0799802498939
Guam,GUM,2020,,36482.9363953675,90.2490294142436,,6.241,75.529,2.895,162158.0,94.0804991087801
Guam,GUM,2021,,38074.8793745801,90.3128042815002,,6.0,75.434,2.856,163730.0,94.0884327694075
Guam,GUM,2022,,41833.1517132825,90.3765791487569,,5.383,77.102,2.819,165180.0,94.1068261842046
Guam,GUM,2023,,,90.3765791487569,,5.262,77.209,2.781,166506.0,94.1349341638921
Guatemala,GTM,2000,0.712332904508925,1648.96578971559,61.0672448487816,5.39686108,2.143,67.102,4.583,11697592.0,43.2434755105047
Guatemala,GTM,2001,1.7382017815873,1537.68663578252,61.5616929942508,6.07023716,2.251,67.436,4.502,11969422.0,44.678095600504
Guatemala,GTM,2002,3.39174627024502,1669.33517469705,62.0451166230721,6.01301289,2.254,67.835,4.371,12246915.0,45.7754731938848
Guatemala,GTM,2003,4.54885490848324,1722.54701910774,62.5094447172638,6.15306854,2.807,68.204,4.25,12525842.0,46.5865389722105
Guatemala,GTM,2004,5.1,1840.91184884,62.9581205196871,6.26182795,2.971,68.245,4.134,12807402.0,47.326819486636
Guatemala,GTM,2005,5.699999809,2046.46611650758,63.3959543094237,6.14826393,3.059,68.167,3.974,13087629.0,48.0557951573834
Guatemala,GTM,2006,6.5,2225.1234753878,63.8233780145297,6.36362219,2.96,68.79,3.845,13367459.0,48.7676356188334
Guatemala,GTM,2007,7.300000191,2458.81573919384,64.2408036159459,6.1918335,2.847,69.299,3.716,13652040.0,49.4565105053665
Guatemala,GTM,2008,8.300000191,2763.05988172926,64.6483174313352,6.08129978,2.898,69.493,3.571,13935174.0,50.1165894513633
Guatemala,GTM,2009,9.300000191,2611.64632773352,65.0451401830532,6.33938646,3.22,69.676,3.465,14215611.0,50.7420420912045
Guatemala,GTM,2010,10.5,2805.25960237322,65.4325572317079,6.1247797,3.497,69.885,3.375,14500112.0,51.3270380592706
Guatemala,GTM,2011,12.30000019,3168.98370607705,65.8097996494068,5.96306896,3.169,70.321,3.292,14792126.0,51.8657469899423
Guatemala,GTM,2012,16.0,3286.61959336267,66.1775447968584,6.07316971,2.765,70.722,3.219,15089647.0,52.3523385176
Guatemala,GTM,2013,19.70000076,3444.15802275864,66.5388660847847,5.77188921,3.017,70.878,3.151,15387337.0,52.7809822766245
Guatemala,GTM,2014,23.39999962,3689.14510410202,66.8936926813794,5.8885684,2.717,70.942,3.088,15681725.0,53.1458479013964
Guatemala,GTM,2015,28.80590057,3893.50533299068,67.2424899275787,6.00602007,2.506,70.915,3.029,15971743.0,53.4411050262961
Guatemala,GTM,2016,34.50930023,4060.13784737643,67.5843983621211,6.07008219,2.583,71.215,2.973,16268760.0,53.6609232857043
Guatemala,GTM,2017,37.90000153,4324.99768915601,67.9199018955355,6.13563824,2.462,71.583,2.857,16567357.0,53.7994723140017
Guatemala,GTM,2018,41.5,4352.94593289707,68.2489426363097,6.10662699,2.283,71.496,2.743,16845685.0,53.845962303542
Guatemala,GTM,2019,44.401049838502,4511.99839552697,68.5709973645284,6.17443275,2.193,71.639,2.593,17103803.0,54.1882267267974
Guatemala,GTM,2020,47.51229858,4477.61785000665,68.8862996420965,6.4591527,2.965,69.971,2.47,17357325.0,54.5483167911628
Guatemala,GTM,2021,50.84164945,4912.62240414681,69.4621730094076,7.35698891,2.174,67.858,2.388,17598650.0,54.9047071553758
Guatemala,GTM,2022,54.40430069,5356.92435887895,70.0349423501554,7.1678791,3.051,71.206,2.343,17847877.0,55.2581228215265
Guatemala,GTM,2023,56.72669983,5754.42833909847,70.6041253212475,6.80241346,2.344,72.602,2.311,18124838.0,55.6082319565539
Guinea,GIN,2000,0.0954249236063846,518.157066924026,9.16230658478803,4.74101353,4.586,52.42,5.918,8428832.0,30.9231105645224
Guinea,GIN,2001,0.175541868491054,483.085120214741,9.88629196850462,4.88433027,4.584,52.669,5.834,8539960.0,31.2176948406254
Guinea,GIN,2002,0.402022748744397,495.916073559269,10.6114415301292,5.35653734,4.549,53.2,5.781,8674066.0,31.5131362085814
Guinea,GIN,2003,0.450960370842751,566.48540588068,11.3379449716538,4.77216482,4.628,53.589,5.744,8870781.0,31.8086015036327
Guinea,GIN,2004,0.508819332302937,584.897740538081,12.2068746539465,4.77632809,4.709,53.975,5.733,9062726.0,32.1032575610216
Guinea,GIN,2005,0.542299986,463.17768685098,13.0950354311112,4.03452682,4.814,54.422,5.727,9245844.0,32.3962712159907
Guinea,GIN,2006,0.637499988,446.980554135013,14.0026334670864,3.61526895,4.863,54.875,5.704,9441171.0,32.6868093037822
Guinea,GIN,2007,0.780025279059244,650.148575304743,14.9294878110963,3.48262477,4.787,55.233,5.664,9662281.0,32.9740386596386
Guinea,GIN,2008,0.92,703.532825784369,15.8756067639013,3.26561713,4.803,55.703,5.596,9898870.0,33.2571261188022
Guinea,GIN,2009,0.94,662.185914665575,16.8410008400224,3.58146644,4.914,56.052,5.528,10143534.0,33.5352385165154
Guinea,GIN,2010,1.0,659.235326211315,17.8258882415396,3.42781734,5.018,56.431,5.435,10396086.0,33.8075426880206
Guinea,GIN,2011,2.0,636.694958747648,18.8300745161128,3.78955102,5.024,56.778,5.337,10656810.0,34.0732054685603
Guinea,GIN,2012,3.099999905,699.353377212197,19.8535699723585,3.50398517,4.874,57.117,5.232,10921581.0,34.3313936933767
Guinea,GIN,2013,4.5,748.455020824734,20.8963805102335,3.46108651,4.944,57.459,5.151,11191873.0,34.5812741977122
Guinea,GIN,2014,6.400000095,765.146999389279,21.958517184142,4.787992,5.044,57.581,5.07,11472924.0,34.8177920826682
Guinea,GIN,2015,9.199999809,747.356966759448,23.0429534538905,5.80919266,5.15,57.899,5.002,11767070.0,35.0373191833496
Guinea,GIN,2016,13.10000038,711.996509782316,24.1498387012441,5.39694929,4.997,58.49,4.915,12073030.0,35.3100280761719
Guinea,GIN,2017,18.70000076,833.598621691121,25.2793165342665,3.91512728,4.86,58.715,4.793,12385659.0,35.5827331542969
Guinea,GIN,2018,21.8300230430563,933.273615633705,26.4315341873572,3.73843002,4.835,59.043,4.669,12704774.0,35.8554382324219
Guinea,GIN,2019,23.89049911,1031.34146480732,27.6063983510435,4.08876228,5.018,59.379,4.576,13034346.0,36.1281547546387
Guinea,GIN,2020,26.14550018,1053.66097696415,28.8045342946628,3.90094519,6.007,59.35,4.489,13371183.0,36.4802208060551
Guinea,GIN,2021,28.61330032,1244.96550477914,30.0258495167405,3.7175858,5.815,59.373,4.399,13710513.0,36.8502178436256
Guinea,GIN,2022,31.31399918,1416.59612011764,31.2707423118105,3.83292699,5.174,60.432,4.303,14055137.0,37.2384967469106
Guinea,GIN,2023,32.31560135,1555.49375806861,32.538855541003,3.69442987,5.141,60.74,4.217,14405468.0,37.6454083954705
Guinea-Bissau,GNB,2000,0.230103170591588,316.945495037639,4.53445720097512,4.18953228,3.358,50.565,5.786,1234741.0,36.8412054388232
Guinea-Bissau,GNB,2001,0.299569144677667,327.138431972397,5.01574870772438,4.12891531,2.958,51.054,5.688,1261273.0,37.1627839410066
Guinea-Bissau,GNB,2002,1.02299323436117,362.034574570354,5.72910394514667,3.87280011,3.146,51.608,5.634,1289307.0,37.4734924367695
Guinea-Bissau,GNB,2003,1.35419747762901,419.78486611807,6.75416506576179,3.50201416,3.169,52.186,5.577,1318806.0,37.7773055741583
Guinea-Bissau,GNB,2004,1.80814220342991,431.376557669634,7.78216486739306,4.27070189,3.226,52.8,5.5,1349563.0,38.0781980012196
Guinea-Bissau,GNB,2005,1.90139997,463.073962650452,8.8783527585904,4.53462505,3.184,52.949,5.46,1381585.0,38.3801443659997
Guinea-Bissau,GNB,2006,2.057199955,448.513075469701,9.9897316228944,5.07826185,3.143,54.089,5.406,1415303.0,38.6871193165452
Guinea-Bissau,GNB,2007,2.20630002,519.069789794741,11.1161885061566,4.92573404,3.125,54.87,5.365,1450986.0,39.0030975009025
Guinea-Bissau,GNB,2008,2.35488871087933,640.210331101753,12.2580921089513,5.35239792,3.157,55.3,5.266,1488054.0,39.3320535671181
Guinea-Bissau,GNB,2009,2.30328059172582,583.190020139094,13.4152955008386,4.61063194,3.163,56.297,5.176,1526377.0,39.6716434222135
Guinea-Bissau,GNB,2010,2.450000048,600.194298540768,14.5887141664203,4.87133694,3.121,56.999,5.111,1566347.0,40.0095596313477
Guinea-Bissau,GNB,2011,2.671999931,719.539573498937,15.7782187068147,6.21634817,3.072,57.663,5.067,1608076.0,40.4391136169434
Guinea-Bissau,GNB,2012,2.894000053,635.461653303881,16.9842205721111,5.94134808,3.135,58.27,5.003,1651417.0,40.8686027526855
Guinea-Bissau,GNB,2013,3.099999905,654.304534409417,18.2067554736928,7.03943443,3.173,58.879,4.93,1695973.0,41.2976379394531
Guinea-Bissau,GNB,2014,3.319999933,652.022501029449,19.4462525723006,9.96897411,3.285,59.476,4.79,1741122.0,41.7271995544434
Guinea-Bissau,GNB,2015,6.099999905,645.066837207039,20.7029543822311,8.13228226,3.168,60.071,4.661,1786457.0,42.1568145751953
Guinea-Bissau,GNB,2016,13.80000019,679.665386626818,21.9768833616634,8.32881451,3.139,60.619,4.519,1831893.0,42.586109161377
Guinea-Bissau,GNB,2017,14.80000019,783.123186602022,23.2682682564985,7.00049543,3.089,61.148,4.347,1877072.0,43.0155792236328
Guinea-Bissau,GNB,2018,15.69999981,808.531613218504,24.5775735612132,7.28164959,3.127,61.652,4.241,1922168.0,43.4449081420898
Guinea-Bissau,GNB,2019,17.92149925,811.210004050041,25.9048078160921,7.14602089,2.413,62.161,4.153,1967696.0,43.8745574951172
Guinea-Bissau,GNB,2020,20.45730019,846.918134967613,27.2502045881432,8.98898792,2.887,61.343,4.075,2013255.0,44.3038330078125
Guinea-Bissau,GNB,2021,23.3519001,926.54619187706,28.6139998460415,8.39794922,3.016,61.653,3.998,2058841.0,44.7334136962891
Guinea-Bissau,GNB,2022,27.67379951,881.602654162231,28.7228575496477,8.33752728,2.666,63.605,3.911,2105529.0,45.1627159118652
Guinea-Bissau,GNB,2023,28.71240044,964.431832665395,28.8319728978299,8.82204819,2.632,64.085,3.836,2153339.0,45.5923843383789
Guyana,GUY,2000,0.6,931.796651718955,77.3735224791758,3.18737936,11.917,64.075,3.057,764832.0,28.7610390578913
Guyana,GUY,2001,1.0,931.574723847673,77.9231007582273,3.05506778,11.796,64.38,2.958,764477.0,28.6194627210441
Guyana,GUY,2002,1.5,950.866932470993,78.4735839467328,3.19353795,11.81,64.183,2.844,763652.0,28.4796776810692
Guyana,GUY,2003,2.4,973.742598054188,79.0141225779314,3.26884198,11.529,64.117,2.75,763101.0,28.3083472486662
Guyana,GUY,2004,3.7,1033.31030902188,79.6382981091298,3.43770432,11.281,64.214,2.681,762418.0,28.0668850172523
Guyana,GUY,2005,5.699999809,1084.06541388904,80.2648830646045,3.79409742,11.085,64.392,2.648,760914.0,27.7758550706193
Guyana,GUY,2006,8.899999619,3135.60553528326,80.8939339660195,3.93144464,10.7,64.848,2.659,758966.0,27.4604582346121
Guyana,GUY,2007,13.80000019,3608.28685240188,81.525359867427,4.28126192,10.84,65.462,2.681,756861.0,27.1458953350755
Guyana,GUY,2008,18.2,4008.9628671603,82.1591535902208,4.20242214,11.018,65.721,2.697,754606.0,26.8573671978542
Guyana,GUY,2009,23.9,4209.13230624565,82.7953517398292,4.35117149,11.307,66.03,2.694,752094.0,26.620074648793
Guyana,GUY,2010,29.9,4581.76179693492,83.4338869756963,4.21897697,11.632,66.204,2.684,749256.0,26.4592185137368
Guyana,GUY,2011,30.0,4947.22170589917,84.0747338507827,4.17213488,11.811,66.469,2.694,746153.0,26.3999996185303
Guyana,GUY,2012,30.5,5444.39751913913,84.731495888913,3.7081871,12.029,66.443,2.701,746288.0,26.3999996185303
Guyana,GUY,2013,31.0,5556.91231156932,85.3889557997963,3.80231309,12.296,66.71,2.711,750021.0,26.4003891353669
Guyana,GUY,2014,32.0,5472.68820452237,86.0478440775297,3.94755435,12.637,67.334,2.695,754229.0,26.4018152016157
Guyana,GUY,2015,34.0,5640.41560569466,86.7079635217248,4.02264786,13.009,67.719,2.667,758781.0,26.4043918297579
Guyana,GUY,2016,35.65999985,5870.87823759835,87.3692388758564,4.01842117,13.263,68.069,2.634,763548.0,26.4080892882899
Guyana,GUY,2017,42.6753006,6178.6650437298,88.0315709882197,4.3191123,13.466,68.543,2.593,768479.0,26.412905546573
Guyana,GUY,2018,48.59889984,6048.38697180418,88.6946981126402,4.90492535,13.627,68.829,2.553,791556.0,26.4188378517884
Guyana,GUY,2019,55.31269836,6405.82443444562,89.3586157172433,4.90331507,13.172,69.067,2.521,807665.0,26.4258834773058
Guyana,GUY,2020,62.95399857,6775.70939096303,90.0231335168154,5.37510586,15.308,67.751,2.491,807481.0,26.4340397353676
Guyana,GUY,2021,71.65090179,9860.87014834386,90.6881198033659,4.64326477,14.576,64.323,2.462,815482.0,26.443303961947
Guyana,GUY,2022,76.56240082,17913.4928066879,91.3010008247863,2.52456355,11.907,69.888,2.437,821637.0,26.4536735068183
Guyana,GUY,2023,79.3553009,20473.7002190617,91.3046762515848,2.46673751,11.917,70.18,2.412,826353.0,26.4651457279878
Haiti,HTI,2000,0.231270714628821,820.600046761464,19.4402337637977,3.99165702,8.443,58.175,4.39,8303151.0,36.8408497942176
Haiti,HTI,2001,0.340832326173809,748.821159844528,20.1252072093036,3.7502923,9.728,58.591,4.248,8455918.0,38.3871832598564
Haiti,HTI,2002,0.893432988337908,720.969568042522,20.802648871567,3.43250132,11.008,59.041,4.125,8607641.0,39.9708985140797
Haiti,HTI,2003,1.64735834557778,578.995291079709,21.4706205681824,3.53695321,12.151,59.44,4.047,8759912.0,41.2007603284477
Haiti,HTI,2004,5.401261907622,683.185298155273,21.9995783229731,3.42928433,13.415,58.517,3.943,8910263.0,41.8705746346912
Haiti,HTI,2005,6.376200199,775.845704056916,22.5049412936123,3.30554652,14.559,60.318,3.835,9061273.0,42.5791771857318
Haiti,HTI,2006,6.796000004,828.805700289589,23.0018363162708,3.48013902,15.866,60.74,3.761,9216562.0,43.2846444920296
Haiti,HTI,2007,7.199999809,984.566983448521,23.4895119944276,3.64734101,16.8,61.09,3.687,9373296.0,43.9866171992907
Haiti,HTI,2008,7.599999905,1094.66058421644,23.9682677015387,3.75722051,16.204,61.28,3.621,9530774.0,44.6847359532184
Haiti,HTI,2009,8.100000381,1196.8528706018,24.4367113848506,3.50277376,15.398,61.694,3.565,9689581.0,45.3786413995138
Haiti,HTI,2010,8.369999886,1209.72733503094,24.8953249600046,4.54871035,15.244,45.577,3.497,9803294.0,46.0679741838751
Haiti,HTI,2011,9.0,1312.03953552013,25.3435874681096,5.91197777,14.506,61.581,3.431,9914904.0,46.7523749519985
Haiti,HTI,2012,9.800000191,1361.39396587374,25.7813149858061,5.56462336,14.1,62.273,3.321,10069771.0,47.4314843495779
Haiti,HTI,2013,10.60000038,1457.83221179626,26.2077250672239,4.10524035,13.704,62.624,3.221,10222362.0,48.1049430223048
Haiti,HTI,2014,11.39999962,1460.18898613914,26.6231188972666,4.52035809,13.808,62.969,3.164,10373235.0,48.7723916158687
Haiti,HTI,2015,14.19999981,1411.12684746796,27.0270378862153,5.07518148,13.785,63.224,3.11,10523242.0,49.4334707759572
Haiti,HTI,2016,22.79999924,1318.40268167953,27.4175706296699,4.80760574,13.902,63.325,3.054,10671457.0,50.087821148256
Haiti,HTI,2017,27.20000076,1395.23945184461,27.7940822522494,3.8199389,13.932,63.832,2.985,10817754.0,50.735083378449
Haiti,HTI,2018,32.4736271300557,1496.38048970156,28.1567904087872,4.31650305,13.934,64.077,2.924,10962362.0,51.374898112219
Haiti,HTI,2019,35.76409912,1352.17204191532,28.5057820115222,3.91107917,14.095,64.328,2.862,11105163.0,52.0069059952475
Haiti,HTI,2020,39.38809967,1290.32538667383,28.6576196940519,3.78651953,15.573,63.773,2.804,11243848.0,52.6307476732151
Haiti,HTI,2021,43.37919998,1824.6798742577,28.793303113228,3.57739854,15.296,62.613,2.748,11374586.0,53.2460637918026
Haiti,HTI,2022,47.77470016,1748.40890116803,28.9133013445226,3.20755076,14.54,63.948,2.699,11503606.0,53.8524949966907
Haiti,HTI,2023,47.99269867,1681.84407667059,29.0180834702733,3.19156528,14.459,64.936,2.656,11637398.0,54.4496819335618
Honduras,HND,2000,1.20385599891878,1092.56400746252,64.5085971386328,6.26817989,3.883,68.302,4.289,6577773.0,45.3233354392127
Honduras,HND,2001,1.41528193123711,1132.1648753329,65.5099238868381,5.92998314,4.0,68.491,4.153,6757993.0,45.8623033555915
Honduras,HND,2002,2.5974025974026,1132.49965345317,66.5348518759434,6.2445755,4.02,68.714,4.0,6938859.0,46.4194190064116
Honduras,HND,2003,4.8,1156.08162681357,67.5560751753573,6.89004707,5.3,68.874,3.844,7119213.0,46.990184604045
Honduras,HND,2004,5.6,1215.13995412761,68.5719444585829,6.85484362,5.99,69.05,3.71,7298994.0,47.5739776096056
Honduras,HND,2005,6.5,1304.70039153826,69.5815268362271,7.50086403,4.909,69.198,3.577,7478355.0,48.1703884178554
Honduras,HND,2006,7.800000191,1425.84780051892,70.5856087424602,7.86318684,3.574,69.364,3.449,7656832.0,48.7790074235564
Honduras,HND,2007,9.399999619,1577.73789197407,71.583847847539,8.08494949,3.211,69.539,3.351,7834798.0,49.3994250214704
Honduras,HND,2008,9.6,1732.49062702803,72.5764555085287,8.60362625,3.156,69.657,3.26,8012587.0,50.0312316063593
Honduras,HND,2009,9.800000191,1781.15703614674,73.5629624673739,8.99592495,3.292,69.823,3.173,8189899.0,50.6740175729851
Honduras,HND,2010,11.09,1893.32722662035,74.5439099298489,8.72536373,4.119,69.77,3.078,8365878.0,51.3273733161098
Honduras,HND,2011,15.9,2073.66121088074,75.5188630035409,8.79187012,4.474,70.116,2.998,8540583.0,51.9908892304951
Honduras,HND,2012,18.12,2126.03474686503,76.4883396029045,8.65655136,3.755,70.46,2.927,8715076.0,52.6641557109031
Honduras,HND,2013,17.8,2081.12843527945,77.4517887754502,8.47723007,5.646,70.765,2.855,8889278.0,53.356379133253
Honduras,HND,2014,23.0,2179.88171977271,78.409710520334,7.91455746,7.078,71.032,2.793,9063122.0,53.8768089124249
Honduras,HND,2015,27.1395454833776,2271.20265980349,79.3614899844159,7.4837904,6.147,71.323,2.746,9237305.0,54.3828473751434
Honduras,HND,2016,29.5282180796457,2307.34468351082,80.3074947960451,7.709445,6.727,71.615,2.704,9412380.0,54.8868414578857
Honduras,HND,2017,31.7357924661485,2413.0076562942,81.2476858869062,7.00668859,5.528,71.805,2.663,9588137.0,55.3877322339915
Honduras,HND,2018,36.0400608231468,2464.64241531918,82.1820517802878,7.22820663,5.648,72.001,2.645,9765210.0,55.8852577716247
Honduras,HND,2019,39.3883521850111,2502.32744328073,83.1107110257034,7.34316635,5.698,72.124,2.611,9943633.0,56.3791561389766
Honduras,HND,2020,45.24829865,2307.61494319511,84.0337747326909,9.21912384,10.982,70.864,2.577,10119640.0,56.8691654042685
Honduras,HND,2021,51.95159912,2735.14751503977,84.9512648992071,9.27311516,8.506,69.492,2.548,10289877.0,57.3550236357547
Honduras,HND,2022,56.88069916,3003.28996826399,85.8633965875938,8.15452766,8.774,72.715,2.522,10463872.0,57.8364689017254
Honduras,HND,2023,58.0685997,3227.45762509776,86.7701956081898,7.70976162,6.07,72.884,2.5,10644851.0,58.3132392705102
"Hong Kong SAR, China",HKG,2000,27.8277606812581,25756.7728723704,97.3886755292959,,4.92,80.8731707317073,1.032,6665000.0,100.0
"Hong Kong SAR, China",HKG,2001,38.6714032309569,25230.3780910304,97.3886755292959,,5.09,81.4192682926829,0.931,6714300.0,100.0
"Hong Kong SAR, China",HKG,2002,43.0823830278909,24665.8362318216,97.3886755292959,,7.28,81.4521951219512,0.941,6744100.0,100.0
"Hong Kong SAR, China",HKG,2003,52.2000433497404,23977.1734120477,97.3886755292959,,7.86,81.3434146341464,0.901,6730800.0,100.0
"Hong Kong SAR, China",HKG,2004,56.3998803935333,24928.1003722551,97.2670420974889,,6.74,81.7992682926829,0.922,6783500.0,100.0
"Hong Kong SAR, China",HKG,2005,56.9,26649.637724155,97.1454086656819,,5.58,81.6090243902439,0.959,6813200.0,100.0
"Hong Kong SAR, China",HKG,2006,60.8,28224.0951563146,97.0237752338749,,4.77,82.3848780487805,0.984,6857100.0,100.0
"Hong Kong SAR, China",HKG,2007,64.8,30593.9511738646,96.9021418020679,,4.01,82.3668292682927,1.028,6916300.0,100.0
"Hong Kong SAR, China",HKG,2008,66.7,31515.5292103443,96.7805083702609,,3.56,82.3404878048781,1.064,6957800.0,100.0
"Hong Kong SAR, China",HKG,2009,69.4,30697.5383861641,96.6588749384539,,5.26,82.7751219512195,1.055,6972800.0,100.0
"Hong Kong SAR, China",HKG,2010,72.0,32550.136489179,96.5372415066469,,4.329,82.9575609756098,1.127,7024200.0,100.0
"Hong Kong SAR, China",HKG,2011,72.19999695,35142.4879344543,96.4156080748399,,3.422,83.4119512195122,1.204,7071600.0,100.0
"Hong Kong SAR, China",HKG,2012,72.9,36730.796195815,96.293974643033,,3.285,83.450243902439,1.285,7150100.0,100.0
"Hong Kong SAR, China",HKG,2013,74.2,38403.7777145477,96.172341211226,,3.4,83.8312195121951,1.125,7178900.0,100.0
"Hong Kong SAR, China",HKG,2014,79.8662704309064,40315.3739510191,96.050707779419,,3.296,83.9356097560976,1.235,7229500.0,100.0
"Hong Kong SAR, China",HKG,2015,84.9483529634062,42432.1619740441,95.929074347612,,3.314,84.2526829268293,1.196,7291300.0,100.0
"Hong Kong SAR, China",HKG,2016,87.47941467087,43734.1980702999,95.807440915805,,3.392,84.2114634146342,1.205,7336600.0,100.0
"Hong Kong SAR, China",HKG,2017,89.4159446487565,46160.429791493,95.685807483998,,3.124,84.6956097560976,1.128,7393200.0,100.0
"Hong Kong SAR, China",HKG,2018,90.5073953294283,48537.5668888343,95.564174052191,,2.805,84.869756097561,1.08,7452600.0,100.0
"Hong Kong SAR, China",HKG,2019,91.7434003891587,48359.0011950597,95.442540620384,,2.917,85.1558536585366,1.064,7507900.0,100.0
"Hong Kong SAR, China",HKG,2020,92.41313602,46109.2299946609,95.320907188577,,5.808,85.4963414634146,0.883,7481000.0,100.0
"Hong Kong SAR, China",HKG,2021,93.08715788,49770.5642374739,95.19927375677,,5.174,85.5326829268293,0.772,7413100.0,100.0
"Hong Kong SAR, China",HKG,2022,95.61357052,48825.0272275805,95.077640324963,,4.318,83.6609756097561,0.701,7346100.0,100.0
"Hong Kong SAR, China",HKG,2023,95.97781908,50525.1119312663,94.956006893156,,2.949,85.2473170731707,0.751,7536100.0,100.0
Hungary,HUN,2000,6.99967635062916,4629.91760812548,98.0437275919474,6.76979256,6.563,71.2463414634146,1.32,10210971.0,64.2602344392211
Hungary,HUN,2001,14.5285543028277,5280.94887987063,98.0429567293229,6.8197937,5.671,72.2487804878049,1.31,10187576.0,64.646880283041
Hungary,HUN,2002,16.67,6658.04494326809,98.0396092982152,7.1181159,5.608,72.3487804878049,1.3,10158608.0,65.0400009155273
Hungary,HUN,2003,21.63,8410.09248198479,98.0362810525522,8.12986469,5.79,72.3,1.27,10129552.0,64.8452987670898
Hungary,HUN,2004,27.74,10291.2694721409,98.0329662219326,7.76592064,5.832,72.6487804878049,1.28,10107146.0,65.0225372314453
Hungary,HUN,2005,38.97,11212.2046968994,98.029143037033,7.99248505,7.189,72.6487804878049,1.31,10087065.0,66.1261367797852
Hungary,HUN,2006,47.06,11478.4891640501,98.0248277713699,7.78556442,7.494,73.0975609756098,1.34,10071370.0,67.0155868530273
Hungary,HUN,2007,53.3,13934.605460375,98.0205413460237,7.20719147,7.406,73.1512195121951,1.32,10055780.0,67.0041656494141
Hungary,HUN,2008,61.0,15762.6322515113,98.0162854643745,7.09275723,7.817,73.7024390243903,1.35,10038188.0,68.0976986078883
Hungary,HUN,2009,62.0,13051.1831777184,98.0120750590408,7.2366724,10.03,73.9048780487805,1.32,10022650.0,68.4592590332031
Hungary,HUN,2010,65.0,13189.8433874768,98.0084003041022,7.46420383,11.172,74.2073170731707,1.25,10000023.0,69.5305480957031
Hungary,HUN,2011,68.0199878861296,14211.460557822,98.0047619310782,7.49342251,11.029,74.8585365853659,1.23,9971727.0,69.4779934082031
Hungary,HUN,2012,70.579998153838,12950.1594488143,98.0021500731039,7.43047714,11.003,75.0634146341463,1.34,9920362.0,69.5772326660156
Hungary,HUN,2013,72.6439,13739.4620151401,97.9999085136149,7.23645353,10.177,75.5658536585366,1.36,9872734.0,69.9277636266638
Hungary,HUN,2014,75.6531974544103,14352.501883174,97.9976794505183,7.04192352,7.725,75.7634146341463,1.45,9833038.0,70.3071053512008
Hungary,HUN,2015,72.8347370323805,12782.9412577973,97.9954541400148,6.8501935,6.813,75.5682926829269,1.46,9797755.0,70.4847717285156
Hungary,HUN,2016,79.2594121273057,13215.8605277789,97.9931789584607,6.96752644,5.115,76.0634146341464,1.55,9759755.0,70.4733810424805
Hungary,HUN,2017,76.7505471201922,14736.1668157258,97.9908758837113,6.73338366,4.156,75.8170731707317,1.56,9726756.0,70.4542541503906
Hungary,HUN,2018,76.0743606365063,16605.0570511887,97.9885191913956,6.55460501,3.667,76.0658536585366,1.57,9706964.0,70.4711761474609
Hungary,HUN,2019,80.3716936050482,17012.8598553199,97.9861309569959,6.24677849,3.411,76.3195121951219,1.58,9694824.0,70.4565277099609
Hungary,HUN,2020,84.77115202,16386.9308821258,97.9837062795673,7.230515,4.248,75.419512195122,1.61,9670419.0,70.2917327880859
Hungary,HUN,2021,88.64083466,19030.628130329,97.9812382429156,7.33524847,4.021,74.0658536585366,1.63,9630932.0,70.2059275331413
Hungary,HUN,2022,89.14282688,18428.028825614,97.9787350415865,6.6474123,3.583,75.8682926829268,1.57,9605074.0,70.1585064243445
Hungary,HUN,2023,91.4500713,22208.6509820466,97.976195278385,6.36868954,4.096,76.5707317073171,1.55,9592186.0,70.2923026891431
Iceland,ISL,2000,44.470533824288,32503.578963236,98.7980041291152,8.89924335,1.936,79.6536585365854,2.08,281205.0,91.9674192031642
Iceland,ISL,2001,49.3929953676426,29208.1981853568,98.7971837425424,8.75266171,1.874,80.690243902439,1.95,284968.0,92.0452304560359
Iceland,ISL,2002,79.12,32749.379004627,98.7963729510366,9.40382481,2.988,80.5024390243903,1.93,287523.0,92.1674022598912
Iceland,ISL,2003,83.14,39944.2104095591,98.7949491900819,9.72930241,3.997,80.9634146341464,1.99,289521.0,92.3235559316863
Iceland,ISL,2004,83.88,47809.6073050042,98.7933244677551,9.32854366,4.031,80.9975609756098,2.04,292074.0,92.4377293375354
Iceland,ISL,2005,87.0,57783.7745608117,98.7917259201809,8.94694996,2.547,81.5024390243902,2.05,296734.0,92.377441015064
Iceland,ISL,2006,89.51,58172.1426656622,98.7901467233098,8.55709076,2.83,81.1585365853659,2.08,303782.0,92.1949009038813
Iceland,ISL,2007,90.6,70483.0117228535,98.7886019021965,8.3535862,2.251,81.4536585365854,2.09,311566.0,92.3614571703229
Iceland,ISL,2008,91.0,57489.3399795216,98.7870790817422,8.34370804,2.946,81.609756097561,2.15,317414.0,93.0646442174216
Iceland,ISL,2009,93.0,41483.7843682814,98.7855707233906,8.77518463,7.22,81.7512195121951,2.23,318499.0,93.4441340553707
Iceland,ISL,2010,93.39,43776.4677400475,98.7847535507852,8.36173058,7.564,81.8975609756097,2.2,318041.0,93.4588348107886
Iceland,ISL,2011,94.8196868008949,48254.953927254,98.7845859292734,8.25498867,7.028,82.3585365853659,2.02,319014.0,93.41106112427
Iceland,ISL,2012,96.2097995545657,46594.9869146614,98.7844113664715,8.23091221,6.0,82.9170731707317,2.04,320716.0,93.514892578125
Iceland,ISL,2013,96.5468,50173.3360061057,98.7839858955201,8.22651291,5.376,82.0609756097561,1.93,323764.0,93.6166725158692
Iceland,ISL,2014,98.1580233097118,55140.364935793,98.7835434602545,8.29044247,4.897,82.8609756097561,1.93,327386.0,93.6196716315805
Iceland,ISL,2015,98.19999695,53505.6964079339,98.7831179489898,8.13121986,3.979,82.4682926829268,1.8,330815.0,93.727919768566
Iceland,ISL,2016,98.23999786,62854.0906407932,98.7826661232675,8.15569115,2.978,82.2048780487805,1.74,335439.0,93.7822647094726
Iceland,ISL,2017,98.2552011867973,72976.3729990975,98.7821726872398,8.3243084,2.742,82.6609756097561,1.71,343400.0,93.7718982310092
Iceland,ISL,2018,99.0109539916991,75633.8651351915,98.7816461491977,8.43817616,2.704,82.8609756097561,1.71,352721.0,93.8526667025487
Iceland,ISL,2019,99.5049411693787,69296.3144361601,98.7811009775607,8.63996315,3.507,83.1634146341463,1.74,360563.0,93.9770847416131
Iceland,ISL,2020,99.5327519,60127.9393575616,98.7805419679259,9.64908886,5.478,83.0634146341463,1.72,366463.0,94.1367102874722
Iceland,ISL,2021,99.68701957,70425.4064277273,98.7799498182969,9.72073746,6.029,83.1658536585366,1.82,372520.0,94.2108206403841
Iceland,ISL,2022,97.58339691,76376.9599334915,98.7793239094093,9.08145332,3.789,82.119512195122,1.589,382003.0,94.1787071228028
Iceland,ISL,2023,97.94860077,82201.2908518078,98.7786759933373,8.70510101,3.518,82.4560975609756,1.55,385663.0,94.1518261784801
India,IND,2000,0.527532449930946,442.750218937263,14.6638821125248,4.10568476,7.589,62.749,3.35,1057922733.0,27.6470407512523
India,IND,2001,0.660146377009928,450.357900514128,17.2206798996747,4.33754253,7.611,63.158,3.303,1077898575.0,27.9028652096636
India,IND,2002,1.53787558175083,469.149928973927,19.9645829063411,4.31453371,7.681,63.649,3.217,1097600380.0,28.1756878910456
India,IND,2003,1.68648997063625,544.143133545002,22.7256519741888,4.07877731,7.633,64.086,3.122,1116803006.0,28.4660287698
India,IND,2004,1.97613649190559,624.258826510066,25.504088846955,4.02679491,7.598,64.484,3.046,1135991513.0,28.7726067228528
India,IND,2005,2.388099909,710.488080408949,28.2988919138167,3.85508275,7.551,64.939,2.958,1154676322.0,29.0945497159107
India,IND,2006,2.80549986534254,801.668353659022,31.1102746501892,3.66901541,7.553,65.373,2.867,1172878890.0,29.4309857146804
India,IND,2007,3.95,1021.88707706826,33.9383850862219,3.58103991,7.562,65.803,2.775,1190676021.0,29.7810426848684
India,IND,2008,4.38,992.519584923828,36.7829765979312,3.58856082,7.629,66.247,2.711,1207930964.0,30.1438485921815
India,IND,2009,5.12,1094.94974598436,39.6431708126058,3.54637694,7.636,66.7,2.674,1225524753.0,30.5185314023263
India,IND,2010,7.5,1347.51939071367,42.5191116694177,3.33625913,7.631,67.162,2.598,1243481564.0,30.9042190810094
India,IND,2011,10.07,1445.46127486037,45.4108795020998,3.24634218,7.609,67.623,2.532,1261224954.0,31.2746502853309
India,IND,2012,11.10000038,1429.32199520032,48.3205923569019,3.32935286,7.645,68.076,2.47,1278674502.0,31.5898935604399
India,IND,2013,12.30000019,1432.84397512195,51.2472926178236,3.74944186,7.678,68.499,2.399,1295829511.0,31.9096789235237
India,IND,2014,13.5,1553.88396075118,54.1905506719672,3.61956549,7.656,68.932,2.293,1312277191.0,32.2288233408821
India,IND,2015,14.89999962,1583.99815907985,57.1496392627885,3.59565973,7.629,69.326,2.289,1328024498.0,32.5472990022299
India,IND,2016,16.5,1707.50892912243,60.1238284933312,3.50430417,7.611,69.709,2.284,1343944296.0,32.8650780972823
India,IND,2017,18.20000076,1950.10468280866,63.1125583715917,2.93597651,7.626,70.068,2.193,1359657400.0,33.1821328157539
India,IND,2018,20.0813000379384,1966.25455171679,66.1148742165368,2.8584938,7.652,70.415,2.184,1374659064.0,33.4984353473598
India,IND,2019,29.52350044,2041.42863698585,69.1300220717047,2.95299792,6.51,70.746,2.12,1389030312.0,33.8139578818147
India,IND,2020,43.40544313,1907.04251637669,72.0482326780192,3.34146094,7.859,70.156,2.047,1402617695.0,34.1286726088333
India,IND,2021,49.2580986,2239.61384367482,74.9328568041953,3.34680939,6.38,67.282,2.014,1414203896.0,34.4425517181304
India,IND,2022,55.9,2279.98145719369,77.8161883735175,3.39623499,4.822,71.698,1.994,1425423212.0,34.7555673994206
India,IND,2023,60.25230026,2434.44826340989,80.6978943350927,3.33944035,4.172,72.003,1.975,1438069596.0,35.0676918424186
Indonesia,IDN,2000,0.925563864466858,763.711124950924,41.5831787269392,1.85297656,6.077,66.292,2.503,216077790.0,41.9861540600656
Indonesia,IDN,2001,2.01861385948459,732.307093405708,43.534313765172,2.11850214,6.082,66.583,2.466,219097902.0,42.9018895186157
Indonesia,IDN,2002,2.13413573295808,881.002913569131,45.5010531020753,1.98062706,6.604,66.954,2.436,222088495.0,43.7824069030376
Indonesia,IDN,2003,2.38701977959476,1043.2105838671,47.4821079251045,2.24837184,6.657,67.134,2.41,225048008.0,44.6301761521872
Indonesia,IDN,2004,2.60028587633414,1126.84004447173,49.4772142680194,2.12002277,7.303,65.521,2.415,227926649.0,45.4476736441888
Indonesia,IDN,2005,3.60202476259646,1238.21447629488,51.4837806650068,2.53189397,7.945,67.531,2.452,230871650.0,46.2373757571669
Indonesia,IDN,2006,4.76481313366657,1558.31562847163,53.5018961119134,2.61946416,7.551,67.664,2.457,233951652.0,47.0017588692457
Indonesia,IDN,2007,5.78627472934199,1823.21976255073,55.5300293728108,2.82385564,8.06,67.914,2.476,237062337.0,47.7432993585496
Indonesia,IDN,2008,7.917500019,2124.55483920618,57.5678736084239,2.54842305,7.208,68.085,2.44,240157903.0,48.4644736032029
Indonesia,IDN,2009,6.92,2218.48541852977,59.6133891473514,2.62324095,6.106,68.267,2.442,243220028.0,49.16775798133
Indonesia,IDN,2010,10.92,3065.68348377765,61.6611213279716,2.7908783,5.614,68.364,2.462,246305322.0,49.8521375148888
Indonesia,IDN,2011,12.28,3579.46442466152,63.6913657210041,2.98942471,5.153,68.629,2.515,249470032.0,50.4830017089844
Indonesia,IDN,2012,14.52,3632.27254030331,65.7302519834107,2.91427088,4.468,68.862,2.514,252698525.0,51.1593933105469
Indonesia,IDN,2013,14.94,3566.60284506078,67.7766235595933,2.86934805,4.336,69.064,2.441,255852467.0,51.8307495117188
Indonesia,IDN,2014,17.1431598350566,3441.06808464008,69.8304612551161,2.96433568,4.049,69.292,2.393,258877399.0,52.5002136230469
Indonesia,IDN,2015,22.062742603379,3288.22269725538,71.8904398574445,2.92428517,4.514,69.52,2.346,261799249.0,53.1720771789551
Indonesia,IDN,2016,25.447353701827,3521.46943457574,73.9559310852412,3.02147198,4.301,69.733,2.311,264627418.0,53.812557220459
Indonesia,IDN,2017,32.335806250688,3798.88326174526,76.0256805835892,2.90417194,3.783,69.953,2.253,267346658.0,54.4541015625
Indonesia,IDN,2018,39.9046386385762,3860.95353090726,78.0995418857349,2.86757827,4.387,70.08,2.219,269951846.0,55.0956840515137
Indonesia,IDN,2019,47.6906489788375,4106.94856160358,80.1767467592482,2.87862897,3.59,70.349,2.205,272489381.0,55.7382049560547
Indonesia,IDN,2020,53.72649449,3853.70288774146,82.2571090356155,3.42067289,4.255,68.817,2.189,274814866.0,56.2785287648768
Indonesia,IDN,2021,62.10447842,4287.17313995098,84.339850898343,3.70634937,3.827,67.452,2.166,276758053.0,56.8761702464027
Indonesia,IDN,2022,66.48461277,4730.83484836107,85.6486611717997,2.69389749,3.462,70.925,2.149,278830529.0,57.4934704226599
Indonesia,IDN,2023,69.20836554,4876.2992959843,86.9363345400971,2.70239949,3.308,71.146,2.127,281190067.0,58.1179353397878
"Iran, Islamic Rep.",IRN,2000,0.934190019959829,1650.01385833785,78.218293196505,4.72250843,11.698,70.166,1.999,66418659.0,64.4780120849609
"Iran, Islamic Rep.",IRN,2001,1.48422133163363,1881.02266635283,78.9731471753929,5.16087341,12.362,70.619,1.918,67452005.0,65.2168655395508
"Iran, Islamic Rep.",IRN,2002,4.62617511492205,1891.25756091033,79.7155487867345,4.65182209,12.8,71.112,1.836,68011317.0,65.9271621704102
"Iran, Islamic Rep.",IRN,2003,6.93372195304053,2208.99636552406,80.4456337712598,4.95589161,11.529,70.464,1.801,68769340.0,66.6049270629883
"Iran, Islamic Rep.",IRN,2004,7.49,2672.4226651404,81.1633098268727,5.12801409,10.3,72.04,1.78,70256316.0,67.2567367553711
"Iran, Islamic Rep.",IRN,2005,8.100000381,3132.0508192007,81.8685049537412,5.29996157,11.813,72.446,1.756,71828455.0,67.8708801269531
"Iran, Islamic Rep.",IRN,2006,8.760000229,3618.91601364428,82.5614052358839,5.15990877,11.519,72.895,1.755,73392747.0,68.3101850492144
"Iran, Islamic Rep.",IRN,2007,9.470000267,4687.99166260718,83.2321134946783,4.91188192,10.772,73.299,1.748,74602648.0,68.806189933608
"Iran, Islamic Rep.",IRN,2008,12.02,5377.4115072957,83.8869750183033,5.03990459,10.63,73.683,1.743,75514204.0,69.3790072996746
"Iran, Islamic Rep.",IRN,2009,13.80000019,5415.52280553446,84.5313775424274,6.11493444,12.113,74.041,1.74,76457825.0,69.99007683587
"Iran, Islamic Rep.",IRN,2010,15.9,6291.19443655454,85.16566965163,6.29153061,13.679,74.39,1.749,77420842.0,70.6092626774386
"Iran, Islamic Rep.",IRN,2011,19.0,8025.68743364356,85.7898043501208,6.09787989,12.491,74.721,1.792,78383598.0,71.204050944517
"Iran, Islamic Rep.",IRN,2012,22.73,8114.08099831877,86.4018915038268,6.12235355,12.275,75.039,1.851,79370580.0,71.7633634041294
"Iran, Islamic Rep.",IRN,2013,29.95,6222.74194840326,87.0030127281938,5.73697805,10.595,75.349,1.913,80414686.0,72.3030873515412
"Iran, Islamic Rep.",IRN,2014,39.353614505223,5672.06372896319,87.5950808163193,6.81539536,10.68,75.635,1.975,81502045.0,72.8324070385223
"Iran, Islamic Rep.",IRN,2015,45.3349761533285,4952.73355532178,88.1779155269033,8.38232708,11.166,75.907,2.017,82619362.0,73.3561403575949
"Iran, Islamic Rep.",IRN,2016,53.2267716709857,5710.59947089104,88.7518172769829,7.80285025,12.618,76.155,2.054,83812228.0,73.8796100096595
"Iran, Islamic Rep.",IRN,2017,64.0439736249513,6000.93346404409,89.3166613162414,7.71801233,12.232,76.396,2.023,85026754.0,74.4011840820312
"Iran, Islamic Rep.",IRN,2018,70.2005650008363,4783.01067340237,89.6988576017474,6.63571692,12.195,76.621,1.919,86117998.0,74.8034286499023
"Iran, Islamic Rep.",IRN,2019,72.4509047672065,3997.4935449585,90.0210887632991,6.23426771,10.74,76.855,1.766,87051648.0,75.2038879394531
"Iran, Islamic Rep.",IRN,2020,75.56986637,3202.50003502169,90.2667726388145,4.96098137,9.687,74.141,1.7,87723443.0,75.5986404418945
"Iran, Islamic Rep.",IRN,2021,78.5957366,4605.14881318992,90.3162236149744,4.85886621,9.282,73.752,1.709,88455488.0,75.9926376342773
"Iran, Islamic Rep.",IRN,2022,81.71649933,4721.20437099984,90.3647309306855,5.62794113,9.085,76.799,1.704,89524246.0,76.3342208862305
"Iran, Islamic Rep.",IRN,2023,83.71050262,5049.29931642754,90.4119852074826,6.02542305,8.129,77.654,1.695,90608707.0,76.6759567260742
Iraq,IRQ,2000,,1980.18916038782,70.5047677877262,,8.038,64.86,4.92,24424056.0,67.6331913847871
Iraq,IRQ,2001,0.1,1435.695683789,71.075866107073,,8.249,65.292,4.799,25197840.0,67.751941516652
Iraq,IRQ,2002,0.5,1266.15961275094,71.6455694675998,,8.619,65.724,4.668,26006559.0,67.8938101691696
Iraq,IRQ,2003,0.6,817.887862499622,72.2138771289347,2.99693608,8.959,64.834,4.581,26802659.0,68.0521271794625
Iraq,IRQ,2004,0.9,1328.37157628292,72.7807850256075,3.90128636,8.715,64.634,4.527,27577878.0,68.2202223846538
Iraq,IRQ,2005,0.899999976,1762.39360423421,74.4450745683206,3.01704645,8.57,64.899,4.446,28407448.0,68.391425621866
Iraq,IRQ,2006,0.95234424383919,2276.55435744086,76.1219593481463,2.49370432,8.411,64.029,4.459,28616515.0,68.5590667282222
Iraq,IRQ,2007,0.93,3128.99010329066,77.8117345436879,3.2148056,8.646,64.428,4.404,28391607.0,68.716475540845
Iraq,IRQ,2008,1.0,4542.96609046032,79.5141852850981,3.06604242,8.466,66.465,4.373,28971036.0,68.8569818968574
Iraq,IRQ,2009,1.06,3714.71205987194,81.2291181152915,3.77203989,8.415,67.834,4.378,30058206.0,68.9742328505284
Iraq,IRQ,2010,2.5,4461.75196161555,82.9658498255287,3.23955345,8.267,68.092,4.457,31045366.0,69.0582953378474
Iraq,IRQ,2011,5.0,5775.54229080293,84.7190691046442,2.80316377,8.193,68.435,4.588,32161424.0,69.1252233869916
Iraq,IRQ,2012,7.099999905,6477.59618450955,86.4826460447995,2.69365859,7.965,68.827,4.544,33654842.0,69.2222213745117
Iraq,IRQ,2013,9.199999809,6650.35282247395,88.2564846708838,2.80868459,9.222,69.047,4.441,35281989.0,69.444450378418
Iraq,IRQ,2014,11.6453267304545,6249.39226978969,90.0405629244154,2.78786659,10.59,69.679,4.31,36550059.0,69.6666641235352
Iraq,IRQ,2015,15.21440029,4440.14189252367,91.8347515135487,3.15587044,10.865,69.977,4.08,37560535.0,69.920524597168
Iraq,IRQ,2016,19.87719917,4334.42096404188,93.6396641233782,4.57253027,10.82,68.683,3.843,38469627.0,69.9123778259643
Iraq,IRQ,2017,25.96920013,4759.2846435467,95.4549205220896,4.08944416,13.02,69.788,3.64,39337353.0,69.8944511190753
Iraq,IRQ,2018,33.92810059,5646.68932074742,96.9997458760796,4.07600641,13.458,71.116,3.547,40265624.0,69.8765148865842
Iraq,IRQ,2019,44.3263465511579,5671.8568632942,97.864851810422,4.207232,14.096,71.245,3.48,41192171.0,69.8683395385742
Iraq,IRQ,2020,53.67779922,4295.18945121228,98.4932660483814,5.72766161,15.766,69.651,3.419,42116605.0,69.8683166503906
Iraq,IRQ,2021,65.00219727,4868.49431080783,98.4959720542325,5.14179993,16.173,70.704,3.358,43071211.0,69.8682708740234
Iraq,IRQ,2022,78.71560926,6520.73154560584,98.4987799022337,4.33226347,15.41,72.037,3.294,44070551.0,69.8682861328125
Iraq,IRQ,2023,81.80889893,5965.31835077761,98.501709975411,5.53275251,15.239,72.324,3.249,45074049.0,69.868278503418
Ireland,IRL,2000,17.8504672405807,26334.5672050501,90.0039815195189,5.8990283,4.318,76.5365853658537,1.89,3805174.0,59.1247997891425
Ireland,IRL,2001,23.1388121904053,28282.409882073,89.9934206605421,6.39249372,3.684,77.1341463414634,1.94,3866243.0,59.3763923617156
Ireland,IRL,2002,25.85,32705.4345565698,89.9824305641103,6.67263031,4.216,77.6341463414634,1.97,3931947.0,59.6367259990731
Ireland,IRL,2003,34.31,41203.5295847568,89.9700431850216,7.00761414,4.478,78.1390243902439,1.96,3996521.0,59.9120142632573
Ireland,IRL,2004,36.99,47754.2023194244,89.9574538006016,7.21972942,4.491,78.5390243902439,1.93,4070262.0,60.1994750854288
Ireland,IRL,2005,41.61,50933.0216095589,89.944799688173,7.64242792,4.237,78.9439024390244,1.86,4159914.0,60.4882988006461
Ireland,IRL,2006,54.82,54329.1618599624,89.9326745170445,7.51646996,4.355,79.2414634146342,1.91,4273591.0,60.7703677431593
Ireland,IRL,2007,61.158324551,61396.417461176,89.923319628906,7.80773735,4.98,79.6414634146341,2.01,4398942.0,61.0601979374234
Ireland,IRL,2008,65.34,61353.1065629523,89.9138931088148,9.12564754,6.774,80.0951219512195,2.06,4489544.0,61.3581903884996
Ireland,IRL,2009,67.38,52133.0906162544,89.9043585226446,10.52275753,12.609,80.190243902439,2.06,4535375.0,61.6421022728798
Ireland,IRL,2010,69.85,48623.9666422487,89.8947557932751,10.52062798,14.534,80.7439024390244,2.05,4560155.0,61.8910689348512
Ireland,IRL,2011,74.8899729670944,52613.8540355689,89.8850354586049,10.4888649,15.354,80.7463414634146,2.03,4580084.0,62.0872735820277
Ireland,IRL,2012,76.919992540097,49335.8408099555,89.8752066389218,10.47466946,15.451,80.8463414634146,1.98,4599533.0,62.2529318511038
Ireland,IRL,2013,78.2477,52537.6108648692,89.8653106033212,10.0333004,13.735,80.9487804878049,1.93,4623816.0,62.4047157756118
Ireland,IRL,2014,83.4917223351728,57214.5379785709,89.8553013523079,9.23077869,11.858,81.3487804878049,1.89,4657740.0,62.535401730577
Ireland,IRL,2015,83.4947916666667,64250.1385181257,89.8452309062707,7.07827806,9.908,81.4536585365854,1.85,4701957.0,62.6392123492764
Ireland,IRL,2016,83.5,64129.5571542383,89.8349918949082,7.3382206,8.374,81.6536585365854,1.81,4762722.0,62.7229399123734
Ireland,IRL,2017,84.1140070623844,72161.4047531385,89.8240697617023,6.91718578,6.713,82.1560975609756,1.76,4827445.0,62.9035196521232
Ireland,IRL,2018,87.0001401148942,80804.1123164826,89.812337262782,6.74710846,5.741,82.2048780487805,1.74,4898022.0,63.0844503476779
Ireland,IRL,2019,87.0000552425146,81827.6688873996,89.7998496161213,6.61860561,4.95,82.7024390243903,1.69,4976456.0,63.2737009154127
Ireland,IRL,2020,91.99989097,86514.0706108754,89.7865313699403,6.97323275,5.623,82.4560975609756,1.6,5039747.0,63.4713366724915
Ireland,IRL,2021,93.50610352,103783.446284479,89.7724871048145,6.44113493,6.357,82.2536585365854,1.72,5110585.0,63.6774229356985
Ireland,IRL,2022,95.03690338,105190.685952731,89.757648052779,6.02078247,4.465,82.509756097561,1.51,5212836.0,63.8920250215059
Ireland,IRL,2023,96.8660965,106818.917130804,89.742009351926,6.57538509,4.243,82.8073170731707,1.5,5311538.0,64.1152082461268
Isle of Man,IMN,2000,,21161.3963073772,100.0,,,74.842,1.866,75659.0,51.8280887588444
Isle of Man,IMN,2001,,21819.7123825606,100.0,,,75.289,1.87,76476.0,51.8267726358515
Isle of Man,IMN,2002,,24471.0798814847,100.0,,,75.785,1.863,77275.0,51.7294050812584
Isle of Man,IMN,2003,,28861.6178062918,100.0,,,76.319,1.84,78049.0,51.5389094585101
Isle of Man,IMN,2004,,35564.6023910146,100.0,,,76.876,1.826,78792.0,51.3260536002657
Isle of Man,IMN,2005,,38135.8597885858,100.0,,,77.453,1.863,79516.0,51.1608382095573
Isle of Man,IMN,2006,,42627.5089352891,100.0,,,77.971,1.905,80294.0,51.1148712415781
Isle of Man,IMN,2007,,55040.2437046236,100.0,,,78.451,1.927,81147.0,51.2353481079414
Isle of Man,IMN,2008,,72276.7741329461,100.0,,,78.899,1.941,82029.0,51.4683663096054
Isle of Man,IMN,2009,,66156.105656847,100.0,,,79.303,1.937,82939.0,51.7305375428215
Isle of Man,IMN,2010,,70587.3140283741,100.0,,,79.613,1.928,83873.0,51.9396170300917
Isle of Man,IMN,2011,,77808.8579649376,100.0,,,79.836,1.903,84382.0,52.0246324097527
Isle of Man,IMN,2012,,79329.2034347434,100.0,,,80.007,1.864,84335.0,52.0555317322629
Isle of Man,IMN,2013,,83207.6588430451,100.0,,,80.12,1.824,84141.0,52.0804107092926
Isle of Man,IMN,2014,,91885.4528718026,100.0,,,80.199,1.79,83892.0,52.0997913403899
Isle of Man,IMN,2015,,84753.5187422732,100.0,,,80.267,1.748,83593.0,52.1164840474526
Isle of Man,IMN,2016,,82025.9454509241,100.0,,,80.391,1.713,83466.0,52.1331532169475
Isle of Man,IMN,2017,,83481.3038489014,100.0,,,80.506,1.674,83609.0,52.1498415744309
Isle of Man,IMN,2018,,89393.8244248812,100.0,,,80.614,1.636,83805.0,52.1651893864538
Isle of Man,IMN,2019,,87127.5517977404,100.0,,,80.74,1.606,83957.0,52.1789898247578
Isle of Man,IMN,2020,,79513.5330346598,100.0,,,80.591,1.585,84064.0,52.1909519786866
Isle of Man,IMN,2021,,94299.969348965,100.0,,,80.42,1.569,84106.0,52.1999559660634
Isle of Man,IMN,2022,,88328.548125887,100.0,,,80.956,1.556,84132.0,52.1955609162662
Isle of Man,IMN,2023,,90015.2074234398,100.0,,,80.999,1.548,84165.0,52.1832571730182
Israel,ISR,2000,20.8737899981674,21690.237340061,99.9999980424614,6.59421921,11.102,78.9536585365854,2.95,6289000.0,91.2809653237465
Israel,ISR,2001,17.3786238639049,20948.7745727671,99.9999999141995,6.99914265,11.812,79.4073170731707,2.92,6439000.0,91.365021842149
Israel,ISR,2002,17.7645990630493,19058.7462869465,99.9999966748332,6.90767479,12.888,79.4512195121951,2.89,6570000.0,91.4444967249569
Israel,ISR,2003,19.5933936579649,19624.0321412582,99.9999972968458,6.84975958,13.505,79.6487804878049,2.95,6689700.0,91.5176897789793
Israel,ISR,2004,22.7704855254035,20550.0694706176,99.9999987008863,6.79696989,13.029,80.1463414634146,2.9,6809000.0,91.5829008110251
Israel,ISR,2005,25.19400024,21261.7474251846,99.999996277042,6.8828454,11.342,80.1512195121951,2.84,6930100.0,91.6384296279033
Israel,ISR,2006,27.8810997,22499.7541717986,99.9999970677578,6.70000744,10.707,80.5536585365854,2.88,7053700.0,91.6825760364229
Israel,ISR,2007,48.1280621948445,25688.901610248,99.9999967389264,6.67256165,9.379,80.5048780487805,2.9,7180100.0,91.713639843393
Israel,ISR,2008,59.39,30231.0191013609,99.9999990692997,6.80668306,7.704,80.9512195121951,2.96,7308800.0,91.7292868898136
Israel,ISR,2009,63.12,28469.6817348489,99.9999967272176,6.86992359,9.534,81.4048780487805,2.96,7485600.0,91.7319738585748
Israel,ISR,2010,67.5,31398.9266927022,100.0,6.85038328,8.48,81.6024390243903,3.03,7623600.0,91.7316426703946
Israel,ISR,2011,68.8738779907441,34476.7252065949,99.9956552135569,6.80594969,7.139,81.6560975609756,2.98,7765800.0,91.7304024673781
Israel,ISR,2012,70.8,33268.7066672115,99.9884608340089,6.94185257,6.762,81.7048780487805,3.05,7910500.0,91.7276502819515
Israel,ISR,2013,70.250311945,36980.622214228,99.9813907693021,6.94074392,6.137,82.0560975609756,3.03,8059500.0,91.7227831465406
Israel,ISR,2014,75.0177531628076,38265.3651949373,99.9744595332157,7.02990532,5.789,82.1536585365854,3.08,8215700.0,91.7151980935716
Israel,ISR,2015,77.3520896572253,36138.13561386,99.9676711051809,7.02090645,5.176,82.0512195121951,3.09,8380100.0,91.7042921554705
Israel,ISR,2016,79.6531241815281,37571.2561196275,99.9610220718726,7.09919167,4.723,82.4073170731707,3.11,8546000.0,91.6894623646632
Israel,ISR,2017,81.5811835871611,41013.2575323519,99.9545287961214,7.17189407,4.14,82.5512195121951,3.11,8713300.0,91.6701057535759
Israel,ISR,2018,83.7331569615326,42269.3770257585,99.9481963561794,7.23550367,3.917,82.8024390243903,3.09,8882800.0,91.6456193546346
Israel,ISR,2019,86.7878776180583,44091.8678022544,99.9420208696373,7.20701885,3.731,82.8048780487805,3.01,9054000.0,91.6154002002652
Israel,ISR,2020,90.12734091,44590.8237253282,99.9360127624406,7.74801874,4.169,82.6487804878049,2.9,9215100.0,91.5788453228939
Israel,ISR,2021,90.29689758,52258.4693499398,99.9301799523059,7.83961058,4.812,82.5,3.0,9371400.0,91.5353517549466
Israel,ISR,2022,91.85079615,54947.2091250715,99.924519816082,7.12004995,3.695,82.7,2.89,9557500.0,91.4979834273327
Israel,ISR,2023,87.03842615,52126.4489280033,99.9190335270473,7.09822369,3.371,83.1951219512195,2.85,9849000.0,91.5089569794505
Italy,ITA,2000,23.1108742441037,20190.0035636084,99.8859327621191,7.54701233,10.834,79.7780487804878,1.26,56942108.0,67.1932283786243
Italy,ITA,2001,27.2221169788811,20570.4385917862,99.8859214415661,7.71115828,9.599,80.1268292682927,1.25,56976981.0,67.27519882288
Italy,ITA,2002,28.04,22451.3964379368,99.8858964413785,7.83638906,9.211,80.2292682926829,1.27,57089824.0,67.3538786566538
Italy,ITA,2003,29.04,27577.5700319855,99.8858746241475,7.80670929,8.869,79.9829268292683,1.29,57399184.0,67.4299414611787
Italy,ITA,2004,33.24,31348.1901841445,99.8858507122837,8.13726902,7.866,80.7804878048781,1.34,57828179.0,67.5072499739908
Italy,ITA,2005,35.0,32062.723833669,99.8858236930033,8.30906773,7.73,80.7829268292683,1.33,58166682.0,67.5897169318419
Italy,ITA,2006,37.99,33537.1286994269,99.8858036076723,8.39791012,6.777,81.2829268292683,1.37,58399861.0,67.6812550714834
Italy,ITA,2007,40.79,37826.1754554823,99.8857799717069,8.10167217,6.076,81.4341463414634,1.39,58756247.0,67.7857771296669
Italy,ITA,2008,44.53,40828.5795580937,99.8857542871757,8.50157547,6.723,81.4853658536585,1.44,59211181.0,67.9071958431441
Italy,ITA,2009,48.83,37099.6133958219,99.8857309646722,8.91290951,7.749,81.6365853658537,1.44,59555454.0,68.0494239486665
Italy,ITA,2010,53.68,35856.8625485539,99.8857106015763,8.87928963,8.363,82.0365853658537,1.44,59819407.0,68.2163741829857
Italy,ITA,2011,54.3899983018814,38432.3742820019,99.8856821171754,8.728508,8.359,82.1878048780488,1.42,60026841.0,68.4015073889511
Italy,ITA,2012,55.829997993283,34854.3949441965,99.8856332979671,8.7983427,10.655,82.2390243902439,1.42,60191247.0,68.7608794235259
Italy,ITA,2013,58.4593,35701.6746002376,99.8855778298286,8.7897644,12.149,82.690243902439,1.39,60311613.0,69.3073989916076
Italy,ITA,2014,55.6384602242293,36028.3494022349,99.8855182584591,8.85913563,12.683,83.090243902439,1.38,60320707.0,69.5807638614879
Italy,ITA,2015,58.1417349568747,30639.8829751432,99.8854583535856,8.84596729,11.896,82.5439024390244,1.36,60229605.0,69.6100006103516
Italy,ITA,2016,61.3242527666303,31391.5692898108,99.885399852308,8.72043991,11.688,83.2439024390244,1.36,60115223.0,69.5969232525286
Italy,ITA,2017,63.0773469984291,32844.115660604,99.8853414231028,8.69060516,11.211,82.9463414634147,1.34,60002252.0,69.5180784259382
Italy,ITA,2018,74.3871829234822,35062.3364176949,99.8852799137261,8.65467453,10.538,83.3463414634146,1.31,59877221.0,69.4800033569336
Italy,ITA,2019,67.8507102874836,33812.788724868,99.8852225421869,8.61536789,9.884,83.4975609756098,1.27,59729081.0,69.5050010681153
Italy,ITA,2020,70.48342785,32091.4866621366,99.8851578267552,9.5643034,9.192,82.1951219512195,1.24,59438851.0,69.5187492370606
Italy,ITA,2021,74.8623274,36852.5425414951,99.8850975832792,9.28164482,9.497,82.6463414634146,1.25,59133173.0,69.4812507629394
Italy,ITA,2022,85.06074504,35653.9042103495,99.8850325902598,8.85022926,8.069,82.7,1.24,59013667.0,69.4839779766539
Italy,ITA,2023,87.0278292,39279.699782164,99.8849719036501,8.40559483,7.627,83.3512195121951,1.21,58984216.0,69.5381540123301
Jamaica,JAM,2000,3.11577802729967,3453.09252800226,80.3897902476816,5.97869205,6.752,71.281,2.345,2607826.0,51.7165550768252
Jamaica,JAM,2001,3.8630203874764,3503.55026688858,80.4397265320862,5.15652943,6.641,71.287,2.296,2624403.0,51.934190578424
Jamaica,JAM,2002,6.1,3680.64551727724,80.4900715011556,5.57934141,6.616,71.478,2.271,2640572.0,52.1467222312645
Jamaica,JAM,2003,7.8,3549.70758394618,80.5402961444726,4.99239254,6.534,71.585,2.244,2656623.0,52.3564891419558
Jamaica,JAM,2004,10.0,3807.56293124552,81.06758684543,5.83766747,6.539,71.542,2.198,2672225.0,52.5637655955662
Jamaica,JAM,2005,12.80000019,4184.43974867497,81.5952850004995,5.82104874,6.577,71.493,2.148,2687066.0,52.7685237926234
Jamaica,JAM,2006,16.39999962,4417.00127135363,82.123305250613,5.51022339,6.605,71.395,2.089,2700968.0,52.9707359336549
Jamaica,JAM,2007,21.10000038,4716.48612542727,82.6517047080876,6.19109583,6.607,71.405,2.023,2713800.0,53.1703742191887
Jamaica,JAM,2008,23.6,5029.80095281745,83.180409388657,6.65533972,6.666,71.502,1.953,2725635.0,53.3674108497524
Jamaica,JAM,2009,24.3,4428.38153333557,83.7094853462441,6.37021589,7.314,71.717,1.879,2736995.0,53.5618180258738
Jamaica,JAM,2010,27.67,4809.977380312,84.2388789441069,6.44219255,7.63,71.979,1.799,2748568.0,53.7535679480806
Jamaica,JAM,2011,37.438613414848,5232.63644918132,84.768570999696,6.5231781,8.034,72.245,1.717,2760494.0,53.956586109128
Jamaica,JAM,2012,33.79,5340.83333232158,85.2981420323076,6.18602896,8.695,72.405,1.648,2772430.0,54.2478817703732
Jamaica,JAM,2013,37.1,5124.21301411137,85.8275297136537,6.28453302,9.698,72.435,1.591,2783687.0,54.548819811983
Jamaica,JAM,2014,40.4027351046672,4975.11325459872,86.3566821660583,6.28673887,9.046,72.357,1.544,2793749.0,54.8660395670395
Jamaica,JAM,2015,42.2212211907441,5339.30718256806,86.8855879242963,6.61477137,8.825,72.214,1.508,2802534.0,55.1995248014924
Jamaica,JAM,2016,44.3668563671334,5302.29553353854,87.4141682686662,6.5901823,8.634,72.052,1.464,2809915.0,55.549259277615
Jamaica,JAM,2017,55.0720670507751,5605.43541173019,87.9424102965954,6.98476934,7.399,71.879,1.428,2815764.0,55.9152267548307
Jamaica,JAM,2018,68.2145170876072,5976.90362644337,88.4702342742167,6.83884478,5.47,71.606,1.4,2820097.0,56.297410990325
Jamaica,JAM,2019,70.8410169743356,6030.68896415921,88.997622645007,6.96945572,4.987,71.532,1.39,2823271.0,56.6957957395074
Jamaica,JAM,2020,76.38400269,5299.04530804283,89.5245308476169,7.47555304,6.501,71.452,1.383,2830739.0,57.1103647563627
Jamaica,JAM,2021,82.36071561,5625.67806271236,90.0509072917054,8.00261688,5.188,69.085,1.378,2837682.0,57.5411017937226
Jamaica,JAM,2022,85.84329987,6626.47502388538,90.5767034338028,8.65338707,4.083,71.481,1.372,2839144.0,57.9879906034775
Jamaica,JAM,2023,89.47304282,7542.39855849054,91.1018987715533,7.60493946,3.022,71.479,1.358,2839786.0,58.4510149367429
Japan,JPN,2000,29.9907403589142,39752.937397755,99.9977656818046,7.03456163,4.748,81.0760975609756,1.36,126843000.0,78.6126803295375
Japan,JPN,2001,38.5320608612719,34910.166403687,99.9954967125937,7.23947906,5.02,81.4163414634146,1.33,127149000.0,79.1577482060887
Japan,JPN,2002,46.5942011179917,33315.9165174962,99.9932277433829,7.35235405,5.386,81.6907317073171,1.32,127445000.0,80.5469860733981
Japan,JPN,2003,48.4352658899653,35808.6816792388,99.990958774172,7.48654842,5.251,81.76,1.29,127718000.0,82.4206778416671
Japan,JPN,2004,62.3939296327259,38677.5708064787,99.9886898049611,7.53518438,4.734,82.030243902439,1.29,127761000.0,84.3710541898905
Japan,JPN,2005,66.9210661042901,38158.6758263963,99.9864208357503,7.65818596,4.446,81.9551219512195,1.26,127773000.0,85.9573620483714
Japan,JPN,2006,68.6852703213795,36354.4271646349,99.9841518665394,7.68688869,4.192,82.3219512195122,1.32,127854000.0,87.1460898958075
Japan,JPN,2007,74.3,36129.9535132925,99.9818828973285,7.77935696,3.888,82.5070731707317,1.34,128001000.0,88.2701404492656
Japan,JPN,2008,75.4,40294.2081309702,99.9796139281177,8.08909321,4.002,82.5875609756098,1.37,128063000.0,89.2921563808851
Japan,JPN,2009,78.0,41678.1783063195,99.9773449589068,8.9587822,5.068,82.9314634146342,1.37,128047000.0,90.1131158718189
Japan,JPN,2010,78.21,45378.1378109399,99.9750759896959,9.0630064,5.102,82.8426829268293,1.39,128070000.0,90.6228586840649
Japan,JPN,2011,79.0541135244739,49122.077634247,99.972807020485,10.48780155,4.55,82.5912195121951,1.39,127833000.0,90.8631654434251
Japan,JPN,2012,79.4964,49626.6830327571,99.9705380512742,10.67169094,4.358,83.0960975609756,1.41,127629000.0,91.0265277326652
Japan,JPN,2013,88.219428911,41369.1948479498,99.9682690820633,10.67438698,4.038,83.3319512195122,1.43,127445000.0,91.1516595654317
Japan,JPN,2014,89.1068330166075,39172.8471161948,99.9660001128524,10.7290144,3.589,83.5878048780488,1.42,127276000.0,91.2548945132333
Japan,JPN,2015,91.0580283929962,35664.6446110613,99.9637311436416,10.74969959,3.385,83.7939024390244,1.45,127141000.0,91.3532644103625
Japan,JPN,2016,93.1827212821617,40214.9688631562,99.9614621744307,10.65891552,3.132,83.9848780487805,1.44,127076000.0,91.4541254852142
Japan,JPN,2017,91.7265472366635,39679.8635262948,99.9591932052198,10.65627098,2.822,84.099756097561,1.43,126972000.0,91.5498419685883
Japan,JPN,2018,88.7463508901772,40645.478086519,99.9569242360089,10.73988247,2.467,84.2109756097561,1.42,126811000.0,91.6377318609728
Japan,JPN,2019,92.7303978145525,41424.8655601543,99.9546552667981,10.96998405,2.351,84.3563414634146,1.36,126633000.0,91.7164207898107
Japan,JPN,2020,90.21945812,41098.9739004553,99.9523862975872,11.44974613,2.809,84.56,1.33,126261000.0,91.7809926267889
Japan,JPN,2021,82.91407928,41580.739040705,99.9501173283763,12.08108234,2.808,84.4456097560976,1.3,125681593.0,91.8741049279527
Japan,JPN,2022,84.92343147,35548.2645222433,99.9478483591655,12.32275677,2.614,83.9963414634146,1.26,125124989.0,91.9776532428406
Japan,JPN,2023,85.00990295,35215.003535366,99.9455793899546,10.73979473,2.6,84.0412195121951,1.2,124516650.0,92.0826903891473
Jordan,JOR,2000,2.62327542156362,1570.61002940477,99.0001342310668,9.34367943,13.7,71.926,3.864,5386945.0,78.2848247546539
Jordan,JOR,2001,4.70571958094159,1632.29454010563,98.8872678903901,9.57236385,14.7,72.141,3.803,5498894.0,78.2902365290261
Jordan,JOR,2002,6.02553241191204,1706.26744384401,98.7679426094807,9.2786417,15.3,72.359,3.805,5616066.0,78.2972918926847
Jordan,JOR,2003,8.46600501623938,1775.67625581432,98.6486747174721,8.78901005,14.5,72.585,3.816,5741828.0,78.3069420335538
Jordan,JOR,2004,11.6587413706379,1940.08641342805,98.5294571468879,8.74670506,14.626,72.788,3.729,5882061.0,78.3185350370311
Jordan,JOR,2005,12.93290043,2087.87079273635,98.4169700805217,8.49441624,14.8,72.977,3.653,6029587.0,78.412126230667
Jordan,JOR,2006,13.86709976,2342.63459574933,98.308206099878,7.67925692,14.0,73.225,3.711,6427371.0,78.755612573541
Jordan,JOR,2007,20.0,2506.20599484139,98.2009358550483,7.90982628,13.1,73.407,3.797,6827227.0,79.3358270749644
Jordan,JOR,2008,23.0,3669.83012701745,98.09501501556,8.48880577,12.7,73.563,3.876,6989866.0,80.1290966207551
Jordan,JOR,2009,26.0,3845.34388086274,97.9902274488182,9.22396946,12.9,73.707,3.841,7141753.0,81.1117480967305
Jordan,JOR,2010,27.2,4139.04283161368,97.8864815715208,8.17025661,12.5,73.797,3.78,7297043.0,82.2601083887084
Jordan,JOR,2011,34.9,4363.42800211536,97.7836292183144,8.14807701,12.9,73.929,3.69,7480424.0,83.5505043825064
Jordan,JOR,2012,37.0,4593.83609729005,97.6815546659463,7.81799555,12.2,74.087,3.568,7587127.0,84.9592629639423
Jordan,JOR,2013,41.4,4739.02253641778,97.5800917869947,7.16592407,12.6,74.282,3.449,7991809.0,86.4627110188335
Jordan,JOR,2014,46.2,4610.60460269382,97.4791874276905,7.20892906,11.9,74.606,3.302,8791710.0,88.0371754329978
Jordan,JOR,2015,54.22000122,4441.61896013754,97.3716594756962,7.4609561,13.075,75.06,3.141,9544729.0,89.8881391939133
Jordan,JOR,2016,56.15000153,4366.06999647268,97.2644408764445,6.97644138,15.275,75.55,3.072,10006367.0,90.56272794707
Jordan,JOR,2017,64.5,4449.34618076611,97.1574792984054,7.10953665,18.12,76.071,2.994,10234226.0,90.8764609714428
Jordan,JOR,2018,65.2,4533.97658437205,97.0507514777426,6.98295021,18.257,76.491,2.923,10462306.0,91.2008859099729
Jordan,JOR,2019,70.08470154,4557.79334729121,96.9442655127058,7.07244635,16.801,76.865,2.855,10671891.0,91.515966492507
Jordan,JOR,2020,78.4178009,4411.48321838396,96.8379669917401,7.54554749,19.213,75.583,2.791,10865228.0,91.8216722992319
Jordan,JOR,2021,85.999997,4581.71967230365,96.7318948068054,7.69733906,19.837,74.204,2.735,11066356.0,92.117972910453
Jordan,JOR,2022,90.4999984,4754.41362207378,96.6260204300308,7.73623276,18.2,77.088,2.679,11256263.0,92.4048379066163
Jordan,JOR,2023,92.53443944,4906.23543006639,96.5203168428374,7.66000605,16.62,77.814,2.639,11439213.0,92.682236868336
Kazakhstan,KAZ,2000,0.668594402621264,1180.0444563226,96.845702173166,4.16032028,12.75,63.793,1.898,15501103.0,56.0239607657944
Kazakhstan,KAZ,2001,1.00612421099739,1422.27331810957,96.8453385380879,3.47098041,10.43,64.108,1.906,15575550.0,55.7813717131331
Kazakhstan,KAZ,2002,1.67477099516366,1573.55219932325,96.8978353203907,3.6148138,9.33,64.441,1.956,15656677.0,55.5045911261585
Kazakhstan,KAZ,2003,2.00041475265872,1958.02050246511,96.9502145771284,3.72335005,8.78,64.753,2.075,15747380.0,55.2115277236592
Kazakhstan,KAZ,2004,2.6503946570164,2722.47407755402,97.0024793846235,3.98307681,8.4,65.04,2.201,15850159.0,54.9200902244233
Kazakhstan,KAZ,2005,2.961699963,3577.35804001782,97.0648490891514,3.90172958,8.13,65.356,2.274,15968117.0,54.6481873472392
Kazakhstan,KAZ,2006,3.268399954,5030.13494711519,97.1271155183214,3.39824843,7.79,65.722,2.38,16103716.0,54.4137278108953
Kazakhstan,KAZ,2007,4.02,6449.43931096532,97.1892688223895,2.70314813,7.26,66.18,2.49,16257214.0,54.2346203341799
Kazakhstan,KAZ,2008,11.0,8123.54705891736,97.2513208704644,3.02569842,6.63,66.759,2.616,16426525.0,54.1287736358813
Kazakhstan,KAZ,2009,18.2,6938.01175663001,97.3132617625394,3.47355628,6.55,67.46,2.58,16619846.0,54.1167144748885
Kazakhstan,KAZ,2010,31.6,8793.07589980782,97.3751082146427,2.73641396,5.77,68.257,2.61,16836810.0,54.2054127497102
Kazakhstan,KAZ,2011,50.6,11287.1464926039,97.4368392211239,2.60236669,5.39,69.108,2.605,17066002.0,54.3996086425518
Kazakhstan,KAZ,2012,61.9066274652008,12018.7966527993,97.4984582188857,3.03725982,5.29,69.939,2.64,17306106.0,54.69208192838
Kazakhstan,KAZ,2013,63.30422443,13478.459627612,97.5599727804689,2.66286755,5.2,70.719,2.67,17556502.0,55.0779764821252
Kazakhstan,KAZ,2014,66.0,12427.7094576939,97.6213968243494,2.97468448,5.06,71.415,2.76,17816285.0,55.5524361787178
Kazakhstan,KAZ,2015,70.82993359566,10196.1226255982,97.6826966507758,3.04051113,4.93,72.024,2.755,18084169.0,56.1106048930882
Kazakhstan,KAZ,2016,74.5877264735738,7475.56688689424,97.7438938717997,3.42235589,4.96,72.549,2.795,18363600.0,56.7476265001667
Kazakhstan,KAZ,2017,76.4267482325439,8943.08416791984,97.8049933636929,3.0524447,4.9,72.996,2.745,18651931.0,57.4586448748837
Kazakhstan,KAZ,2018,78.9039190578816,9472.48527327758,97.8553422711483,2.90062451,4.85,73.369,2.845,18932727.0,58.2388038921695
Kazakhstan,KAZ,2019,81.8776204746284,9457.12614657136,97.9051562762041,2.87143755,4.8,73.658,2.89,19209555.0,59.0832474269546
Kazakhstan,KAZ,2020,85.94259898,8781.50797787648,97.9463161907176,3.83133817,4.89,71.195,3.13,19482117.0,59.9871193541692
Kazakhstan,KAZ,2021,90.9239507,9983.60103576902,97.9538478987078,3.98701859,5.568,70.131,3.32,19743603.0,61.030254280267
Kazakhstan,KAZ,2022,92.29685266,11255.3396437881,97.9526402205332,3.74577999,4.86,73.503,3.05,20034609.0,61.444157327248
Kazakhstan,KAZ,2023,92.87846096,12879.4275257974,97.948876378574,3.76701546,4.835,74.402,3.012,20330104.0,61.7560919499181
Kenya,KEN,2000,0.318059713612037,414.626365130846,23.6473801064419,3.62451434,2.884,56.084,5.136,30642890.0,19.4553832211834
Kenya,KEN,2001,0.619782266151425,410.700452474814,24.3164597238105,3.74002314,2.876,56.501,5.094,31619170.0,20.4416297068833
Kenya,KEN,2002,1.20777388492125,402.936385605382,25.0346081207823,3.82159472,2.916,56.759,5.027,32629808.0,21.8586568137501
Kenya,KEN,2003,2.94190286101524,442.898457253405,25.7535178867465,4.03365707,2.869,57.369,4.937,33652223.0,23.563889811899
Kenya,KEN,2004,3.0235280420962,463.662781300121,26.4731149422539,4.21159506,2.844,57.947,4.861,34713455.0,25.4147539714454
Kenya,KEN,2005,3.101900101,523.456312433863,27.1932269454509,4.2174139,2.739,58.51,4.801,35796484.0,27.2686745625048
Kenya,KEN,2006,3.599999905,699.80237063381,27.9138955031129,5.0134387,2.673,59.059,4.754,36904008.0,28.9830768551925
Kenya,KEN,2007,4.400000095,840.201439476765,28.6350439627237,5.12358475,2.642,59.407,4.718,38036349.0,30.4153861196239
Kenya,KEN,2008,5.199999809,915.54435473604,29.3565994040011,5.19050598,2.751,59.955,4.66,39206351.0,31.4230276259143
Kenya,KEN,2009,6.1,1047.9678324485,30.0784132028819,5.29172945,2.816,60.483,4.567,40408891.0,31.8603086707305
Kenya,KEN,2010,7.2,1091.51873101194,30.8004947681643,5.38849831,2.793,60.915,4.446,41598567.0,31.8713287706458
Kenya,KEN,2011,8.800000191,1096.14499807675,31.5229174481557,5.20212841,2.699,61.283,4.284,42758461.0,31.8673949025409
Kenya,KEN,2012,10.5,1285.00536171512,32.2455260120869,5.0180583,2.678,61.537,4.116,43888303.0,31.8558130142761
Kenya,KEN,2013,13.0,1370.87885214659,32.9682462912978,4.93100405,2.762,61.729,3.955,44986791.0,31.8324454433988
Kenya,KEN,2014,16.5,1482.81566253497,33.6908976254492,4.91267347,2.767,61.99,3.843,46051440.0,31.7931545274563
Kenya,KEN,2015,16.5878548475992,1489.11959777284,34.4133695043635,4.76439571,2.762,62.279,3.766,47088526.0,31.7338026039958
Kenya,KEN,2016,16.6,1554.12610314423,35.1355349703251,4.75429106,2.757,62.526,3.689,48139687.0,31.6502520105647
Kenya,KEN,2017,17.82710075,1667.48447230835,35.857250498731,3.98597503,3.542,62.725,3.609,49197766.0,31.5383650847102
Kenya,KEN,2018,19.5,1836.45275528993,36.5783889502292,4.09903383,4.284,62.825,3.536,50207107.0,31.3940041639796
Kenya,KEN,2019,22.6687733618171,1960.40808854893,37.298797647533,4.36874676,5.014,62.939,3.433,51202827.0,31.1895566421135
Kenya,KEN,2020,24.7227993,1927.66459027849,38.018340896347,4.49248886,5.613,61.596,3.364,52217334.0,31.2063494632616
Kenya,KEN,2021,26.96290016,2061.35622089594,38.7368777065186,4.56992722,5.693,61.225,3.312,53219166.0,31.2879334021971
Kenya,KEN,2022,29.40589905,2109.56288513137,39.454252565811,4.32241869,5.565,63.549,3.262,54252461.0,31.4307820066946
Kenya,KEN,2023,32.07040024,1942.58802756191,40.1703366344741,4.35172892,5.409,63.646,3.208,55339003.0,31.6330340816429
Kiribati,KIR,2000,1.78522547397736,845.367240231973,29.4332516112154,7.77379847,,64.674,4.071,88613.0,43.3274808848011
Kiribati,KIR,2001,2.33745894837722,718.833787096781,30.4939861959849,11.90547657,,64.918,3.957,90335.0,43.4777440627131
Kiribati,KIR,2002,2.5,810.10870037444,31.411410840326,11.4402895,,65.123,3.814,92264.0,43.4985457088421
Kiribati,KIR,2003,3.0,1020.50033851394,32.3289642125859,10.05060768,,65.287,3.702,94175.0,43.510668313316
Kiribati,KIR,2004,3.5,1083.2688987175,33.2463631405513,12.17176056,,65.416,3.734,96085.0,43.5238025326975
Kiribati,KIR,2005,4.0,1161.78341739977,34.163338666221,11.36301994,,65.517,3.76,98035.0,43.5443274444527
Kiribati,KIR,2006,4.5,1123.19258990684,35.2022104813693,11.30852318,,65.601,3.815,100017.0,43.7349826427011
Kiribati,KIR,2007,6.0,1352.57814048911,36.3306938222446,10.9454546,,65.677,3.865,102068.0,44.6212141757087
Kiribati,KIR,2008,7.0,1410.62246914058,37.1173607941238,13.51428604,,65.746,3.899,104222.0,45.9461325515373
Kiribati,KIR,2009,8.97,1316.62753853678,37.8765617583736,12.73888874,,65.808,3.905,106467.0,47.3510238975116
Kiribati,KIR,2010,9.07,1522.10068744154,38.6081785659638,8.76666641,,65.859,3.898,108704.0,48.4603839564718
Kiribati,KIR,2011,10.0,1771.12926848792,39.3118291707544,7.98947382,,65.896,3.878,110647.0,49.1228169536795
Kiribati,KIR,2012,10.74680042,1843.55336349889,39.9871295227772,7.94999981,,65.908,3.768,112284.0,49.5800786695548
Kiribati,KIR,2013,11.5,1772.08718317132,40.6328916636928,8.7081337,,65.898,3.643,113838.0,49.9687043258795
Kiribati,KIR,2014,12.25,1736.70535682101,41.2494292871662,8.9549551,,65.869,3.521,115326.0,50.3909308922385
Kiribati,KIR,2015,14.89999962,1639.85274740652,41.8362047246118,7.21568632,,65.831,3.438,116815.0,50.9541970402064
Kiribati,KIR,2016,19.41939926,1742.66799324117,42.3903837205277,9.04265118,,65.799,3.375,118478.0,51.7710553002321
Kiribati,KIR,2017,25.30960083,1854.3326920967,42.9115121446096,9.68424225,,65.787,3.339,120275.0,52.9734697275451
Kiribati,KIR,2018,32.9864006,1915.56002581991,43.4001999878848,10.89694214,,65.807,3.318,122084.0,54.5004023142497
Kiribati,KIR,2019,41.79299927,1750.24040333237,43.8567170359075,10.16600227,,65.866,3.29,123921.0,56.2846727145489
Kiribati,KIR,2020,52.95090103,1751.87199542272,44.2810965836604,13.65645027,,65.205,3.254,126099.0,58.4123714112748
Kiribati,KIR,2021,67.08760071,2223.54147866465,44.6738091395008,11.83228588,,64.148,3.219,128377.0,59.6364645301985
Kiribati,KIR,2022,84.99849701,2078.7648751855,45.0352022161591,10.52553844,,66.269,3.182,130469.0,60.5739126559419
Kiribati,KIR,2023,88.0,2200.68918614289,45.1052498687683,10.94525623,,66.473,3.147,132530.0,61.5244676194408
"Korea, Dem. People's Rep.",PRK,2000,0.0,,,,3.653,60.911,1.941,23665910.0,59.4196417703576
"Korea, Dem. People's Rep.",PRK,2001,0.0,,,,3.676,60.893,1.94,23815358.0,59.4802676333329
"Korea, Dem. People's Rep.",PRK,2002,0.0,,75.1954267554782,,3.644,60.877,1.919,23943973.0,59.5419414235486
"Korea, Dem. People's Rep.",PRK,2003,0.0,,75.2058209642884,,3.668,69.399,1.909,24090380.0,59.6064024764394
"Korea, Dem. People's Rep.",PRK,2004,0.0,,75.2163527896403,,3.62,69.294,1.899,24254943.0,59.6753901274401
"Korea, Dem. People's Rep.",PRK,2005,,,75.2267505195982,,3.576,69.168,1.872,24396433.0,59.7506437119853
"Korea, Dem. People's Rep.",PRK,2006,,,75.2372785852435,,3.55,69.061,1.936,24524507.0,59.8339025655097
"Korea, Dem. People's Rep.",PRK,2007,,,75.9237809171583,,3.547,69.021,1.943,24646383.0,59.926906023448
"Korea, Dem. People's Rep.",PRK,2008,,,76.6139843400435,,3.48,69.303,1.97,24764618.0,60.0310692203612
"Korea, Dem. People's Rep.",PRK,2009,,,77.3190361028758,,3.48,69.702,1.905,24878332.0,60.1544414620403
"Korea, Dem. People's Rep.",PRK,2010,,,78.0324089256356,,3.419,70.246,1.89,24987258.0,60.307007469148
"Korea, Dem. People's Rep.",PRK,2011,,,78.7499982089361,,3.516,70.772,1.883,25097874.0,60.4836230684404
"Korea, Dem. People's Rep.",PRK,2012,,,79.4722787144222,,3.542,71.317,1.882,25211728.0,60.6781140779735
"Korea, Dem. People's Rep.",PRK,2013,,,80.1989508804153,,3.567,71.867,1.877,25329451.0,60.8843063158034
"Korea, Dem. People's Rep.",PRK,2014,,,80.9301775081677,,3.509,72.451,1.874,25451262.0,61.0940947540873
"Korea, Dem. People's Rep.",PRK,2015,,,81.6658106218557,,3.523,72.825,1.863,25575350.0,61.3247571174501
"Korea, Dem. People's Rep.",PRK,2016,,,82.4086074475707,,3.574,72.971,1.856,25698326.0,61.5681351428803
"Korea, Dem. People's Rep.",PRK,2017,,,83.1584097748592,,3.498,73.034,1.848,25817709.0,61.8206076091402
"Korea, Dem. People's Rep.",PRK,2018,,,83.9155776338149,,3.409,73.02,1.834,25931147.0,62.0826119807623
"Korea, Dem. People's Rep.",PRK,2019,,,84.6194920966635,,3.439,72.928,1.825,26037632.0,62.3542226611578
"Korea, Dem. People's Rep.",PRK,2020,,,84.6654650844227,,3.624,72.783,1.821,26136312.0,62.6355140538495
"Korea, Dem. People's Rep.",PRK,2021,,,84.7140378530296,,3.692,73.437,1.806,26232534.0,62.926560562457
"Korea, Dem. People's Rep.",PRK,2022,,,84.7650382260713,,3.457,73.641,1.797,26328845.0,63.2274365906829
"Korea, Dem. People's Rep.",PRK,2023,,,84.8184516885649,,3.463,73.642,1.78,26418204.0,63.5382165423021
"Korea, Rep.",KOR,2000,44.7,12710.2995795579,100.0,3.71794796,4.063,75.909756097561,1.48,47008111.0,79.579960745642
"Korea, Rep.",KOR,2001,56.6,11981.4828218758,100.0,4.16983986,3.699,76.4121951219512,1.309,47370164.0,79.8787704357425
"Korea, Rep.",KOR,2002,59.4,13642.9424537101,100.0,3.90854764,3.046,76.7658536585366,1.178,47644736.0,80.2766294544335
"Korea, Rep.",KOR,2003,65.5,15211.5483770422,100.0,4.46640348,3.348,77.2146341463415,1.191,47892330.0,80.707793508044
"Korea, Rep.",KOR,2004,72.7,17121.6301633201,100.0,4.43287992,3.42,77.6658536585366,1.164,48082519.0,81.104386778171
"Korea, Rep.",KOR,2005,73.5,20167.0474902506,100.0,4.65223551,3.482,78.1682926829268,1.085,48184561.0,81.3901352283669
"Korea, Rep.",KOR,2006,78.1,22609.7059431449,100.0,4.95851803,3.254,78.6682926829268,1.132,48438292.0,81.566462110512
"Korea, Rep.",KOR,2007,78.8,25078.4853957105,100.0,4.95834208,3.013,79.119512195122,1.259,48683638.0,81.712125801927
"Korea, Rep.",KOR,2008,81.0,22252.3125108061,99.9913543263754,5.24642324,2.959,79.5170731707317,1.192,49054708.0,81.8350833138518
"Korea, Rep.",KOR,2009,81.6,19937.3029137734,99.9749792813269,5.68525076,3.363,79.9682926829268,1.149,49307835.0,81.9245045084002
"Korea, Rep.",KOR,2010,83.7,24071.2620526362,99.9586042362784,5.79390717,3.324,80.1170731707317,1.226,49554112.0,81.9685075986486
"Korea, Rep.",KOR,2011,83.7591201534472,26175.2398553363,99.9422291912298,5.90292883,2.992,80.5682926829269,1.244,49936638.0,81.9615408086376
"Korea, Rep.",KOR,2012,84.07,26600.5477433903,99.9258541461813,5.9576025,2.812,80.819512195122,1.297,50199853.0,81.9087898200378
"Korea, Rep.",KOR,2013,84.77,28449.3591104972,99.9094791011328,6.06858635,3.067,81.2707317073171,1.187,50428893.0,81.8269383502703
"Korea, Rep.",KOR,2014,87.5568264944747,30667.0912467447,99.8931040560842,6.24487352,3.082,81.7219512195122,1.205,50746659.0,81.7315682816954
"Korea, Rep.",KOR,2015,89.8962557995106,30171.7906545222,99.8767290110357,6.46202612,3.546,82.0243902439024,1.239,51014947.0,81.639489860678
"Korea, Rep.",KOR,2016,92.8430256796075,30832.0628072516,99.8603539659872,6.6356945,3.65,82.2756097560976,1.172,51217803.0,81.5559241797057
"Korea, Rep.",KOR,2017,95.0694218761004,33296.9845439195,99.8439789209386,6.79827499,3.653,82.6268292682927,1.052,51361911.0,81.471030429984
"Korea, Rep.",KOR,2018,96.0228595797887,35363.9508228687,99.8276038758901,7.14222002,3.824,82.6268292682927,0.977,51585058.0,81.3823523035196
"Korea, Rep.",KOR,2019,96.157579184239,33826.9443301597,99.8112288308416,7.69397116,3.746,83.2268292682927,0.918,51764822.0,81.2901063535619
"Korea, Rep.",KOR,2020,96.50506052,33645.7719545073,99.7948537857931,8.02722836,3.931,83.4268292682927,0.837,51836239.0,81.1759595622913
"Korea, Rep.",KOR,2021,97.57132698,37518.4635305697,99.7784787407445,8.34412766,3.639,83.5268292682927,0.808,51769539.0,81.1616526507785
"Korea, Rep.",KOR,2022,97.16855335,34822.4048404971,99.762103695696,8.8595314,2.857,82.6804878048781,0.778,51672569.0,81.1624941626873
"Korea, Rep.",KOR,2023,97.41597478,35674.095995632,99.7457286506475,8.5650692,2.675,83.4292682926829,0.721,51712619.0,81.1645551720421
Kosovo,XKX,2000,,,,,,71.321,2.698,1802493.0,37.4831955140268
Kosovo,XKX,2001,,,,,,71.782,2.765,1820009.0,37.508480681916
Kosovo,XKX,2002,,,,,,72.227,2.791,1829462.0,37.5341026492746
Kosovo,XKX,2003,,,,,,72.678,2.67,1826434.0,37.5615508963458
Kosovo,XKX,2004,,,,,,73.132,2.65,1822773.0,37.5923149033726
Kosovo,XKX,2005,,,,,,73.437,2.623,1818354.0,37.627884150598
Kosovo,XKX,2006,,,,,,73.63,2.494,1813079.0,37.6697481182649
Kosovo,XKX,2007,,,,,,74.422,2.393,1807094.0,37.7193962866165
Kosovo,XKX,2008,,2889.14677086951,,,,74.711,2.359,1800858.0,37.7783181358957
Kosovo,XKX,2009,,2805.94692985371,,,,74.79,2.317,1794681.0,37.8480031463455
Kosovo,XKX,2010,,2987.54523493128,,,,74.609,2.223,1788743.0,37.929940798209
Kosovo,XKX,2011,,3538.94809762524,,,,75.323,2.038,1791949.0,38.0255184272137
Kosovo,XKX,2012,,3410.65497983011,,,,75.75,1.969,1807126.0,38.2296959226488
Kosovo,XKX,2013,,3704.55812411167,,,,76.336,1.953,1818119.0,38.6251749487938
Kosovo,XKX,2014,,3902.49322261901,,,,76.179,1.87,1812788.0,39.1938922761744
Kosovo,XKX,2015,,3520.62685324451,,,,76.024,1.763,1788274.0,39.917681154075
Kosovo,XKX,2016,,3759.44777525332,,,,76.748,1.641,1777568.0,40.7783748317802
Kosovo,XKX,2017,83.8935968102791,4009.32022064732,,,,77.105,1.618,1791019.0,41.7578065585746
Kosovo,XKX,2018,89.4430319734879,4384.18796440547,,,,77.117,1.581,1797086.0,42.8378095837429
Kosovo,XKX,2019,,4415.6992744623,,,,77.249,1.575,1788891.0,44.0002171565695
Kosovo,XKX,2020,,4320.58382547288,,,,74.212,1.567,1790151.0,45.2268625263391
Kosovo,XKX,2021,,5269.69946181439,,,,74.981,1.561,1786079.0,46.4995789423362
Kosovo,XKX,2022,,5298.1473871027,,,,77.623,1.555,1768096.0,47.8001996538455
Kosovo,XKX,2023,,6220.33213919344,,,,78.033,1.545,1682668.0,49.1105579101515
Kuwait,KWT,2000,6.73139576837536,19296.3471698729,100.0,2.20362997,0.8,76.2258780487805,2.887,1954709.0,99.0
Kuwait,KWT,2001,8.55179243431475,17374.2318664227,100.0,3.18719625,0.8,76.3843414634146,2.839,2008121.0,99.2347539628831
Kuwait,KWT,2002,10.2489679289296,18512.7523035862,100.0,3.12441754,1.1,76.5316341463415,2.795,2059974.0,99.5090276880805
Kuwait,KWT,2003,22.4029383804612,22690.655175144,100.0,2.76042604,1.3,76.6445609756098,2.771,2109881.0,99.7655794280652
Kuwait,KWT,2004,22.9271120360078,27552.2827399787,100.0,2.35702467,1.7,76.7276829268293,2.762,2157320.0,99.94716743531
Kuwait,KWT,2005,25.92609978,36122.6142741227,100.0,2.013309,1.455,76.8007804878049,2.731,2236788.0,100.0
Kuwait,KWT,2006,28.79120064,42946.6374104066,100.0,1.8213098,1.3,76.8876829268293,2.589,2364733.0,100.0
Kuwait,KWT,2007,34.79999924,45709.4132876371,100.0,1.92673647,1.5,77.0101707317073,2.412,2507887.0,100.0
Kuwait,KWT,2008,42.0,55585.1889344442,100.0,1.92400301,1.75,77.1890487804878,2.266,2651421.0,100.0
Kuwait,KWT,2009,50.79999924,37907.1001320042,100.0,2.70638776,1.64,77.4333658536585,2.155,2795484.0,100.0
Kuwait,KWT,2010,61.40000153,39212.252220155,100.0,2.67879915,1.82,77.7262195121951,2.044,2943372.0,100.0
Kuwait,KWT,2011,65.7690706867398,49169.6063813095,100.0,2.33303547,2.051,78.052243902439,1.956,3132814.0,100.0
Kuwait,KWT,2012,70.44999695,52155.2225833921,100.0,2.33311439,2.227,78.3950243902439,1.99,3337109.0,100.0
Kuwait,KWT,2013,75.45999908,49651.0439275077,100.0,2.48789287,2.465,78.7418048780488,1.968,3507844.0,100.0
Kuwait,KWT,2014,78.69999695,44368.7813457751,100.0,2.9159987,2.9,79.0803414634146,2.06,3665876.0,100.0
Kuwait,KWT,2015,82.0,29882.2126495698,100.0,4.21497965,2.2,79.3765609756098,2.03,3834574.0,100.0
Kuwait,KWT,2016,85.59999847,27323.6890735517,100.0,4.73096323,2.16,79.6775853658537,2.061,4004096.0,100.0
Kuwait,KWT,2017,97.9999893344615,29047.6536135703,100.0,4.65326786,2.23,79.9160731707317,2.16,4154812.0,100.0
Kuwait,KWT,2018,99.5988495907557,32067.9623756889,100.0,5.17201853,2.202,80.1063658536585,2.118,4323515.0,100.0
Kuwait,KWT,2019,99.5426764518489,31707.8737443551,100.0,5.18200397,2.213,81.969756097561,2.082,4442316.0,100.0
Kuwait,KWT,2020,99.10587017,25236.0755848941,100.0,6.11295223,3.489,78.7609756097561,2.033,4400267.0,100.0
Kuwait,KWT,2021,99.7,34018.6342592913,100.0,5.37273169,2.97,78.7365853658537,2.148,4360865.0,100.0
Kuwait,KWT,2022,99.74729919,39981.7691035833,100.0,4.20024538,2.133,80.5878048780488,1.546,4589643.0,100.0
Kuwait,KWT,2023,99.74731125,34091.9714813002,100.0,4.96311998,2.08,83.1878048780488,1.524,4853420.0,100.0
Kyrgyz Republic,KGZ,2000,1.04140114469361,279.621738464365,92.8282031249624,4.41414976,2.143,68.5585365853659,2.4,4898362.0,35.3216067847574
Kyrgyz Republic,KGZ,2001,3.00294132719239,308.41129550148,92.8282378799564,4.27703238,2.273,68.7073170731707,2.4,4945073.0,35.3160273737858
Kyrgyz Republic,KGZ,2002,2.99926518003089,321.726775366804,93.005572595951,4.59219551,2.416,68.1560975609756,2.4,4990704.0,35.3118703235333
Kyrgyz Republic,KGZ,2003,3.90876626828521,380.505828812441,93.1829301574786,5.82382107,2.548,68.2560975609756,2.5,5043308.0,35.3086519815317
Kyrgyz Republic,KGZ,2004,5.09038530732863,433.233873286,93.3602758261186,6.20281315,2.68,68.1536585365854,2.6,5104713.0,35.3058886953128
Kyrgyz Republic,KGZ,2005,10.53380013,476.548193640077,93.6560226009521,7.45010662,2.816,67.9560975609756,2.5,5162640.0,35.3030968124082
Kyrgyz Republic,KGZ,2006,12.30690002,543.113512472219,93.9520874390933,8.3118391,2.962,67.6951219512195,2.7,5218373.0,35.2997926803498
Kyrgyz Republic,KGZ,2007,14.03,721.771577544361,94.2485169694254,6.93210649,3.094,67.8951219512195,2.7,5268385.0,35.2954926466692
Kyrgyz Republic,KGZ,2008,15.69999981,966.388569370494,94.5452869474658,6.52511883,3.207,68.4512195121951,2.8,5318729.0,35.2897130588983
Kyrgyz Republic,KGZ,2009,16.0,870.198894546917,94.8423723936302,6.89873457,3.343,69.1024390243903,2.9,5389643.0,35.2815523593591
Kyrgyz Republic,KGZ,2010,16.29999924,876.954476440354,95.1391384215873,6.95027161,3.503,69.3,3.1,5467059.0,35.267768240398
Kyrgyz Republic,KGZ,2011,17.5,1117.40174350185,95.435495439877,7.1072917,3.644,69.6024390243903,3.1,5546587.0,35.2466507961984
Kyrgyz Republic,KGZ,2012,19.79999924,1168.62244675446,95.7313479681621,8.50966358,3.786,70.0024390243902,3.2,5652076.0,35.218916221918
Kyrgyz Republic,KGZ,2013,23.0,1269.66303464348,96.0266897957502,8.18745041,3.881,70.2024390243902,3.1,5777150.0,35.1850529225105
Kyrgyz Republic,KGZ,2014,28.29999924,1264.52668823891,96.3214166857355,7.35766459,4.02,70.4024390243902,3.2,5905848.0,35.1455493029297
Kyrgyz Republic,KGZ,2015,30.24699974,1105.65193844261,96.6154706740523,7.14930916,4.138,70.6512195121951,3.2,6040036.0,35.1008937681291
Kyrgyz Republic,KGZ,2016,40.52619934,1103.27489428412,96.9087481057027,6.41248226,4.294,70.9512195121951,3.1,6175338.0,35.0515747230627
Kyrgyz Republic,KGZ,2017,50.80530167,1221.39046807082,97.2012105005547,6.18586349,4.425,71.2,3.0,6306696.0,34.9980805726839
Kyrgyz Republic,KGZ,2018,62.8,1283.5203037417,97.4927558595168,5.01030922,4.559,71.4,3.3,6444079.0,34.9408997219466
Kyrgyz Republic,KGZ,2019,64.1,1421.99927504102,97.7833519513512,4.25461817,5.45,71.6,3.3,6590211.0,34.8805205758044
Kyrgyz Republic,KGZ,2020,72.0,1229.51766602907,98.017628465842,4.93558979,5.945,71.8,3.1,6726596.0,34.8174315392111
Kyrgyz Republic,KGZ,2021,77.11769867,1349.99730650542,98.1478549913374,5.35275602,5.149,71.9,2.89,6851224.0,34.7521210171204
Kyrgyz Republic,KGZ,2022,84.1937027,1739.72018344174,98.278227766543,5.04874945,4.767,72.0487804878049,2.8,6975220.0,34.7003053497743
Kyrgyz Republic,KGZ,2023,91.04440308,2138.22210211478,98.4088738227501,4.50344467,3.498,72.2487804878049,2.7,7099750.0,34.706439175362
Lao PDR,LAO,2000,0.111044032290124,318.749852236965,28.5792078387046,4.27513599,2.045,58.317,4.429,5431212.0,22.1840964350091
Lao PDR,LAO,2001,0.181664460654566,320.316005439568,31.5102351712047,4.29031658,1.881,58.887,4.29,5521482.0,23.3728884682287
Lao PDR,LAO,2002,0.267899241309349,313.350817148131,34.4269495344491,3.69751263,1.775,59.302,4.132,5610889.0,24.5247834668291
Lao PDR,LAO,2003,0.333912466428616,355.097216151461,37.3258889602635,4.47920704,1.639,59.643,4.024,5697945.0,25.5945881340707
Lao PDR,LAO,2004,0.361434490258043,409.296298284117,40.206970140516,3.5405724,1.498,60.08,3.898,5781626.0,26.5371091732139
Lao PDR,LAO,2005,0.850399971,466.061506997741,43.0065419549901,3.33673191,1.35,60.688,3.685,5869523.0,27.3224977292697
Lao PDR,LAO,2006,1.16989994,579.391947440719,45.6181272062028,2.93200922,1.199,61.074,3.559,5963200.0,28.0378756242097
Lao PDR,LAO,2007,1.64,697.323013673925,48.2158994762992,3.12986231,1.068,61.694,3.438,6056236.0,28.7343050001346
Lao PDR,LAO,2008,3.55,885.747376088762,50.8009551119223,2.76727295,0.944,62.248,3.331,6148969.0,29.4034348148069
Lao PDR,LAO,2009,6.0,935.03237283283,53.3715578045122,3.46300411,0.835,63.023,3.229,6241642.0,30.0420311503825
Lao PDR,LAO,2010,7.0,1125.91610151261,55.92839334626,2.91154933,0.708,63.69,3.137,6334194.0,30.6468600890172
Lao PDR,LAO,2011,9.0,1361.54704394913,58.4713447138194,1.94457507,0.96,64.505,3.049,6426590.0,31.2146877128668
Lao PDR,LAO,2012,10.74769974,1563.5650771337,61.0006356441256,2.07637572,1.208,65.126,2.953,6518978.0,31.7422801040872
Lao PDR,LAO,2013,12.5,1812.51774424651,63.5147843127718,2.39984965,1.469,65.723,2.872,6611385.0,32.2264033448341
Lao PDR,LAO,2014,14.26000023,1981.03910900473,66.0147584184353,2.29845548,1.733,66.35,2.802,6703172.0,32.6638235172635
Lao PDR,LAO,2015,18.20000076,2121.01339097363,68.5001364815887,2.45366454,2.006,66.688,2.796,6801645.0,33.1240204432199
Lao PDR,LAO,2016,21.87000084,2303.22156035363,70.9711485336486,2.36087489,2.634,67.014,2.744,6908802.0,33.8267455533474
Lao PDR,LAO,2017,25.51040077,2432.43059478511,73.4268509487817,2.52606821,3.268,67.345,2.691,7018147.0,34.5115346444216
Lao PDR,LAO,2018,36.27130127,2545.1075420815,75.8672585757636,2.24630046,2.897,67.594,2.633,7128045.0,35.2050070032013
Lao PDR,LAO,2019,47.03229904,2589.32081035237,78.292642485837,2.60312223,2.531,67.911,2.589,7237636.0,35.9072880879451
Lao PDR,LAO,2020,54.0,2583.77730696131,80.7027420895793,2.05965185,2.349,68.339,2.535,7346533.0,36.6185033569111
Lao PDR,LAO,2021,62.0,2526.05105018529,83.0975867054683,2.74392009,2.08,67.807,2.494,7453194.0,37.338778268357
Lao PDR,LAO,2022,64.54000092,2046.40440255621,85.1292056400031,2.01825476,1.209,68.715,2.455,7559007.0,38.0682382805397
Lao PDR,LAO,2023,64.39800262,2066.94979776957,86.9959981840748,1.32651615,1.186,68.964,2.421,7664993.0,38.8070088517156
Latvia,LVA,2000,6.31906208267861,3278.17896440803,89.1822298525204,5.57169294,14.211,70.3146341463415,1.25,2367550.0,68.0520561441955
Latvia,LVA,2001,7.21934580836289,3504.61829462397,89.1580310942879,5.89092207,13.821,70.7609756097561,1.22,2337170.0,68.0163660524785
Latvia,LVA,2002,21.94,4003.60935783538,89.3860553955735,5.95477772,13.829,70.9609756097561,1.26,2310173.0,67.9813450702046
Latvia,LVA,2003,26.98,4914.57992829302,89.5263556907713,5.73644829,12.061,71.2658536585366,1.32,2287955.0,67.9493840506358
Latvia,LVA,2004,38.58,6109.73265186817,89.6130829805605,6.47518539,11.708,72.0268292682927,1.29,2263122.0,67.9206702831277
Latvia,LVA,2005,46.0,7283.78738127622,89.6980083736191,6.08161736,10.033,71.3560975609756,1.39,2238799.0,67.8953910570353
Latvia,LVA,2006,53.63,9211.7374468148,89.7567394506575,6.02127075,7.03,70.8658536585366,1.46,2218357.0,67.873733661714
Latvia,LVA,2007,59.17,13370.9789452508,89.8089264081031,5.81969213,6.052,71.019512195122,1.54,2200325.0,67.8558853865191
Latvia,LVA,2008,63.41,15677.6080864506,89.8611624895794,5.86603212,7.739,72.419512195122,1.58,2177322.0,67.8420335208058
Latvia,LVA,2009,66.84,11996.0322729773,89.9210042199692,6.2683239,17.515,73.0804878048781,1.46,2141669.0,67.8323653539295
Latvia,LVA,2010,68.42,11188.4191700977,89.987937726115,6.22420359,19.482,73.4829268292683,1.36,2097555.0,67.8270681752453
Latvia,LVA,2011,69.7499545592245,12902.574053337,90.0539577656872,5.91758251,16.206,73.5756097560976,1.33,2059709.0,67.8266897008267
Latvia,LVA,2012,73.1199437663748,13329.3499931271,90.1188989835072,5.62075043,15.047,73.7780487804878,1.44,2034319.0,67.8331638942219
Latvia,LVA,2013,75.2344,14484.4715282132,90.182767248935,5.60404825,11.867,73.9829268292683,1.52,2012647.0,67.847334482933
Latvia,LVA,2014,75.8261041383556,15185.814581236,90.2454171956005,5.66363621,10.846,74.1243902439024,1.65,1993782.0,67.8686035364944
Latvia,LVA,2015,79.2005829239344,13321.9753140616,90.4930837616034,5.84916782,9.873,74.4804878048781,1.7,1977527.0,67.8965395668259
Latvia,LVA,2016,79.8420977843089,13838.5266823272,90.7423211464844,6.35184479,9.643,74.580487804878,1.74,1959537.0,67.9307110858472
Latvia,LVA,2017,80.1140770037369,15132.4958333982,90.9929787461015,6.18721867,8.715,74.6292682926829,1.69,1942248.0,67.9706866054779
Latvia,LVA,2018,83.5771748630956,17252.1710428626,91.2449187722214,6.40854263,7.412,74.7829268292683,1.6,1927174.0,68.0160346376376
Latvia,LVA,2019,86.13545644343,17294.9751600969,91.4979934262128,6.86276913,6.312,75.3878048780488,1.61,1913822.0,68.066323694246
Latvia,LVA,2020,88.89796078,17564.2321549354,91.7520645595703,7.50587368,8.098,75.1853658536585,1.55,1900449.0,68.1211222872228
Latvia,LVA,2021,91.17964988,20261.8887788916,92.0069797523466,9.4105072,7.513,72.9804878048781,1.57,1884490.0,68.1808791463693
Latvia,LVA,2022,91.03009059,20221.103686109,92.2626087395691,8.1044302,6.815,74.2780487804878,1.47,1879383.0,68.2570218109034
Latvia,LVA,2023,92.18791291,22710.2637544197,92.5186835470802,7.27783823,6.465,75.4268292682927,1.36,1883710.0,68.3586316343061
Lebanon,LBN,2000,7.95274373635276,3986.83513941026,76.9237295197972,10.82951355,8.641,73.895,2.6,4329340.0,86.0
Lebanon,LBN,2001,6.78321977527715,4009.55929751102,76.9237295197972,10.56254768,8.499,74.354,2.576,4401918.0,86.1451238111303
Lebanon,LBN,2002,7.0,4290.85283803266,76.9237295197972,9.28233719,8.248,74.836,2.523,4463504.0,86.2942846645228
Lebanon,LBN,2003,8.0,4437.71588507526,78.2329078327086,8.67109871,8.061,75.275,2.457,4525508.0,86.4475351790771
Lebanon,LBN,2004,9.0,4600.68371412993,79.54208614562,7.99923086,7.85,75.693,2.378,4599279.0,86.6049279736931
Lebanon,LBN,2005,10.14000034,4602.19804637945,80.8512644585314,7.54867649,8.249,76.074,2.291,4671102.0,86.7665156672703
Lebanon,LBN,2006,15.0,4635.2514117486,82.1604427714428,8.66057873,8.679,75.677,2.244,4751136.0,86.9323508787087
Lebanon,LBN,2007,18.74,5125.25809960149,83.4696210843542,8.55984211,8.98,76.732,2.201,4844118.0,87.1024862269079
Lebanon,LBN,2008,22.53,5912.04532820842,84.7787993972656,7.81751728,7.666,76.956,2.172,4925354.0,87.2769743307677
Lebanon,LBN,2009,30.13999939,7090.85493856621,86.087977710177,7.0073576,6.355,77.262,2.191,4992287.0,87.4558678091878
Lebanon,LBN,2010,43.68000031,7625.81051551165,87.3971560230884,7.43864489,6.768,77.529,2.256,5041288.0,87.6392192810679
Lebanon,LBN,2011,52.0,7834.96257108993,88.7063343359999,8.17744446,7.352,77.768,2.32,5096020.0,87.8270813653079
Lebanon,LBN,2012,61.24980164,8406.98405608118,90.0155126489113,7.00420094,7.952,77.941,2.345,5235742.0,88.0195066808075
Lebanon,LBN,2013,70.5,8162.37929361396,91.3246909618227,7.06742191,8.477,78.037,2.361,5743436.0,88.2165478464663
Lebanon,LBN,2014,73.0,7577.6413302369,92.6338692747341,7.52191401,8.84,78.148,2.375,6346990.0,88.4182574811842
Lebanon,LBN,2015,74.0,7714.1099998804,93.9430475876455,7.41596651,9.312,78.275,2.382,6472469.0,88.6246882038608
Lebanon,LBN,2016,76.11000061,8089.012088155,95.2522259005569,7.92344952,9.794,78.306,2.39,6323060.0,88.835892633396
Lebanon,LBN,2017,78.18080139,8608.21084982387,96.5614042134683,7.80357552,10.258,78.192,2.372,6160128.0,89.0519233886895
Lebanon,LBN,2018,80.90000153,9174.53666204759,97.8705825263797,8.07031727,10.755,78.263,2.347,5984119.0,89.272833088641
Lebanon,LBN,2019,81.48120117,8905.88005497437,99.0673793809694,8.68533897,11.301,78.208,2.327,5794594.0,89.4986743521503
Lebanon,LBN,2020,82.0664978,5561.19166950397,99.2,7.48221779,13.252,76.299,2.308,5702398.0,89.729499798117
Lebanon,LBN,2021,82.65599823,4045.37391066234,99.2,4.40006208,12.715,73.65,2.283,5718122.0,89.965362045441
Lebanon,LBN,2022,81.46479797,3654.35845534878,99.2,4.91255951,11.105,78.003,2.263,5744489.0,90.206313713022
Lebanon,LBN,2023,81.7059021,3477.72489842684,99.2,5.57497263,10.985,77.817,2.239,5773493.0,90.4524074197598
Lesotho,LSO,2000,0.211806070361977,442.779545779081,13.9109680595621,5.15633392,16.169,48.783,3.605,2003913.0,19.3273988558381
Lesotho,LSO,2001,0.261150063093855,412.677473676821,15.4957394207867,6.59075689,16.081,47.153,3.63,2000853.0,19.8975236019886
Lesotho,LSO,2002,1.08394313737534,388.92334985135,17.0718164332742,5.8607502,16.079,45.95,3.682,1994679.0,20.4926272688562
Lesotho,LSO,2003,1.53249659019509,583.270036200288,18.6189165343031,5.33754826,16.056,44.921,3.619,1985059.0,21.1231084926925
Lesotho,LSO,2004,2.17552433931097,766.685820928242,20.1519465673748,5.24658537,16.154,44.039,3.508,1971129.0,21.7993659097494
Lesotho,LSO,2005,2.580199957,861.381496414995,21.6703679710685,4.67452669,16.031,43.611,3.428,1953076.0,22.5317981562788
Lesotho,LSO,2006,2.97970818724486,925.467485502842,23.1744368605151,5.40532398,16.054,43.182,3.414,1945063.0,23.3329886243114
Lesotho,LSO,2007,3.44543125970873,861.188420899563,24.6557826139107,7.22251844,15.942,43.66,3.442,1953268.0,24.2187949905661
Lesotho,LSO,2008,3.58,898.482517882593,26.1239917400803,7.66648197,15.851,44.304,3.392,1966541.0,25.1966303659683
Lesotho,LSO,2009,3.72,878.847950537772,27.5788226829742,8.9529829,16.115,45.055,3.309,1980883.0,26.2591028264855
Lesotho,LSO,2010,3.859999895,1119.47557793042,29.020495938413,7.4048481,16.068,46.045,3.25,1996251.0,27.4004815007995
Lesotho,LSO,2011,7.0,1280.73390931581,30.4489318304881,8.99487114,16.115,46.93,3.343,2014009.0,28.6150355175921
Lesotho,LSO,2012,10.0,1217.93071228944,31.8586043360402,9.98601341,15.761,48.235,3.296,2034354.0,29.8970340055453
Lesotho,LSO,2013,15.0,1151.03735837227,33.2568347766841,10.97986031,15.926,49.547,3.283,2056504.0,31.2407460933407
Lesotho,LSO,2014,22.0,1173.5377928819,34.6437079655808,9.98823929,16.066,50.786,3.239,2080089.0,32.6404409096604
Lesotho,LSO,2015,25.0,1121.19851342518,36.0192915871812,9.25280476,16.223,51.83,3.217,2104611.0,34.0903875831861
Lesotho,LSO,2016,32.4538569477365,992.491840678465,37.3835722556357,9.19744301,16.138,52.908,3.18,2130422.0,35.5077950709441
Lesotho,LSO,2017,39.0,1069.36673247542,38.7366301247734,10.52956581,16.379,53.874,3.105,2157110.0,36.5283648068846
Lesotho,LSO,2018,40.79999924,1170.65569702819,40.0785080651777,11.12637329,16.614,54.638,3.016,2183603.0,37.569092747415
Lesotho,LSO,2019,42.301733569273,1082.05706777516,41.4091356196007,21.92373085,16.876,55.249,2.924,2209405.0,38.6040920446259
Lesotho,LSO,2020,43.65750122,918.582574704447,42.7284382834052,10.40836906,18.385,55.133,2.846,2235727.0,39.6329305425532
Lesotho,LSO,2021,45.05670166,1066.58645143823,44.0363729437393,10.66165733,18.214,54.209,2.769,2261542.0,40.6551760851997
Lesotho,LSO,2022,48.06959915,1030.12582947757,45.3328485039477,12.89569187,16.623,56.812,2.716,2286110.0,41.6703965165322
Lesotho,LSO,2023,48.98590088,921.435141557056,46.6178621737328,12.61182117,16.348,57.375,2.694,2311472.0,42.6781596804785
Liberia,LBR,2000,0.0177027057169472,298.485340578945,12.1734894943623,2.69215393,2.018,51.852,5.875,2928117.0,43.7710042955819
Liberia,LBR,2001,0.033812227177592,300.463828598983,12.4677838881013,2.15581036,2.104,53.109,5.774,3015338.0,44.1509656015089
Liberia,LBR,2002,0.0327133071190699,299.536445539621,12.7650839146354,2.16462922,2.222,54.061,5.653,3094782.0,44.566701526991
Liberia,LBR,2003,0.0318689345450327,239.779556677091,13.0649848713731,2.51847482,2.42,53.045,5.547,3119532.0,45.0004573003041
Liberia,LBR,2004,0.0310111848040233,284.140223992458,13.3677053295354,5.90509653,2.424,55.949,5.506,3156892.0,45.4344781497244
Liberia,LBR,2005,0.551400006,287.487333441381,13.6730363587121,6.69497347,2.413,56.765,5.519,3301015.0,45.8510093035277
Liberia,LBR,2006,0.529999971,320.55808618515,14.1158011729766,5.77426577,2.28,57.495,5.53,3490787.0,46.2322959899902
Liberia,LBR,2007,0.551400006,374.211308104278,14.564331528772,4.32884932,2.232,58.147,5.462,3669050.0,46.6104850769043
Liberia,LBR,2008,0.529999971,451.713856283285,15.018343502263,5.99615717,2.221,58.675,5.328,3821003.0,47.1080497871025
Liberia,LBR,2009,2.0,448.386367025545,15.4802745365152,8.98514843,2.241,59.106,5.174,3943028.0,47.6245255922562
Liberia,LBR,2010,2.3,492.252808033724,15.9501173630923,8.43860245,2.266,59.358,5.058,4058890.0,48.1407517057907
Liberia,LBR,2011,2.5,568.087865520004,16.4280907750626,8.58399582,2.211,59.486,4.97,4221178.0,48.6583302770849
Liberia,LBR,2012,2.599999905,638.368751462083,16.9137232016405,7.62987185,2.146,59.785,4.881,4373043.0,49.1773247639526
Liberia,LBR,2013,3.200000048,710.744570927863,17.4074580077978,7.15610409,2.08,59.992,4.749,4470239.0,49.6977986242077
Liberia,LBR,2014,5.409999847,706.714490064507,17.9088071106971,8.09817886,2.079,59.21,4.622,4564293.0,50.2198153156642
Liberia,LBR,2015,10.0,692.590082351257,18.4179781203981,10.38244438,2.557,59.248,4.523,4659431.0,50.7434382961363
Liberia,LBR,2016,15.69999981,714.613063145659,18.9349390175014,9.88514519,3.081,60.483,4.461,4755608.0,51.2687310234384
Liberia,LBR,2017,16.29999924,699.269095727404,19.4591800299081,9.91087437,3.067,60.777,4.396,4848925.0,51.7957569553849
Liberia,LBR,2018,17.27770042,692.203127129794,19.9911366216728,10.43527889,3.058,60.999,4.336,4944726.0,52.3245795497906
Liberia,LBR,2019,19.89579964,658.164180770507,20.5305258325317,8.38325977,3.071,61.232,4.257,5043721.0,52.85526226447
Liberia,LBR,2020,22.91069984,616.787867006715,21.0772995001903,12.90504265,4.102,61.267,4.174,5149463.0,53.3878685572381
Liberia,LBR,2021,26.38229942,667.96610514319,21.631407651363,13.27175999,3.844,61.166,4.089,5259323.0,53.9224618859098
Liberia,LBR,2022,30.38010025,744.617175237387,22.1923063601074,13.58819675,2.956,61.934,4.016,5373294.0,54.4591057083
Liberia,LBR,2023,31.22410011,799.194470229642,22.7604195167576,13.00574875,2.905,62.163,3.95,5493031.0,54.997863482224
Libya,LBY,2000,0.187042622337565,7214.10040377084,91.0645500144262,3.31908512,19.275,70.542,2.906,5305021.0,86.9508513726842
Libya,LBY,2001,0.366533175284228,6312.80030498965,90.9576581822951,3.92571616,19.239,70.653,2.866,5403639.0,87.3194455877457
Libya,LBY,2002,2.24441822165946,3718.29434696755,90.8507663501639,4.73818302,19.281,70.788,2.831,5508410.0,87.6256192750746
Libya,LBY,2003,2.81451798740855,4674.09943200321,90.7438745180328,3.97301245,19.074,70.996,2.797,5619398.0,87.8659880500458
Libya,LBY,2004,3.53283816154549,5773.76333234281,90.6369826859016,3.38328195,18.938,71.21,2.773,5736693.0,88.0371675280346
Libya,LBY,2005,3.91779995,8079.24957329001,90.5300908537705,2.51707149,18.66,71.439,2.765,5858798.0,88.135773324416
Libya,LBY,2006,4.301099777,10048.8480434289,90.4231990216393,2.29996443,18.805,71.632,2.699,5980211.0,88.1599560242948
Libya,LBY,2007,4.72199937850513,11144.9448413435,90.3163071895082,2.41929626,18.771,71.788,2.648,6104380.0,88.1560287475586
Libya,LBY,2008,9.0,13906.1407818125,90.209415357377,2.24441886,19.041,71.936,2.599,6235430.0,88.1474456787109
Libya,LBY,2009,10.80000019,9551.05403869755,90.1025235252459,3.5828805,19.29,72.071,2.556,6366686.0,88.1345825195312
Libya,LBY,2010,14.0,11600.9068649472,89.9956316931147,3.28064442,19.321,72.196,2.603,6497839.0,88.1177139282227
Libya,LBY,2011,14.0,7593.8391525702,89.8887398609836,4.01902008,19.504,69.95,2.646,6343203.0,88.0970458984375
Libya,LBY,2012,15.19999981,14975.8902795144,89.7818480288524,3.95612097,19.03,72.188,2.68,6179328.0,88.0727920532227
Libya,LBY,2013,16.5,11951.7134126011,89.6749561967213,4.97548628,19.311,72.339,2.716,6304628.0,88.0451431274414
Libya,LBY,2014,17.76000023,8926.42074591474,89.5680643645901,5.17777824,19.295,71.3,2.754,6427252.0,88.0142059326172
Libya,LBY,2015,25.0,7458.48917756374,89.461172532459,5.80638647,19.69,71.644,2.711,6531819.0,87.8159103393555
Libya,LBY,2016,35.0,7525.80299308216,89.3542807003278,6.17178679,19.559,71.799,2.673,6632126.0,87.8160056703177
Libya,LBY,2017,47.5,9965.83236729757,89.2473888681967,4.67685318,19.053,72.721,2.626,6738770.0,87.8166729870528
Libya,LBY,2018,47.5,11196.5854810844,89.1404970360656,4.86648417,18.865,73.151,2.581,6849055.0,87.818484275334
Libya,LBY,2019,71.40409851,9963.19489084483,89.0336052039344,5.54773426,19.087,72.941,2.539,6951033.0,87.8220115209342
Libya,LBY,2020,74.35810089,6650.33810585348,88.9267133718033,7.10674047,19.651,72.388,2.507,7045399.0,87.8278267096263
Libya,LBY,2021,77.438797,4935.82787349801,88.8198215396721,6.05457449,19.779,72.062,2.462,7135175.0,87.8365018271835
Libya,LBY,2022,80.64720154,5986.63694851258,88.712929707541,4.74433613,19.238,74.462,2.402,7223805.0,87.8486088593786
Libya,LBY,2023,82.10469818,6026.51518708812,88.6060378754098,7.80515862,18.713,69.339,2.355,7305659.0,87.8647197919848
Liechtenstein,LIE,2000,36.5152298938015,76087.911114202,99.95,,,76.8268292682927,1.57,32645.0,14.9899997711182
Liechtenstein,LIE,2001,45.1168526483592,75067.8001680043,99.95,,,79.2756097560976,1.52,33194.0,14.8957603808328
Liechtenstein,LIE,2002,59.4707106749926,79795.1785891101,99.95,,,79.6365853658537,1.47,33694.0,14.8086674998164
Liechtenstein,LIE,2003,58.8096918372148,90108.3673647008,99.95,,,79.9609756097561,1.36,34079.0,14.7291064332791
Liechtenstein,LIE,2004,64.0074481394199,100280.831356705,99.95,,,81.7707317073171,1.44,34447.0,14.6574624864307
Liechtenstein,LIE,2005,63.37139893,105295.057027611,99.95,,,80.6682926829268,1.49,34753.0,14.594120964481
Liechtenstein,LIE,2006,64.21420288,114167.939211301,99.95,,,80.9487804878049,1.43,35037.0,14.5394671726401
Liechtenstein,LIE,2007,65.0802002,130492.595349517,99.95,,,81.2951219512195,1.42,35262.0,14.4938864161177
Liechtenstein,LIE,2008,70.0,143249.227302093,99.95,,,82.6829268292683,1.43,35473.0,14.4577640001239
Liechtenstein,LIE,2009,75.0,126024.714567466,99.95,,,81.5,1.71,35742.0,14.4314852298684
Liechtenstein,LIE,2010,80.0,141089.812849014,99.95,,,81.8414634146342,1.4,36022.0,14.4154354105611
Liechtenstein,LIE,2011,85.0,158066.369379163,99.95,,,81.7926829268293,1.69,36312.0,14.4099998474121
Liechtenstein,LIE,2012,89.40769958,148842.035144342,99.95,,,82.3829268292683,1.51,36657.0,14.4124545370445
Liechtenstein,LIE,2013,93.80000305,172823.607794648,99.95,5.7494297,,82.2609756097561,1.45,36984.0,14.4201755971624
Liechtenstein,LIE,2014,95.20999908,178735.153020908,99.95,5.63615656,,82.0731707317073,1.59,37248.0,14.4336985145967
Liechtenstein,LIE,2015,96.6411972,167187.15730982,99.95,5.75139189,,82.6560975609756,1.4,37494.0,14.4535587761782
Liechtenstein,LIE,2016,98.09390259,165375.491396259,99.95,5.85200214,,82.2585365853659,1.61,37716.0,14.4802918687379
Liechtenstein,LIE,2017,99.54660034,170547.092298954,99.95,5.67968512,,83.7463414634147,1.44,37962.0,14.5144332791067
Liechtenstein,LIE,2018,,174988.775083446,99.95,5.54688025,,83.0414634146342,1.58,38246.0,14.5565184941154
Liechtenstein,LIE,2019,93.14610291,166907.839305016,99.95,5.78483772,,84.1609756097561,1.48,38563.0,14.6070830005951
Liechtenstein,LIE,2020,94.34999847,164671.093553454,99.95,6.05532694,,81.6585365853659,1.46,38901.0,14.6666622853765
Liechtenstein,LIE,2021,95.56939697,201944.830335076,99.95,5.38460207,,84.4024390243902,1.53,39182.0,14.6989159370696
Liechtenstein,LIE,2022,97.88069916,188055.003235348,99.95,5.64409113,,84.1219512195122,1.47,39493.0,14.6923070071538
Liechtenstein,LIE,2023,98.13230133,206780.590353385,99.95,5.71460724,,84.5951219512195,1.45,39846.0,14.6783761234077
Lithuania,LTU,2000,6.42706749477765,3300.63634928559,84.2628327273275,6.18559313,15.931,72.0195121951219,1.39,3499536.0,66.9768374826555
Lithuania,LTU,2001,7.17935699381369,3532.52787363242,84.7312747207925,6.00193262,16.84,71.6585365853659,1.29,3470818.0,66.9286097501613
Lithuania,LTU,2002,17.69,4148.13091485015,85.1946973431147,6.13477659,13.008,71.7609756097561,1.23,3443067.0,66.8887100219727
Lithuania,LTU,2003,25.91,5507.47434187652,85.6598602645547,6.17724085,12.874,72.0609756097561,1.26,3415213.0,66.7596664428711
Lithuania,LTU,2004,31.23,6734.57487061946,86.1267686788169,5.48347187,10.684,71.9609756097561,1.27,3377075.0,66.6022567749023
Lithuania,LTU,2005,36.22,7857.03148786492,86.614106124964,5.64637566,8.325,71.2536585365854,1.29,3322528.0,66.5784912109375
Lithuania,LTU,2006,43.9,9210.10118229413,87.120025751018,5.85725737,5.78,71.0560975609756,1.33,3269909.0,66.6381530761719
Lithuania,LTU,2007,49.9,12295.1212779366,87.6245897499717,5.75978613,4.25,70.9,1.36,3231294.0,66.7184982299805
Lithuania,LTU,2008,55.22,14955.5345462921,88.1277954949637,6.29010201,5.826,71.8121951219512,1.45,3198231.0,66.7527770996094
Lithuania,LTU,2009,59.76,11854.3711053096,88.6676561367708,7.34499836,13.785,72.9146341463415,1.5,3162916.0,66.7816619873047
Lithuania,LTU,2010,62.12,11829.122609457,89.1941477060659,6.9058671,17.814,73.2682926829268,1.5,3097282.0,66.7712860107422
Lithuania,LTU,2011,63.6399774002179,14261.8433787325,89.7354861346124,6.54017687,15.39,73.5634146341464,1.55,3028115.0,66.7518340055756
Lithuania,LTU,2012,67.2299893276414,14288.1853493139,90.3009705081306,6.30798101,13.365,73.8634146341464,1.6,2989139.0,66.8536758422852
Lithuania,LTU,2013,68.4529,15636.5252586048,90.8648178620678,6.15501022,11.77,73.9146341463415,1.59,2961250.0,67.0092086791992
Lithuania,LTU,2014,72.1335378644566,16446.1647181663,91.4271935305975,6.22244453,10.698,74.5170731707317,1.57,2937253.0,67.1514937628023
Lithuania,LTU,2015,71.3780590101754,14269.8039878287,91.9880821486282,6.47396851,9.12,74.3219512195122,1.63,2911109.0,67.2282485961914
Lithuania,LTU,2016,74.3766455618662,14934.2702840428,92.5491836464928,6.64928818,7.862,74.6707317073171,1.63,2877325.0,67.1894226074219
Lithuania,LTU,2017,77.6152565124514,16800.1510246099,93.1100410366065,6.44472837,7.073,75.4804878048781,1.57,2842639.0,67.1012954711914
Lithuania,LTU,2018,79.7225827680518,19247.2315367967,93.6701055685758,6.46896172,6.147,75.6804878048781,1.53,2819200.0,67.1464742010457
Lithuania,LTU,2019,81.5818683764046,19608.7943945553,94.2289437143384,6.94472647,6.255,76.2829268292683,1.43,2811089.0,67.245735168457
Lithuania,LTU,2020,83.05554724,20428.6478157394,94.786284769893,7.41619062,8.487,75.0292682926829,1.36,2810369.0,67.4254608154297
Lithuania,LTU,2021,86.93054425,23882.8668916753,95.3414364231375,7.73210812,7.112,74.0365853658537,1.36,2808380.0,68.1912117004395
Lithuania,LTU,2022,87.72420219,24946.5724005188,95.8940517663177,7.24367952,5.955,75.6439024390244,1.27,2831639.0,68.2866452426813
Lithuania,LTU,2023,88.50287484,27983.3658256887,96.3848409552758,7.31801939,6.841,77.290243902439,1.18,2871585.0,68.575454583199
Luxembourg,LUX,2000,22.8873279731211,48659.6390968187,97.6901859875283,5.92533875,2.345,77.8731707317073,1.76,436300.0,84.4182155177842
Luxembourg,LUX,2001,36.163422506306,48440.1805564662,97.68316460089,6.38193941,1.805,77.8243902439025,1.66,441525.0,84.8173254067976
Luxembourg,LUX,2002,39.84,53005.731801629,97.6782432463947,6.76099968,2.621,77.9658536585366,1.63,446175.0,85.203425653095
Luxembourg,LUX,2003,54.55,65689.3214536911,97.6734276628199,6.96221447,3.675,77.7268292682927,1.62,451630.0,85.5906295073034
Luxembourg,LUX,2004,65.88,76544.9170868473,97.6687093721814,7.2793355,5.113,79.1219512195122,1.66,458095.0,85.9799097226846
Luxembourg,LUX,2005,70.0,80988.2044869403,97.6641072754687,7.12328196,4.488,79.4317073170732,1.63,465158.0,86.3735649102561
Luxembourg,LUX,2006,72.51,90788.8164271049,97.6595985810241,6.6364212,4.731,79.2878048780488,1.65,472637.0,86.7738936810355
Luxembourg,LUX,2007,78.92,107475.320297978,97.6551965026452,6.15803099,4.065,79.3829268292683,1.61,479993.0,87.1831946460401
Luxembourg,LUX,2008,82.23,120422.137934157,97.6508653485568,6.23101091,5.06,80.5390243902439,1.61,488650.0,87.6037664162874
Luxembourg,LUX,2009,87.31,109419.746953106,97.646673581353,6.94993162,5.194,80.6365853658537,1.59,497783.0,88.0379076027949
Luxembourg,LUX,2010,90.62,110885.991378721,97.642561725648,6.66263008,4.423,80.6317073170732,1.63,506953.0,88.48791681658
Luxembourg,LUX,2011,90.0298585646936,119025.057203467,97.6385453220137,5.95225334,5.122,80.9878048780488,1.52,518347.0,88.9562814837254
Luxembourg,LUX,2012,91.9499237417387,112584.676270958,97.6347032194608,5.29404306,5.03,81.3926829268293,1.57,530946.0,89.4405768017292
Luxembourg,LUX,2013,93.7765,120000.140729859,97.6310682676105,5.23557377,6.045,81.8,1.55,543360.0,89.9413746679705
Luxembourg,LUX,2014,94.6702052774766,123678.706919314,97.6276041187324,5.23040915,6.044,82.2292682926829,1.5,556319.0,90.4577807676859
Luxembourg,LUX,2015,96.3767141704759,105462.012584423,97.6243035577451,5.08113575,6.796,82.2926829268293,1.47,569604.0,90.9893679353068
Luxembourg,LUX,2016,98.1366986657616,106899.293549552,97.6211680150003,5.07103872,6.669,82.6853658536585,1.41,582014.0,91.5357090052649
Luxembourg,LUX,2017,97.3629603241751,110193.213797228,97.618188396035,5.13535357,5.523,82.0951219512195,1.39,596336.0,92.0963768119916
Luxembourg,LUX,2018,97.061298705829,116926.759593905,97.6153595742426,5.27355194,5.589,82.2951219512195,1.38,607950.0,92.6709441899184
Luxembourg,LUX,2019,97.120635693272,112696.649059674,97.6126777405437,5.46640301,5.592,82.6390243902439,1.34,620001.0,93.2589839734767
Luxembourg,LUX,2020,98.45962893,116860.02817236,97.6101288941599,5.7671175,6.766,82.1439024390244,1.36,630419.0,93.8600689970981
Luxembourg,LUX,2021,98.66086333,134965.815442152,97.6077017276341,5.60806084,5.571,82.5975609756098,1.38,640064.0,94.5861743396533
Luxembourg,LUX,2022,98.24203749,123719.658915996,97.6053918019199,5.60926914,4.588,82.9463414634147,1.31,653103.0,94.7605400940185
Luxembourg,LUX,2023,99.34785707,133230.619178899,97.6032304799558,5.78777981,5.184,83.309756097561,1.25,666430.0,94.8015300320787
"Macao SAR, China",MAC,2000,13.6085897418451,15731.4081633771,100.0,,6.874,80.1829268292683,0.933,430600.0,99.9957926704194
"Macao SAR, China",MAC,2001,22.5212167700561,15810.7227666562,100.0,,6.371,80.5878048780488,0.818,433900.0,99.9998984128371
"Macao SAR, China",MAC,2002,25.1718801643395,16814.9926424134,100.0,,6.278,80.9463414634146,0.813,438400.0,100.0
"Macao SAR, China",MAC,2003,25.7421239826498,18589.8998330534,100.0,,5.995,81.0439024390244,0.837,443600.0,100.0
"Macao SAR, China",MAC,2004,31.4840973824121,23407.1993692194,100.0,,4.904,80.9926829268293,0.855,454700.0,100.0
"Macao SAR, China",MAC,2005,34.86289978,25681.2167315221,100.0,,4.158,81.3414634146341,0.912,473500.0,100.0
"Macao SAR, China",MAC,2006,46.4,29813.7877167933,100.0,,3.822,81.7292682926829,0.954,498900.0,100.0
"Macao SAR, China",MAC,2007,47.32699966,35400.2334659409,100.0,,3.269,81.7292682926829,1.008,520900.0,100.0
"Macao SAR, China",MAC,2008,49.24,38888.5118044503,100.0,,2.999,82.0268292682927,0.979,540700.0,100.0
"Macao SAR, China",MAC,2009,54.0,40354.2810293673,100.0,,3.58,82.1756097560976,1.004,535000.0,100.0
"Macao SAR, China",MAC,2010,55.198,52596.2250160214,100.0,,2.84,82.2731707317073,1.07,537000.0,100.0
"Macao SAR, China",MAC,2011,60.2036967182195,67046.7284292101,100.0,,2.56,82.4707317073171,1.15,549600.0,100.0
"Macao SAR, China",MAC,2012,61.31,76058.0224963659,100.0,,1.97,82.4707317073171,1.357,567900.0,100.0
"Macao SAR, China",MAC,2013,65.8,87107.8313063626,100.0,,1.82,82.7219512195122,1.15,591900.0,100.0
"Macao SAR, China",MAC,2014,69.7809492200465,88355.3181764446,100.0,,1.67,83.0219512195122,1.224,621700.0,100.0
"Macao SAR, China",MAC,2015,77.6001318608868,69902.9605741233,100.0,,1.81,83.2243902439024,1.142,642900.0,100.0
"Macao SAR, China",MAC,2016,81.6429854646415,68911.6755919628,100.0,,1.939,83.2756097560976,1.138,652500.0,100.0
"Macao SAR, China",MAC,2017,83.1740890688259,77570.9876166977,100.0,,1.981,83.5268292682927,1.021,648400.0,100.0
"Macao SAR, China",MAC,2018,83.7940896091516,83588.2875009014,100.0,,1.803,83.6780487804878,0.915,658900.0,100.0
"Macao SAR, China",MAC,2019,86.4679257062588,81882.6964523869,100.0,,1.73,83.9292682926829,0.899,672000.0,100.0
"Macao SAR, China",MAC,2020,87.46230316,36883.6652578543,100.0,,2.542,84.1292682926829,0.841,685400.0,100.0
"Macao SAR, China",MAC,2021,88.46810492,44884.8961602393,100.0,,2.221,83.7292682926829,0.756,682500.0,100.0
"Macao SAR, China",MAC,2022,89.48549652,36806.891255461,100.0,,2.446,83.0804878048781,0.68,677300.0,100.0
"Macao SAR, China",MAC,2023,89.82640076,67216.3631112124,100.0,,2.206,83.1804878048781,0.586,678800.0,100.0
Madagascar,MDG,2000,0.196394691006341,280.282905559649,3.82452281975997,3.99177623,5.8,57.974,5.665,16516338.0,25.0095755608264
Madagascar,MDG,2001,0.222511586178292,319.283278235657,4.27623527366861,4.11513853,5.35,58.674,5.528,17032939.0,25.3079943968146
Madagascar,MDG,2002,0.339720154596142,304.941777398445,4.72902485932566,4.92866945,5.515,59.17,5.412,17549913.0,25.6037489918904
Madagascar,MDG,2003,0.423252419277809,352.620095849925,5.18344484506749,5.00276566,5.01,59.693,5.329,18071854.0,25.8967668078478
Madagascar,MDG,2004,0.525353654946669,272.20074858856,5.63879503752012,5.25090027,3.951,60.168,5.264,18606608.0,26.1869753064804
Madagascar,MDG,2005,0.567700028,305.812074924388,6.12117413127887,5.21557808,2.62,60.664,5.195,19159707.0,26.4743019495822
Madagascar,MDG,2006,0.607599974,324.146874882604,6.60626042533301,5.07203865,2.945,61.14,5.133,19730909.0,26.7586741989468
Madagascar,MDG,2007,0.649999976,419.548001431865,7.09404608313975,4.60865784,3.202,61.533,5.083,20318583.0,27.0400195163682
Madagascar,MDG,2008,1.649999976,512.579800058444,7.58477414006482,4.08111811,3.431,61.992,5.043,20923840.0,27.31826536364
Madagascar,MDG,2009,1.629999995,446.315238370592,8.07809172690129,4.38469839,3.885,62.304,5.003,21547280.0,27.5933392025561
Madagascar,MDG,2010,1.700000048,450.009391645726,8.57423264106828,4.69762659,4.28,62.597,4.896,22183340.0,27.8651684949103
Madagascar,MDG,2011,1.899999976,506.163691559309,9.07317377918647,4.521595,2.516,62.86,4.737,22822300.0,28.1336807024963
Madagascar,MDG,2012,2.299999952,493.511162904211,9.57497737668474,3.91105914,0.599,63.007,4.613,23462438.0,28.3988032871081
Madagascar,MDG,2013,3.0,515.301589361832,10.0796108433394,3.75156307,0.995,63.161,4.527,24109290.0,28.6604637105393
Madagascar,MDG,2014,3.700000048,505.684922503435,10.5872297277492,4.46240282,1.385,63.261,4.421,24764348.0,28.9185894345838
Madagascar,MDG,2015,4.173999786,445.320069480568,11.0976984755033,5.0062542,1.785,63.362,4.335,25426702.0,29.1731079210354
Madagascar,MDG,2016,4.713699818,453.970714522463,11.6111708038341,5.33248854,1.949,63.431,4.285,26099952.0,29.4239466316878
Madagascar,MDG,2017,6.406000137,491.866848718929,12.1276026442495,4.80225945,2.123,63.433,4.259,26788375.0,29.671033028335
Madagascar,MDG,2018,7.747799873,500.45718552916,12.647045200372,4.22160387,2.303,63.491,4.246,27494926.0,29.9181125346909
Madagascar,MDG,2019,9.379400253,499.818837622534,13.1693375483997,3.10129309,2.479,63.504,4.221,28219554.0,30.3046972370204
Madagascar,MDG,2020,11.35470009,450.771615205157,13.6947390405503,3.72316122,3.292,62.706,4.17,28953556.0,30.7019474167548
Madagascar,MDG,2021,13.74590015,483.469463351195,14.2229663442332,3.55335546,3.498,62.516,4.104,29691083.0,31.1137123216036
Madagascar,MDG,2022,17.81170082,504.059106969168,14.7542849047499,3.14948058,3.186,63.068,4.036,30437261.0,31.5397813465886
Madagascar,MDG,2023,18.24080086,514.064076551927,15.2883891812498,3.42822957,3.044,63.632,3.972,31195932.0,31.9799438860946
Malawi,MWI,2000,0.126780944756387,224.22415918428,9.3511917456521,2.35247517,5.045,46.17,6.002,11315942.0,14.6770603287659
Malawi,MWI,2001,0.164020725330811,215.474524898357,9.35302758911489,2.06040049,5.221,47.205,5.943,11593058.0,14.780400724713
Malawi,MWI,2002,0.21509472652259,428.210439838398,9.35480608724583,2.69725966,5.248,48.176,5.903,11880440.0,14.8722487440558
Malawi,MWI,2003,0.278815116302304,383.348596852642,9.35670106577719,3.32019806,5.165,49.601,5.875,12181574.0,14.9551384691108
Malawi,MWI,2004,0.347505334967577,404.674248445428,9.35853844568126,4.07199907,4.964,51.073,5.864,12500737.0,15.0316039821946
Malawi,MWI,2005,0.384499997,414.361121984475,11.6430173155279,4.30046511,4.935,52.469,5.848,12840031.0,15.1041793656241
Malawi,MWI,2006,0.425099999,440.822149023873,13.9195182666637,4.91223288,4.954,53.652,5.802,13198701.0,15.1753987017157
Malawi,MWI,2007,0.965864736553132,475.180261659331,16.1881872542677,5.44258356,4.876,54.687,5.724,13576343.0,15.2477960727861
Malawi,MWI,2008,0.7,554.048820396119,18.4488656297589,6.10668802,4.796,55.715,5.609,13976417.0,15.3238029928378
Malawi,MWI,2009,1.07,625.869729869625,20.7030011916433,5.87333822,4.732,56.714,5.453,14395788.0,15.4015312766848
Malawi,MWI,2010,2.26,683.124694716799,22.950220782325,5.14304781,4.78,57.787,5.263,14826463.0,15.4776969380518
Malawi,MWI,2011,3.33,763.061000394572,25.1902507973083,5.32226658,4.829,58.859,5.083,15265022.0,15.5523153908723
Malawi,MWI,2012,4.350599766,558.46208832772,27.4226021008412,6.02199793,4.949,59.87,4.902,15709577.0,15.6253133040464
Malawi,MWI,2013,5.050000191,496.947368267313,29.6470619671529,8.22379494,4.978,60.816,4.759,16161816.0,15.6966173464742
Malawi,MWI,2014,5.829999924,529.5133440206,31.8630595478382,6.89776182,4.967,61.651,4.569,16621538.0,15.766154187056
Malawi,MWI,2015,6.0,539.605363240686,34.0704035850355,6.62879086,4.953,62.324,4.384,17085587.0,15.8338504946918
Malawi,MWI,2016,6.300000191,450.506105510719,36.2684898070789,7.72703791,5.011,63.163,4.216,17557739.0,15.899632938282
Malawi,MWI,2017,7.0,495.769683367165,38.4570661478088,7.58438921,5.046,63.914,4.113,18039715.0,15.9634281867266
Malawi,MWI,2018,8.798299789,533.202567189331,40.6356741988533,6.88249922,5.021,64.464,4.021,18528081.0,16.0221486554255
Malawi,MWI,2019,11.05860043,580.889139762475,42.8038384563156,6.37021732,4.964,64.995,3.952,19025752.0,16.1383746619001
Malawi,MWI,2020,13.89949989,602.507478176106,44.9611479828173,7.03859568,5.72,65.216,3.877,19533888.0,16.2961471756409
Malawi,MWI,2021,15.30300045,617.446994451007,47.1071277327455,7.5164628,5.652,64.782,3.791,20047258.0,16.4881925800694
Malawi,MWI,2022,16.84830093,604.269740360317,49.2412879464451,6.62527609,5.02,66.037,3.72,20568728.0,16.7146031979436
Malawi,MWI,2023,17.98810346,633.214767978695,49.23687867184,6.53459597,5.009,67.353,3.648,21104482.0,16.9748746665356
Malaysia,MYS,2000,21.3847311644538,4083.52874483605,93.0900303093071,2.51463366,3.0,72.732,2.942,22967816.0,61.9694564490726
Malaysia,MYS,2001,26.6959725007084,3943.79943910239,93.271833713747,2.6753974,3.53,73.08,2.807,23526538.0,63.0180877676224
Malaysia,MYS,2002,32.3382043389359,4184.03163773539,93.4499785457309,2.66876554,3.48,73.469,2.658,24102477.0,64.056368465184
Malaysia,MYS,2003,34.9711523397291,4465.32194567208,93.6245544667529,2.92417073,3.61,73.727,2.601,24679602.0,65.0750932867555
Malaysia,MYS,2004,42.2522656295248,4939.24851854427,93.7956145310405,2.86016941,3.54,74.027,2.493,25256772.0,66.0647889111941
Malaysia,MYS,2005,48.6291702459839,5555.58179951206,93.9630919319295,2.78692698,3.53,74.37,2.391,25836071.0,67.0159820173565
Malaysia,MYS,2006,51.6379889864403,6158.40785533236,94.1271404616595,3.10897732,3.32,74.697,2.308,26417909.0,67.9191992840997
Malaysia,MYS,2007,55.7,7168.93031942508,94.287803077426,3.07041144,3.31,74.961,2.252,26998389.0,68.7649673902807
Malaysia,MYS,2008,55.8,8371.82156086005,94.4451244256703,3.00692558,3.34,75.151,2.262,27570059.0,69.5438130147565
Malaysia,MYS,2009,55.9,7191.43287234626,94.5991098396151,3.2610569,3.62,75.269,2.223,28124778.0,70.2462628363839
Malaysia,MYS,2010,56.3,8899.34505544675,94.7498776690501,3.16474271,3.32,75.376,2.144,28655776.0,70.8625314831025
Malaysia,MYS,2011,61.0,10217.1068585031,94.8950271076726,3.31451917,3.05,75.488,2.153,29162039.0,71.4245166681964
Malaysia,MYS,2012,65.8,10600.5744240026,95.0372152977718,3.45786357,3.04,75.552,2.117,29662831.0,71.9680127926087
Malaysia,MYS,2013,57.05751226,10713.6407638899,95.1769234434239,3.51276922,3.14,75.464,2.07,30174265.0,72.4882717118078
Malaysia,MYS,2014,63.6654258813225,11013.3107334403,95.314250824297,3.71036959,2.88,75.345,2.058,30696137.0,72.9802206910773
Malaysia,MYS,2015,71.0640678111957,9648.6797937523,95.4491928177034,3.82201481,3.1,75.288,2.008,31232798.0,73.4387869957006
Malaysia,MYS,2016,78.7883099275229,9476.53409809923,95.5818387511704,3.70085335,3.44,75.371,1.942,31789685.0,73.8588978909614
Malaysia,MYS,2017,80.1404790103961,9862.54806612235,95.7121393469454,3.71472311,3.41,75.542,1.893,32355644.0,74.2354806421432
Malaysia,MYS,2018,81.2010486181174,10901.8019954421,95.8087179177358,3.75944281,3.3,75.734,1.838,32910967.0,74.5634625145296
Malaysia,MYS,2019,84.1871450078281,10920.191763972,95.93567943551,3.83991051,3.33,75.9,1.777,33440596.0,74.8377707734042
Malaysia,MYS,2020,89.55501192,9957.52626697613,95.9966449391973,4.08254337,4.54,76.057,1.68,33889558.0,75.0511895575672
Malaysia,MYS,2021,96.7514278,10903.1037480772,96.0173467621383,4.37438345,4.64,73.917,1.555,34282399.0,75.5088628191907
Malaysia,MYS,2022,97.3986404,11754.5678336248,96.0182636272288,3.90037823,3.93,75.444,1.55,34695493.0,75.9741357073003
Malaysia,MYS,2023,97.69272633,11386.0395636528,96.0191440152349,3.95760036,3.858,76.657,1.55,35126298.0,76.4434752105739
Maldives,MDV,2000,2.2038729393788,2213.81235053178,76.1204180921548,7.73655844,1.97,70.892,2.691,282019.0,27.6038586493758
Maldives,MDV,2001,3.61729064930367,3033.93234507036,77.3138917274855,8.21364975,3.038,71.659,2.532,286767.0,28.5499181889238
Maldives,MDV,2002,5.3477651689359,3076.07007160101,78.4909414521848,8.78440189,4.094,72.36,2.425,291616.0,29.8881681908815
Maldives,MDV,2003,5.97659284988557,3548.5767011056,79.6500594890905,6.77857542,5.126,73.263,2.342,296491.0,31.3913356462169
Maldives,MDV,2004,6.58825487530861,4070.2609459446,80.7906424264184,7.48356962,6.151,73.008,2.262,301413.0,32.8541942827704
Maldives,MDV,2005,6.86960506696215,3796.51546524644,81.9107386991057,8.82753372,7.313,74.785,2.199,306429.0,34.0715178283824
Maldives,MDV,2006,11.0363527828647,5018.94335409159,82.9678419611105,8.04819012,8.345,75.256,2.204,313851.0,34.8678636610379
Maldives,MDV,2007,16.3,5758.10286933053,83.8983717139846,8.30568123,9.421,75.711,2.293,324479.0,35.4340781469745
Maldives,MDV,2008,23.2,6757.43280929292,84.9631631924184,11.47104168,10.361,75.999,2.371,336170.0,35.9335121678807
Maldives,MDV,2009,24.8,6734.03165601895,86.0231687446511,10.0928812,11.697,76.371,2.39,348275.0,36.3718272129661
Maldives,MDV,2010,26.53,7173.59601844692,87.0784721184559,8.48758984,10.875,76.756,2.349,360792.0,36.7646137762553
Maldives,MDV,2011,34.0,7424.520410971,88.128993363051,7.92251587,10.043,77.141,2.307,373674.0,37.1274623517731
Maldives,MDV,2012,38.93009949,7461.29703686309,89.1747640869776,8.67304802,9.134,77.512,2.254,386818.0,37.475963433544
Maldives,MDV,2013,44.09999847,8236.08177944126,90.2153433449242,8.15509319,8.295,77.847,2.174,400070.0,37.8257075155926
Maldives,MDV,2014,49.27999878,8939.07416571472,91.250996049753,7.91345072,7.461,78.187,2.089,413617.0,38.1938859868107
Maldives,MDV,2015,54.4620018,9644.90655028145,92.2815312224762,8.68310642,6.611,78.607,2.004,428154.0,38.5771510715291
Maldives,MDV,2016,59.47750092,9947.80744731739,93.3068469398135,10.23337078,5.771,78.913,1.903,443308.0,38.9560872317815
Maldives,MDV,2017,64.95500183,10509.628805812,94.3268032321981,9.14948273,5.377,79.228,1.798,458287.0,39.32787719143
Maldives,MDV,2018,70.93689728,11423.2838427029,95.3413870915622,7.2940383,4.962,79.433,1.71,473099.0,39.6923354428279
Maldives,MDV,2019,77.46970367,11740.2724029785,96.3505180491116,7.50238085,4.562,79.707,1.64,487731.0,40.0492764783282
Maldives,MDV,2020,79.09780121,7393.8886543933,97.1213636398167,11.43943214,5.42,78.713,1.613,502118.0,40.3985147902839
Maldives,MDV,2021,81.95760345,10176.143882547,97.8641004075029,8.85169506,5.016,78.052,1.599,516154.0,40.7398648710483
Maldives,MDV,2022,83.91189054,11786.0191492983,98.5962212934826,7.4997015,4.303,80.76,1.583,524106.0,41.0641769690663
Maldives,MDV,2023,84.55290222,12587.6126038651,99.3176875376915,9.24973583,4.019,81.041,1.575,525994.0,41.5096832933973
Mali,MLI,2000,0.142545755049184,304.652870189314,17.3336177697569,5.4663372,1.412,50.605,6.886,11559290.0,18.977631037325
Mali,MLI,2001,0.185897413256084,346.224554248587,18.5366288294077,4.51952076,1.332,51.3,6.852,11912158.0,19.3181950112665
Mali,MLI,2002,0.2270455784917,378.191678628068,19.7478525761063,4.99775982,1.36,51.995,6.819,12288050.0,19.6792980362731
Mali,MLI,2003,0.310364443230575,441.910358475171,20.9666083854735,5.05061436,1.272,52.632,6.783,12684955.0,20.0594231247985
Mali,MLI,2004,0.432819639900985,495.006294675661,22.193273656424,5.21768713,1.413,53.253,6.741,13102409.0,20.4570532892964
Mali,MLI,2005,0.507099986,548.730382848879,23.4264099806876,5.19517279,1.367,53.792,6.708,13538647.0,20.8706715422205
Mali,MLI,2006,0.729600012,586.985415512593,24.6671660825145,5.4559021,1.395,54.305,6.677,13990139.0,21.2987608960246
Mali,MLI,2007,0.81,670.853394978069,25.9143828499992,5.2530427,1.372,54.756,6.647,14457775.0,21.7398043631622
Mali,MLI,2008,1.57,767.194838946144,27.1686715784898,5.02688074,1.383,55.187,6.624,14940782.0,22.1922849560871
Mali,MLI,2009,1.799999952,787.48256428259,28.4286615146563,5.21225691,1.406,55.588,6.592,15435539.0,22.6557955217884
Mali,MLI,2010,2.0,797.151541141189,29.6932856424804,4.67867136,1.375,55.993,6.579,15945198.0,23.1359461824894
Mali,MLI,2011,2.2,938.292902579598,30.9622372812507,4.01485014,1.403,56.367,6.545,16469049.0,23.6379674039304
Mali,MLI,2012,2.799999952,872.506092463946,32.2352227048023,3.7521801,1.462,56.696,6.523,16957033.0,24.1606168848588
Mali,MLI,2013,3.5,901.920957649814,33.5119596461235,3.96408582,1.517,57.052,6.491,17459615.0,24.7033626854883
Mali,MLI,2014,7.0,947.915033293219,34.7924079704944,4.48158312,1.476,57.482,6.441,18020267.0,25.2656728660325
Mali,MLI,2015,10.32999992,838.11986940103,36.0760821566718,4.11143351,1.404,57.852,6.385,18593022.0,25.847015486705
Mali,MLI,2016,14.0,872.468587171653,37.3629585814102,3.77377558,1.367,58.286,6.319,19191289.0,26.4468586077195
Mali,MLI,2017,18.89999962,924.057531692284,38.6530201870083,3.67425752,1.498,58.562,6.251,19813011.0,27.0646702892896
Mali,MLI,2018,21.39999962,996.379292136901,39.9458152875809,3.73251104,1.62,58.873,6.118,20442030.0,27.6999185916288
Mali,MLI,2019,24.96030045,971.949318638092,41.2415636688459,3.82943797,3.29,59.217,5.892,21068405.0,28.3520715749509
Mali,MLI,2020,29.11300087,953.242943290974,42.5396302417606,3.50623369,3.528,58.858,5.85,21713836.0,29.0205972994693
Mali,MLI,2021,33.95650101,1027.27345365357,43.8404477380485,3.54318666,4.006,59.116,5.779,22388630.0,29.7049638253978
Mali,MLI,2022,35.19919968,976.914116406452,45.1434215383033,3.72170115,2.387,60.035,5.692,23072640.0,30.4015705681899
Mali,MLI,2023,36.03879929,1042.44223444837,46.4485840749361,3.81316996,2.947,60.439,5.614,23769127.0,31.0031889023235
Malta,MLT,2000,13.1137087111024,10348.485765125,99.9492010508807,6.62621355,6.324,78.3487804878049,1.68,390087.0,93.278338811526
Malta,MLT,2001,17.8778483243348,10357.7026407269,99.9490461275994,7.0297122,7.107,78.8439024390244,1.48,393028.0,93.3621924014528
Malta,MLT,2002,28.92,11251.2024877398,99.9488990899102,7.73333311,6.902,78.7390243902439,1.45,395969.0,93.4431095912187
Malta,MLT,2003,31.64,13593.9787182902,99.9487652290629,7.93917513,7.488,78.5463414634146,1.48,398582.0,93.5241031580205
Malta,MLT,2004,34.62,15212.1312964883,99.9486253040546,8.03966808,7.317,79.2536585365854,1.4,401268.0,93.6081858790552
Malta,MLT,2005,41.24,15831.3439802756,99.9484979431454,8.69497585,6.923,79.3,1.38,403834.0,93.6985189936163
Malta,MLT,2006,40.41,16653.6038312389,99.9484166203892,8.84659672,6.798,79.4390243902439,1.36,405308.0,93.7986874969541
Malta,MLT,2007,46.9,19444.1743635565,99.9483801402341,8.18593979,6.472,79.7926829268293,1.35,406724.0,93.9118231189546
Malta,MLT,2008,50.08,22405.6426266551,99.9483390179808,7.82490158,5.977,79.6365853658537,1.43,409379.0,94.0294765354989
Malta,MLT,2009,58.86,21261.5428699817,99.948299467383,7.88854265,6.896,80.2414634146342,1.42,412477.0,94.1423744490362
Malta,MLT,2010,63.0,21946.6073066905,99.9482592767257,7.89857197,6.861,81.3975609756098,1.36,414508.0,94.2412435620154
Malta,MLT,2011,68.0198237885462,23516.972445816,99.9529309076339,8.31816673,6.388,80.7463414634146,1.45,416268.0,94.3155916422812
Malta,MLT,2012,68.1998742928975,22878.3095862582,99.9576050642504,8.24921417,6.203,80.7463414634146,1.42,420028.0,94.3626256493653
Malta,MLT,2013,68.9138,25415.5525389054,99.9622878778312,8.30319595,6.115,81.7463414634146,1.36,424810.0,94.3906567856206
Malta,MLT,2014,73.1141157845193,27424.5693619702,99.9669760572969,8.88463974,5.737,81.8951219512195,1.38,433481.0,94.412512773898
Malta,MLT,2015,75.9600189752747,25529.6693210673,99.9716734306493,8.70199776,5.389,81.7975609756098,1.37,444220.0,94.4387696268011
Malta,MLT,2016,78.0751488032182,26459.0644285369,99.9763785453032,8.69928074,4.694,82.3536585365854,1.37,454505.0,94.4800033569336
Malta,MLT,2017,81.0119110762945,30317.2611769875,99.9810896682043,8.31366253,4.008,82.1951219512195,1.26,467106.0,94.5691806330314
Malta,MLT,2018,81.6580442928014,33382.280781103,99.9858051675868,8.11269569,3.956,82.2487804878049,1.23,483903.0,94.7242373261706
Malta,MLT,2019,85.7785963798031,32421.9087471186,99.9905343490211,8.89282227,4.08,82.6585365853659,1.14,503912.0,94.9332032524644
Malta,MLT,2020,86.85876183,31823.422001724,99.9952644133915,9.85403538,4.856,82.0975609756098,1.14,515490.0,95.1841082280263
Malta,MLT,2021,87.46977742,38078.0064279067,99.9999977128228,9.52782059,3.754,82.2585365853659,1.13,518150.0,95.5145343617045
Malta,MLT,2022,91.54062209,35658.8318250199,99.9999984486759,9.09105396,3.471,82.2975609756098,1.08,531113.0,95.6003155132879
Malta,MLT,2023,92.07266941,40932.5238774461,100.0,8.84301376,3.479,83.3560975609756,1.06,552747.0,95.6272277147965
Marshall Islands,MHL,2000,1.53427179624871,2264.79114897645,74.7275535409277,13.52467632,,63.323,4.695,50706.0,68.2755984422337
Marshall Islands,MHL,2001,1.7066140776699,2394.34501105178,74.8983706314678,11.18965435,,63.735,4.583,51123.0,68.6170787509313
Marshall Islands,MHL,2002,2.33544457522934,2566.06708799222,75.0678760410401,12.06634617,,63.848,4.488,51425.0,69.0380806209326
Marshall Islands,MHL,2003,2.5697503671072,2539.3307383954,75.2357419905979,13.3324337,,63.956,4.418,51639.0,69.5231265029735
Marshall Islands,MHL,2004,3.59977681383754,2566.08291015814,75.4019644335075,14.15128136,,64.044,4.34,51791.0,70.0567388477898
Marshall Islands,MHL,2005,3.8787023977433,2658.65217893885,75.7826662619326,18.45293236,,64.112,4.276,51906.0,70.6234401061174
Marshall Islands,MHL,2006,3.79559021427832,2754.26988767503,76.0448233755654,22.29854774,,64.207,4.197,51992.0,71.2077527286922
Marshall Islands,MHL,2007,3.950000048,2892.28403958874,76.2960646332462,16.82522392,,64.259,4.09,52035.0,71.7941991662501
Marshall Islands,MHL,2008,4.599999905,2817.60522775322,76.5371074289025,18.97963715,,64.3,3.967,52030.0,72.3673018695269
Marshall Islands,MHL,2009,5.599999905,2906.63026970914,76.7672035221088,18.7292881,,64.395,3.83,52019.0,72.9115832892586
Marshall Islands,MHL,2010,7.0,3095.45768964722,76.987068031911,17.73354912,,64.498,3.673,52044.0,73.4115658761809
Marshall Islands,MHL,2011,10.0,3319.39815439151,77.1968326186549,11.35905361,,64.641,3.527,51907.0,73.8553711172585
Marshall Islands,MHL,2012,12.5,3514.26515490383,77.3953434668074,11.66154385,,64.776,3.382,51419.0,74.2705132518924
Marshall Islands,MHL,2013,14.0,3677.90690791421,77.5823878699737,12.13685322,,64.954,3.247,50681.0,74.6790601806083
Marshall Islands,MHL,2014,16.79999924,3735.23977829545,77.7587559493787,12.04489326,,65.11,3.18,49796.0,75.0790555372177
Marshall Islands,MHL,2015,19.28240013,3764.34426229508,77.9244886482311,14.78209972,,65.292,3.131,48800.0,75.4702568207363
Marshall Islands,MHL,2016,29.78779984,4229.80988911945,78.0801139470474,14.62816238,,65.477,3.091,47709.0,75.8524215301796
Marshall Islands,MHL,2017,38.70119858,4592.83457628576,78.2256974121697,12.02498436,,65.673,3.064,46529.0,76.2253071645634
Marshall Islands,MHL,2018,43.88249969,4858.12079054875,78.3619174334576,14.46723938,,65.87,3.038,45285.0,76.5886712229035
Marshall Islands,MHL,2019,49.75749969,5292.33985502306,78.488659643571,14.98994541,,66.047,3.012,44007.0,76.9422712042154
Marshall Islands,MHL,2020,56.41910172,5661.96787336674,78.6065823369048,12.12413406,,65.387,2.989,42706.0,77.285864607515
Marshall Islands,MHL,2021,63.97259903,6315.31172190393,78.7159193807723,12.49257088,,65.421,2.964,41367.0,77.6163157431143
Marshall Islands,MHL,2022,64.26719666,6455.6603538189,78.8167730658642,13.60796833,,66.725,2.936,40077.0,77.9855966195187
Marshall Islands,MHL,2023,64.07589722,6799.39217554794,78.9094220356239,13.40528965,,66.945,2.919,38827.0,78.3593928884282
Mauritania,MRT,2000,0.192031462434805,680.911061879778,18.1529733941699,3.37824655,10.03,61.044,5.456,2613441.0,38.0555858542174
Mauritania,MRT,2001,0.261448551967195,651.817840199777,19.3093273656577,3.5718379,10.132,61.662,5.407,2678760.0,38.1070763150421
Mauritania,MRT,2002,0.363229414608579,648.879643934862,20.5759918023257,4.00224972,10.201,62.249,5.373,2738655.0,38.3900378438208
Mauritania,MRT,2003,0.424004895843197,732.017820812675,21.8519258918573,4.03254652,9.911,62.805,5.364,2802046.0,38.8866922319919
Mauritania,MRT,2004,0.481470438230954,823.554457141893,23.1372199810227,3.70429492,9.77,63.369,5.374,2868664.0,39.5685575664461
Mauritania,MRT,2005,0.670000017,998.96583416747,24.4309798679279,3.40312648,9.59,63.92,5.376,2939059.0,40.407151934074
Mauritania,MRT,2006,0.979700029,1300.60367988659,25.9997164897389,2.70252752,9.313,64.493,5.404,3013660.0,41.3739934217664
Mauritania,MRT,2007,1.433599949,1405.15016203368,27.6037678904985,2.87644005,9.482,64.885,5.426,3093059.0,42.4406001164139
Mauritania,MRT,2008,1.870000005,1635.5630623124,29.2444593327866,3.01338983,9.715,65.233,5.436,3183269.0,43.5784901049073
Mauritania,MRT,2009,2.279999971,1435.43010811893,30.9205985186658,3.11034036,10.214,65.485,5.406,3284448.0,44.7591814741371
Mauritania,MRT,2010,4.0,1659.96369705455,32.634513910578,2.63618922,10.093,65.661,5.384,3390965.0,45.9541923109942
Mauritania,MRT,2011,4.5,1931.19975525465,34.3867695026877,2.47383666,9.976,65.754,5.38,3502811.0,47.1350407023691
Mauritania,MRT,2012,5.0,1859.11733247641,36.1778963960657,2.64919329,9.864,65.808,5.352,3619034.0,48.2732447351525
Mauritania,MRT,2013,6.199999809,1936.26950446101,38.0075543396616,2.86799884,9.926,65.89,5.317,3734318.0,49.3553973225913
Mauritania,MRT,2014,11.80000019,1718.97089374709,39.8731407401327,3.46724391,10.026,66.207,5.261,3848514.0,50.4694791226856
Mauritania,MRT,2015,17.60000038,1558.84205473416,41.7742652183786,3.67363763,10.104,66.498,5.211,3965959.0,51.6680350049622
Mauritania,MRT,2016,19.23279953,1568.00551190332,43.7104270690001,3.18699503,10.287,66.823,5.157,4086657.0,52.9185627319946
Mauritania,MRT,2017,21.01720047,1617.93401542267,45.6828446170813,3.41947556,10.336,67.088,5.106,4210600.0,54.1970448502004
Mauritania,MRT,2018,22.96699905,1723.37809442655,47.6904380054199,2.88362551,10.411,67.419,5.044,4337685.0,55.1305077000081
Mauritania,MRT,2019,25.0977993,1767.072710621,49.7339098436372,3.09176588,10.416,67.64,4.984,4467708.0,56.0596215779146
Mauritania,MRT,2020,29.90649986,1795.72437324423,51.8124755125379,3.00147843,11.051,66.794,4.912,4600131.0,56.9836701058893
Mauritania,MRT,2021,35.63660049,1947.47413907209,53.9267671870648,3.78022528,11.131,66.762,4.848,4734874.0,57.901535141641
Mauritania,MRT,2022,42.46450043,1961.28166648869,56.0758490078081,4.66962671,10.52,68.281,4.77,4875637.0,58.8120996197226
Mauritania,MRT,2023,44.95629883,2127.9576285973,58.2608340232933,4.34333467,10.37,68.484,4.697,5022441.0,59.7142464747058
Mauritius,MUS,2000,7.28153511499385,3981.98343249582,90.5194424395301,2.85734653,9.125,71.6634146341463,1.99,1186873.0,42.063123063288
Mauritius,MUS,2001,8.78090401892036,3908.55694927435,90.8010935078889,2.92151856,9.14,71.7658536585366,1.91,1196287.0,41.8827214180181
Mauritius,MUS,2002,10.252624671916,4073.06053055903,91.0831578826494,3.18897271,8.205,71.9658536585366,1.94,1204621.0,41.6986829938864
Mauritius,MUS,2003,12.1871062041308,4858.26575549747,91.3656724156252,3.18201613,8.318,72.1170731707317,1.87,1213370.0,41.5127065251754
Mauritius,MUS,2004,13.6890885885342,5460.60800184198,91.6486409323772,3.31652546,8.337,72.2658536585366,1.92,1221003.0,41.3265540022042
Mauritius,MUS,2005,15.1722002,5354.02974260642,91.9320916263266,3.51794028,9.524,72.4321951219512,1.88,1228254.0,41.1419874152917
Mauritius,MUS,2006,16.7,5784.22491883026,92.2159724037212,3.60573649,9.04,72.4321951219512,1.77,1233996.0,40.9607687547567
Mauritius,MUS,2007,20.22,6677.37538616398,92.5003340946351,3.52321672,8.475,72.5707317073171,1.74,1239630.0,40.7846600109183
Mauritius,MUS,2008,21.81,8140.47983639243,92.7851254425672,3.93896508,7.17,72.5707317073171,1.67,1244121.0,40.6154231740954
Mauritius,MUS,2009,22.51,7426.86137313939,93.0703993955795,4.17035627,7.257,72.8824390243903,1.59,1247429.0,40.4548202346069
Mauritius,MUS,2010,28.33,8113.17670740212,93.356133421421,4.51898289,7.654,72.9673170731707,1.57,1250400.0,40.3046131827718
Mauritius,MUS,2011,34.95000076,9324.24232310496,93.6423302206656,4.25059652,7.447,73.2668292682927,1.55,1252404.0,40.1665923228716
Mauritius,MUS,2012,35.42,9421.52514098225,93.928957338752,4.21993399,7.472,73.8634146341464,1.56,1255882.0,40.0369511615085
Mauritius,MUS,2013,40.116825135,9877.13865958834,94.2160990172905,4.620821,7.322,74.0170731707317,1.45,1258927.0,39.9108848558771
Mauritius,MUS,2014,44.8032753683379,10490.3315563853,94.5036776997777,5.38024664,7.467,74.1943902439024,1.44,1261208.0,39.7887571971735
Mauritius,MUS,2015,50.1393184766711,9630.5437837507,94.7917221671352,5.55042362,7.41,74.3531707317073,1.37,1262879.0,39.6709610617726
Mauritius,MUS,2016,52.19129944,10095.1225574156,95.0806649213747,5.54289532,6.814,74.3948780487805,1.41,1263747.0,39.5578893260494
Mauritius,MUS,2017,55.4032403002657,10986.7034093005,95.3704562123422,5.59857273,6.752,74.5146341463415,1.46,1264887.0,39.4499348663789
Mauritius,MUS,2018,58.596169704299,11818.7480619272,95.6610436549434,5.60310221,6.426,74.4163414634146,1.42,1265577.0,39.3474905591359
Mauritius,MUS,2019,61.7299551453346,11568.2533399824,95.9523952887646,5.69508171,6.331,74.2358536585366,1.41,1265985.0,39.2509492806955
Mauritius,MUS,2020,67.73290684,9135.84773751062,96.2430585209024,6.09606028,8.626,74.1770731707317,1.46,1266014.0,39.1607039074325
Mauritius,MUS,2021,71.59999847,9177.71195973013,96.5249988240641,6.6160841,7.719,73.680243902439,1.42,1266334.0,39.077147315722
Mauritius,MUS,2022,75.5,10246.5017455553,96.8074578506506,5.84209728,6.322,73.5146341463415,1.33,1262523.0,39.0000125885784
Mauritius,MUS,2023,79.5,11269.9684462139,97.0904086099851,5.56544495,5.571,73.4121951219512,1.4,1248647.0,39.0039901092226
Mexico,MEX,2000,5.08138415338066,7524.0271380091,79.2052351502487,4.24436522,2.646,72.562,2.714,98625552.0,74.9203113970256
Mexico,MEX,2001,7.0380231165045,7952.76479510706,79.9105993233351,4.58201361,2.627,72.912,2.671,100099099.0,75.2907557567987
Mexico,MEX,2002,11.9,7983.03398381759,80.6059707016954,4.83042812,3.003,73.106,2.633,101548624.0,75.6840752828994
Mexico,MEX,2003,12.9,7434.07465031562,81.2915094361491,5.53978777,3.455,73.308,2.579,102978515.0,76.046170340551
Mexico,MEX,2004,14.1,7849.66759649565,81.9676485346638,5.6835022,3.937,73.432,2.536,104394131.0,76.3274397419019
Mexico,MEX,2005,17.20999908,8671.75891798441,82.634046861873,5.58110142,3.558,73.627,2.495,105811504.0,76.4748624380269
Mexico,MEX,2006,19.52000046,9512.63575346699,83.2911380511861,5.40647888,3.566,73.746,2.456,107253666.0,76.4982455683657
Mexico,MEX,2007,20.81,10134.3327129706,83.9388749115264,5.50668049,3.628,73.796,2.421,108774360.0,76.5047326234761
Mexico,MEX,2008,21.71,10523.7685427665,84.5778681369926,5.44587374,3.874,73.695,2.391,110374288.0,76.5090428271033
Mexico,MEX,2009,26.34,8423.56933148639,85.2078679687607,5.84786463,5.356,73.628,2.364,111999721.0,76.5143930040295
Mexico,MEX,2010,31.05,9728.80078307432,85.8292495991465,5.4897337,5.303,73.718,2.34,113623895.0,76.5244441414713
Mexico,MEX,2011,37.1762954125184,10664.4944032313,86.4428801813735,5.30093002,5.175,73.921,2.317,115243504.0,76.5667802279537
Mexico,MEX,2012,39.75,10744.1335236186,87.0483009641919,5.42140484,4.892,74.128,2.294,116818208.0,76.6585199140734
Mexico,MEX,2013,43.46,11216.800851866,87.6459487223264,5.5773263,4.921,74.289,2.269,118343573.0,76.7955768077952
Mexico,MEX,2014,44.3856962723411,11391.3773503964,88.2358926764479,5.35336781,4.819,74.404,2.211,119784261.0,76.9741367091766
Mexico,MEX,2015,57.4310429923633,10021.2386113616,88.8179258213353,5.52738619,4.311,74.431,2.137,121072306.0,77.1903854182753
Mexico,MEX,2016,59.5404459967255,9097.92397674769,89.3924181439649,5.38499022,3.853,74.376,2.086,122251351.0,77.4405087351486
Mexico,MEX,2017,53.0317886110982,9649.27816729586,89.9592224609298,5.3117938,3.419,74.261,2.041,123400057.0,77.7206924598541
Mexico,MEX,2018,56.6595667981289,10084.7937570364,90.5185596102805,5.23821402,3.275,74.301,2.03,124573711.0,78.0271223924494
Mexico,MEX,2019,69.6321092705209,10369.5553593527,91.0705197769802,5.3013463,3.477,74.53,2.02,125762982.0,78.355984332992
Mexico,MEX,2020,71.49017499,8841.27074929751,91.6152077254503,6.05248594,4.44,70.449,1.99,126799054.0,78.677960602824
Mexico,MEX,2021,75.62650476,10314.0506733708,92.1526440010022,5.87678003,4.019,69.75,1.97,127648148.0,78.9324007418057
Mexico,MEX,2022,78.63217894,11405.7940469896,92.6614618116548,5.70919704,3.256,73.973,1.94,128613117.0,79.199683215791
Mexico,MEX,2023,81.18318755,13830.843848864,92.9784568798496,5.50398684,2.765,75.069,1.91,129739759.0,79.4734935748046
"Micronesia, Fed. Sts.",FSM,2000,3.73486213690137,2049.34490021777,25.0484297460343,7.76511145,,64.317,4.217,112044.0,22.3299999237061
"Micronesia, Fed. Sts.",FSM,2001,4.66052719883673,2103.74849819784,29.1362716817011,8.48781967,,64.801,4.084,112365.0,22.3299999237061
"Micronesia, Fed. Sts.",FSM,2002,5.57009970478472,2113.45955463859,33.2241136173679,7.96301365,,63.907,3.934,112448.0,22.3299999237061
"Micronesia, Fed. Sts.",FSM,2003,9.23250210039423,2145.87789998664,37.3119555530347,9.65028286,,64.915,3.785,112285.0,22.3299999237061
"Micronesia, Fed. Sts.",FSM,2004,11.0178673081514,2104.42796515524,41.3997974887025,12.23538685,,64.898,3.681,111925.0,22.3299999237061
"Micronesia, Fed. Sts.",FSM,2005,11.88140011,2216.9963738197,45.4876394243693,17.94844818,,64.906,3.595,111412.0,22.3299999237061
"Micronesia, Fed. Sts.",FSM,2006,12.75030041,2257.76445195026,49.5754813600361,10.87018681,,64.859,3.514,110729.0,22.3275140420008
"Micronesia, Fed. Sts.",FSM,2007,13.62110043,2302.51183108846,53.6633232957029,11.23334217,,64.844,3.439,109880.0,22.3208324539882
"Micronesia, Fed. Sts.",FSM,2008,14.49,2395.90218109716,57.7511652313697,12.08326721,,64.849,3.368,108936.0,22.3111192453232
"Micronesia, Fed. Sts.",FSM,2009,15.35,2565.83639782506,61.8390071670365,12.68854141,,64.865,3.313,107957.0,22.2995385016606
"Micronesia, Fed. Sts.",FSM,2010,20.0,2715.26873721406,65.9268491027033,13.3306675,,64.892,3.271,107540.0,22.2903529875138
"Micronesia, Fed. Sts.",FSM,2011,22.79999924,2859.8488365615,70.0146910383701,13.222826,,64.969,3.223,107698.0,22.2914664135472
"Micronesia, Fed. Sts.",FSM,2012,25.97439957,3003.05867086848,74.1025329740369,12.39077377,,65.08,3.18,107890.0,22.2942568788425
"Micronesia, Fed. Sts.",FSM,2013,27.79999924,2904.1536796737,78.1903749097037,12.21770954,,65.179,3.133,108121.0,22.2986323961146
"Micronesia, Fed. Sts.",FSM,2014,29.64999962,2915.23672460238,82.2782168453705,11.83491802,,65.294,3.091,108396.0,22.3046193122479
"Micronesia, Fed. Sts.",FSM,2015,31.50110054,2869.86276169101,86.3660587810373,12.62341213,,65.306,3.049,108716.0,22.3122336099411
"Micronesia, Fed. Sts.",FSM,2016,33.35219955,2997.93719917488,90.4539007167041,13.33481121,,65.576,3.001,109075.0,22.3214896137555
"Micronesia, Fed. Sts.",FSM,2017,35.30410004,3297.37580036719,90.4539007167041,12.40742493,,65.761,2.957,109481.0,22.332401189542
"Micronesia, Fed. Sts.",FSM,2018,36.61460114,3584.78377566896,90.4539007167041,11.93961334,,65.943,2.922,109909.0,22.3449820355433
"Micronesia, Fed. Sts.",FSM,2019,37.97370148,3581.72684572278,90.4539007167041,11.87363148,,66.196,2.883,110282.0,22.359245777081
"Micronesia, Fed. Sts.",FSM,2020,39.38330078,3362.02802120524,90.4539007167041,11.98479271,,65.878,2.852,110916.0,22.3752060036598
"Micronesia, Fed. Sts.",FSM,2021,,3508.22314197664,,11.37430477,,66.152,2.818,111624.0,22.3928762855411
"Micronesia, Fed. Sts.",FSM,2022,39.0279007,3703.66680343222,,12.62718964,,66.961,2.785,112114.0,22.4122701819053
"Micronesia, Fed. Sts.",FSM,2023,39.39889908,3933.01607031874,,12.88087559,,67.198,2.748,112630.0,22.4334012451903
Moldova,MDA,2000,1.28284641670022,440.538683980372,71.2506597546078,5.92687273,8.539,67.462,1.496,2924668.0,40.4185981750488
Moldova,MDA,2001,1.48781295215565,507.404076252819,71.6566360139353,6.23449755,7.366,67.672,1.471,2918135.0,39.6744270324707
Moldova,MDA,2002,3.78724279887342,570.799866188293,72.0679189727621,7.40437651,6.845,67.793,1.448,2911385.0,39.620719909668
Moldova,MDA,2003,7.40754458415897,682.319095965299,72.4845086683778,7.02227592,6.378,67.9,1.479,2903198.0,39.5945358276367
Moldova,MDA,2004,10.629390841654,897.178494749468,73.0585042277255,8.97114944,6.374,68.017,1.543,2896023.0,39.4460945129395
Moldova,MDA,2005,14.6302704551796,1034.39197746993,73.6881674871304,9.55814838,5.633,68.197,1.528,2888985.0,39.3704032897949
Moldova,MDA,2006,19.6206477051634,1183.02481442894,74.3686465028657,10.54445267,4.26,68.423,1.537,2880967.0,39.2182388305664
Moldova,MDA,2007,20.45,1531.21618590748,75.053404668561,11.02066803,2.749,68.674,1.575,2874299.0,39.4315032958984
Moldova,MDA,2008,23.39,2110.55305353857,75.742452878246,10.94920063,2.097,69.0,1.638,2868833.0,39.3710708618164
Moldova,MDA,2009,27.5,1898.43975710988,76.4357878576591,13.6766243,3.024,69.406,1.719,2865213.0,39.3255348205566
Moldova,MDA,2010,29.68000031,2436.79935102421,77.1334278567767,10.13112831,2.972,69.876,1.703,2862354.0,39.2804946899414
Moldova,MDA,2011,32.06999969,2941.36224066021,77.835369795755,9.09670353,2.677,70.173,1.65,2860699.0,39.3469161987305
Moldova,MDA,2012,34.65000153,3044.8084324815,78.5416235324603,9.13962078,2.189,70.344,1.661,2860324.0,39.3614196777344
Moldova,MDA,2013,37.43999863,3321.04397795719,79.2521957133911,8.68300343,1.894,70.291,1.622,2859558.0,39.4275512695312
Moldova,MDA,2014,66.9999982002077,3289.95758568777,79.9670878839298,8.73206043,1.45,70.241,1.82,2857815.0,39.6298484802246
Moldova,MDA,2015,69.0000044661932,2749.55137054338,80.6901033429329,8.50013351,1.781,70.118,1.87,2835978.0,39.6954040527344
Moldova,MDA,2016,70.9999991066624,2847.08794770479,81.420818324275,7.62106228,1.591,70.179,1.89,2803186.0,39.7373237609863
Moldova,MDA,2017,71.76709747,3453.26727720294,82.1581768544632,7.1278038,1.622,70.375,1.81,2755189.0,39.9736557006836
Moldova,MDA,2018,72.54239655,4156.44981956646,82.9015800000824,6.70760345,1.239,70.236,1.81,2707203.0,40.3258094787598
Moldova,MDA,2019,73.32610321,4405.33418162155,83.6501429350345,6.49662447,1.502,70.181,1.78,2664224.0,40.772289276123
Moldova,MDA,2020,74.11830139,4375.7788930524,84.4032169070888,7.00484037,1.206,69.914,1.77,2635130.0,41.3368530273438
Moldova,MDA,2021,74.91899872,5274.60582195352,85.1600042772456,7.7490406,0.794,68.991,1.751,2595809.0,41.8115425109863
Moldova,MDA,2022,74.91899872,5744.29618434435,85.734993748898,6.96505404,0.909,71.546,1.694,2528654.0,42.4048843383789
Moldova,MDA,2023,76.50330353,6799.58594644576,86.3094330336137,6.7359705,1.57,71.198,1.731,2457783.0,43.0011825561523
Monaco,MCO,2000,42.1848634460346,81789.014508777,100.0,3.69517851,,82.121,2.082,32455.0,100.0
Monaco,MCO,2001,46.6461423640265,82402.7746362391,100.0,3.75409245,,82.485,2.176,32447.0,100.0
Monaco,MCO,2002,48.0471171729696,90051.4463079416,100.0,3.80900764,,83.055,2.006,32422.0,100.0
Monaco,MCO,2003,49.4911689195459,111110.460463916,100.0,4.43228912,,83.613,1.914,32374.0,100.0
Monaco,MCO,2004,52.4901966838546,125160.282928751,100.0,4.52476597,,84.151,1.994,32307.0,100.0
Monaco,MCO,2005,55.46480179,130538.711379722,100.0,4.5028882,,84.34,2.006,32210.0,100.0
Monaco,MCO,2006,61.47600174,143083.509443656,100.0,4.29611254,,84.194,2.101,32057.0,100.0
Monaco,MCO,2007,64.37770081,184558.455423983,100.0,3.81232905,,83.903,2.206,31837.0,100.0
Monaco,MCO,2008,67.25,204263.893236529,100.0,4.08434391,,83.827,2.384,31836.0,100.0
Monaco,MCO,2009,70.1,169150.337647299,100.0,4.84222221,,84.187,2.397,32364.0,100.0
Monaco,MCO,2010,75.0,161853.922745228,100.0,4.9583292,,84.644,2.385,33163.0,100.0
Monaco,MCO,2011,80.30000305,179364.009524397,100.0,4.63545036,,85.01,2.22,33946.0,100.0
Monaco,MCO,2012,87.0,165444.625782803,100.0,4.75676775,,85.045,2.294,34711.0,100.0
Monaco,MCO,2013,90.69999695,184940.633666281,100.0,4.57396126,,85.056,2.313,35447.0,100.0
Monaco,MCO,2014,92.40000153,195693.519540544,100.0,4.4414835,,85.093,2.485,36128.0,100.0
Monaco,MCO,2015,93.36329651,170437.021128628,100.0,4.31486797,,85.323,2.503,36757.0,100.0
Monaco,MCO,2016,95.20819855,173604.669723126,100.0,4.1231184,,85.63,2.578,37276.0,100.0
Monaco,MCO,2017,97.0530014,170663.470051177,100.0,4.16119528,,85.878,2.418,37678.0,100.0
Monaco,MCO,2018,,188298.389694191,100.0,4.04786777,,86.084,2.485,38154.0,100.0
Monaco,MCO,2019,98.0,193746.729890885,100.0,3.87993813,,86.151,2.403,38109.0,100.0
Monaco,MCO,2020,98.57080078,176891.806328966,100.0,4.28652716,,86.089,2.38,38050.0,100.0
Monaco,MCO,2021,99.07759857,223823.327192464,100.0,3.67494631,,85.113,2.122,38527.0,100.0
Monaco,MCO,2022,98.75189972,226052.060664649,100.0,3.39488029,,85.746,2.114,38931.0,100.0
Monaco,MCO,2023,98.87049866,256799.911212051,100.0,3.11959291,,86.372,2.11,38956.0,100.0
Mongolia,MNG,2000,1.25565200358112,476.02755082717,43.3509577005442,6.07605076,5.992,63.2104878048781,2.2,2388299.0,56.7305447074496
Mongolia,MNG,2001,1.65323823906982,524.453483552485,43.9293436353835,5.4423995,6.111,63.3917073170732,2.2,2417751.0,57.2155913875612
Mongolia,MNG,2002,2.0395726034818,570.249213248399,44.4988380043393,5.49190998,6.2,63.540243902439,2.1,2449027.0,58.1310120482033
Mongolia,MNG,2003,,643.168068921658,45.0591791576731,4.29768944,6.768,63.5753658536585,2.0,2480374.0,59.3546986563236
Mongolia,MNG,2004,,794.154552001815,46.565730094516,4.30204487,6.851,64.630243902439,2.0,2508412.0,60.7829994587671
Mongolia,MNG,2005,9.0,994.90010913241,48.0796741751259,3.86456275,7.015,65.2807317073171,2.0,2536407.0,62.3122627023789
Mongolia,MNG,2006,9.0,1329.89179579053,49.6017260697185,3.74971509,7.193,65.9021951219512,2.1,2567168.0,63.8388366340039
Mongolia,MNG,2007,9.0,1627.68787743359,51.1306318210775,4.07522774,7.2,66.5934146341464,2.3,2601850.0,65.2590695004873
Mongolia,MNG,2008,9.800000191,2127.42678594737,52.6658164646959,4.55693007,5.565,67.2460975609756,2.6,2643201.0,66.4693095486742
Mongolia,MNG,2009,10.0,1703.32756790019,54.2047237331896,4.45980072,5.86,67.9690243902439,2.8,2691115.0,67.3659050254095
Mongolia,MNG,2010,10.2,2625.21881402433,55.748796660386,3.73945642,6.549,68.5056097560976,2.4,2738622.0,67.8298018313254
Mongolia,MNG,2011,12.4999911084745,3736.04201455077,57.1062265256697,3.58612084,4.769,69.109268292683,2.6,2786317.0,67.9196058798676
Mongolia,MNG,2012,16.4,4328.89001905655,58.3638961437545,3.85800076,3.905,69.500243902439,2.7,2839705.0,67.9522782537785
Mongolia,MNG,2013,17.699984237,4340.14310544449,59.6305788541198,4.08932018,4.231,70.0980487804878,3.0,2899011.0,67.9776750055915
Mongolia,MNG,2014,19.9424474349209,4126.23975800524,60.9059101713151,4.20989752,4.798,70.5831707317073,3.1,2963113.0,67.9941357229626
Mongolia,MNG,2015,22.5000041337688,3838.92126989984,62.1905023037508,4.23154545,4.861,70.810243902439,3.0,3026864.0,67.9999999906095
Mongolia,MNG,2016,22.2657705007562,3619.90026383792,63.4840050160805,4.58008575,7.235,70.2239024390244,3.0,3088856.0,67.9776754820979
Mongolia,MNG,2017,23.71430016,3645.96708669551,64.7860401773072,4.33954191,6.359,70.5434146341463,2.8,3148917.0,67.9260583223672
Mongolia,MNG,2018,47.1300018848989,4107.64288528468,66.102065585159,4.53449297,5.377,70.8270731707317,2.9,3208189.0,67.8683444833372
Mongolia,MNG,2019,51.079994082603,4347.54610314873,67.4319599015551,4.49497986,9.024,71.0531707317073,3.0,3267673.0,67.8277299551557
Mongolia,MNG,2020,62.50002848,4001.25193077703,68.7755717433728,4.6662488,6.413,71.3490243902439,2.9,3327204.0,68.0894771770775
Mongolia,MNG,2021,81.60682285,4517.61578018785,70.1321116661664,7.21042728,7.871,71.6451219512195,2.8,3383741.0,69.2153244018555
Mongolia,MNG,2022,81.07720184,4993.51487463495,71.5023556683645,8.85170174,5.954,71.9007317073171,2.7,3433748.0,69.783805847168
Mongolia,MNG,2023,83.74320221,5838.63108083902,72.8851663037703,6.07207489,5.178,72.1224390243902,2.7,3481145.0,70.4464492797852
Montenegro,MNE,2000,,1627.06511911987,,,30.447,73.3968048780488,1.903,604950.0,59.0899260145706
Montenegro,MNE,2001,,1909.59870186179,,,30.542,73.5801951219512,1.855,607389.0,60.1387879596705
Montenegro,MNE,2002,,2109.30631947331,,,30.356,73.9652195121951,1.813,609828.0,61.0261817231895
Montenegro,MNE,2003,,2789.95435110345,,,30.39,74.0557317073171,1.804,612267.0,61.6986616237464
Montenegro,MNE,2004,25.3500686036232,3386.38099417981,,,30.342,74.2056097560976,1.734,613353.0,62.210498320663
Montenegro,MNE,2005,27.10000038,3675.98851272723,,,30.31,73.9829268292683,1.69,614261.0,62.6763680644251
Montenegro,MNE,2006,28.89999962,4422.55172559508,90.6415121374975,,24.815,73.8390243902439,1.73,615025.0,63.111308588912
Montenegro,MNE,2007,30.79999924,5979.43813180981,91.1775903884606,,19.4,74.3390243902439,1.8,615875.0,63.5035790981749
Montenegro,MNE,2008,32.90000153,7390.01481290503,91.7158378297671,,17.15,75.1365853658537,1.89,616969.0,63.8414387962647
Montenegro,MNE,2009,35.09999847,6726.67589734408,92.2561094620688,,19.09,75.1439024390244,1.98,618294.0,64.1131468872325
Montenegro,MNE,2010,37.5,6678.63939560908,92.7984934115956,,19.649,75.990243902439,1.7,619428.0,64.3069625751293
Montenegro,MNE,2011,35.6115412460109,7265.51771176628,93.3430526184903,7.96692181,19.759,76.0829268292683,1.65,620345.0,64.4210914835811
Montenegro,MNE,2012,56.8387825490631,6552.47970337373,93.8897863076242,8.29550457,19.808,76.3,1.72,621418.0,64.5244008658951
Montenegro,MNE,2013,60.31,7102.7776714702,94.438754002914,8.47144604,19.585,76.490243902439,1.73,622587.0,64.6252987959653
Montenegro,MNE,2014,63.8868840056697,7342.17147363741,94.9899616180891,8.00086784,18.054,76.3390243902439,1.75,623744.0,64.7232143772459
Montenegro,MNE,2015,68.1197860085679,6421.00005731419,95.5434213816421,9.02188778,17.555,76.6024390243903,1.7,624651.0,64.8181652937171
Montenegro,MNE,2016,69.8816468416779,6968.01202883651,96.0990784093621,8.63302994,17.732,76.5414634146342,1.8,625353.0,64.9101692293409
Montenegro,MNE,2017,71.2723325399382,7674.2856571219,96.6569962707111,7.98255396,16.082,76.6853658536585,1.8,625982.0,64.9992438680584
Montenegro,MNE,2018,71.5171004874886,8673.59469069858,97.2142443586762,8.34355545,15.19,77.8853658536585,1.8,626438.0,65.0854068937869
Montenegro,MNE,2019,73.4766657478691,8749.25629734676,97.5022963479866,8.32983208,15.128,76.6829268292683,1.8,626753.0,65.1686759904159
Montenegro,MNE,2020,77.60879306,7555.48699036321,97.771772470462,11.42177582,17.878,75.9317073170732,1.75,626590.0,65.2490688418027
Montenegro,MNE,2021,82.21969752,9315.86435643142,97.7911092113251,10.55253506,16.543,73.8243902439024,1.75,625053.0,65.3266031317675
Montenegro,MNE,2022,88.22192026,10038.1849482517,97.8104504105016,10.19081783,14.851,76.1878048780488,1.8,623591.0,65.4012965440866
Montenegro,MNE,2023,88.5515976,12258.1600477339,97.8297883395881,9.6549921,13.146,77.5878048780488,1.74,623529.0,65.4731667624849
Morocco,MAR,2000,0.693791244805455,1499.107421875,68.2172980422046,3.69304585,13.58,66.794,2.774,28423435.0,53.58724711125
Morocco,MAR,2001,1.37143810096418,1506.24523925781,68.9979286734151,3.81601191,12.46,67.2,2.686,28814643.0,53.8972613497219
Morocco,MAR,2002,2.37325319241544,1596.02062988281,70.1959471768186,4.06117535,11.59,67.582,2.617,29198142.0,54.222745830177
Morocco,MAR,2003,3.35336668122363,1941.87255859375,71.3611031579094,4.08037519,11.92,67.958,2.606,29571415.0,54.5782811140771
Morocco,MAR,2004,11.6079347729582,2183.55541992188,72.2380118322512,4.23211098,10.83,68.272,2.611,29953018.0,54.9787569660869
Morocco,MAR,2005,15.0844445240204,2242.98828125,73.1773231573067,4.37350655,11.01,68.748,2.613,30358144.0,55.4397798676399
Morocco,MAR,2006,19.7711915653115,2438.12646484375,74.1286277364386,4.56586647,9.67,69.157,2.611,30771178.0,55.9627589629824
Morocco,MAR,2007,21.5,2755.5859375,75.07865785853,4.80759001,9.56,69.62,2.618,31186468.0,56.5303841299064
Morocco,MAR,2008,33.1,3183.20043945313,76.0270465893793,4.83789158,9.57,70.051,2.612,31606767.0,57.1254169272616
Morocco,MAR,2009,41.3,3119.58862304688,76.9734340408013,5.27312183,8.96,70.454,2.624,32030778.0,57.7306189138977
Morocco,MAR,2010,52.0,3067.9853515625,77.9186321842885,5.41861057,9.09,70.821,2.629,32467016.0,58.3287516486646
Morocco,MAR,2011,46.107482597,3301.98876953125,78.8617098179303,5.37019396,8.91,71.263,2.595,32912588.0,58.902576690412
Morocco,MAR,2012,55.4160531914894,3164.17724609375,79.8028926607457,5.39619017,8.99,71.674,2.543,33355241.0,59.4348555979895
Morocco,MAR,2013,56.0,3379.7431640625,80.7418405934609,5.25540543,9.23,72.117,2.478,33787571.0,59.9083499302469
Morocco,MAR,2014,56.7746379160074,3435.40698242188,81.6787833331369,5.41626596,9.7,72.522,2.425,34204780.0,60.3030486171654
Morocco,MAR,2015,57.0799993486116,3146.24780273438,82.6133857695212,5.10435581,9.46,72.894,2.406,34607588.0,60.6417124737154
Morocco,MAR,2016,58.271236420398,3140.85546875,83.5458723077839,5.09203386,9.3,73.228,2.396,35023457.0,60.9657656537179
Morocco,MAR,2017,61.7622120123071,3296.52661132813,84.4759106100825,4.98920393,9.22,73.608,2.375,35446392.0,61.2761057031842
Morocco,MAR,2018,64.8038651924043,3501.69799804688,85.4034661501233,4.94516659,9.272,73.946,2.354,35839760.0,61.5695822753314
Morocco,MAR,2019,84.1203630467602,3508.09765625,86.3282321764417,5.020401,9.191,74.245,2.342,36210898.0,61.8430450233765
Morocco,MAR,2020,84.12036305,3268.0302734375,87.2504334400562,5.78939486,11.189,73.133,2.32,36584208.0,62.0933436005366
Morocco,MAR,2021,88.13031937,3785.93627929688,87.3836441048483,5.45314503,10.551,73.385,2.288,36954442.0,62.3173276600289
Morocco,MAR,2022,89.9,3463.1376953125,87.5163508881869,5.75281,9.413,75.161,2.256,37329064.0,62.5118468550703
Morocco,MAR,2023,91.0,3813.72607421875,87.6475617548846,6.06396198,8.896,75.313,2.23,37712505.0,62.673750838878
Mozambique,MOZ,2000,0.109592530041641,327.12623979157,10.7368086528161,2.14253044,2.832,49.476,5.83,18129653.0,29.2423697311441
Mozambique,MOZ,2001,0.160031946644069,304.792138621913,11.6891382934177,2.80098224,2.838,50.259,5.755,18537729.0,29.4137097764239
Mozambique,MOZ,2002,0.259612611253739,313.886661721198,12.6706023887281,3.18652654,2.902,50.879,5.667,18958338.0,29.5686323334348
Mozambique,MOZ,2003,0.419538843913707,339.488737800648,13.6597206754492,3.25095367,2.857,51.383,5.6,19392475.0,29.7146340268639
Mozambique,MOZ,2004,0.679447835392438,400.056973161545,14.656791437849,3.53062654,2.953,51.855,5.551,19840313.0,29.8592114813982
Mozambique,MOZ,2005,0.854399979,436.773856167384,15.661495607588,4.21435642,3.035,52.322,5.5,20304569.0,30.0098613217248
Mozambique,MOZ,2006,0.842954488044236,457.487647833183,16.6744657730016,3.94559026,3.037,52.748,5.452,20787087.0,30.1740801725307
Mozambique,MOZ,2007,0.91,507.874923914304,17.6947339130943,3.79955554,3.082,53.255,5.466,21287635.0,30.3598131347122
Mozambique,MOZ,2008,1.56,592.159111184122,18.8175728896395,4.13496828,3.112,53.799,5.598,21819036.0,30.5625357695184
Mozambique,MOZ,2009,2.68,547.697144193651,19.9603052560203,5.05562353,3.207,54.4,5.681,22391745.0,30.7715592059159
Mozambique,MOZ,2010,4.17,496.185839392659,21.1157832994067,5.29249668,3.259,55.04,5.66,22999235.0,30.9861779822921
Mozambique,MOZ,2011,4.599999905,618.17649286789,22.2833615319123,4.9217639,3.295,55.733,5.599,23649039.0,31.2062230032794
Mozambique,MOZ,2012,5.0,685.685748199513,23.4630594441157,5.14035702,3.304,56.46,5.518,24337846.0,31.4315251735105
Mozambique,MOZ,2013,5.5,686.505672517351,24.6548929254595,6.04556036,3.345,57.189,5.43,25051611.0,31.6619153976179
Mozambique,MOZ,2014,6.0,697.142680444123,25.8588794084376,6.24013042,3.377,57.965,5.304,25788475.0,31.8972245802342
Mozambique,MOZ,2015,6.5,610.563774706589,27.0750381576231,6.60972881,3.426,58.711,5.245,26547572.0,32.1372836259918
Mozambique,MOZ,2016,7.0,441.489734819071,28.3033808340067,7.21501875,3.65,59.455,5.188,27337105.0,32.3819234395234
Mozambique,MOZ,2017,7.7963266079129,470.93856305196,29.5435460585168,7.80532169,3.935,60.148,5.128,28166393.0,32.6274411492675
Mozambique,MOZ,2018,10.89999962,517.507260258101,30.7959176592195,7.97903347,4.21,60.79,5.07,29018644.0,32.9902559073541
Mozambique,MOZ,2019,12.47929955,519.09255091362,32.0616645064997,7.90207434,4.462,61.306,5.016,29884380.0,33.4177241517032
Mozambique,MOZ,2020,14.28740025,462.433876479921,33.3404532645595,7.55190039,5.019,61.39,4.959,30783688.0,33.9044006416285
Mozambique,MOZ,2021,16.35759926,509.907829475551,34.6331153020155,8.64841366,5.413,60.268,4.905,31707800.0,34.4499259401554
Mozambique,MOZ,2022,18.96220016,578.273222184503,35.9385123672753,8.24868107,6.789,63.011,4.84,32656246.0,35.0536638047945
Mozambique,MOZ,2023,19.94560051,622.191133245967,37.257486002339,8.50126553,6.661,63.611,4.763,33635160.0,35.7149783148407
Myanmar,MMR,2000,,196.619580625284,63.4598787059053,2.00781965,0.712,60.357,2.813,45290841.0,27.5346072708149
Myanmar,MMR,2001,0.0002892773808485,141.525660705722,64.0138771425064,2.16208982,0.689,60.64,2.793,45771139.0,27.7107064116875
Myanmar,MMR,2002,0.0004264935063618,146.598390364449,64.5659679367751,2.59446764,0.685,60.925,2.765,46232653.0,27.8849700456368
Myanmar,MMR,2003,0.0240641491408465,224.292688912409,65.1163596898644,2.3959713,0.686,61.196,2.68,46667192.0,28.0568026064444
Myanmar,MMR,2004,0.024337392002823,224.508811413327,65.6650229848345,2.33253765,0.677,61.443,2.588,47068772.0,28.2256085278922
Myanmar,MMR,2005,0.065200001,252.685193060728,66.2119516928638,2.3447094,0.672,61.72,2.515,47438365.0,28.390792243762
Myanmar,MMR,2006,0.18204833106115,303.495087119254,66.756940787588,2.26559186,0.676,62.026,2.471,47785135.0,28.5517581878355
Myanmar,MMR,2007,0.217128445069958,419.375780725042,67.3001769970488,2.03606868,0.684,62.367,2.447,48125043.0,28.7079107938945
Myanmar,MMR,2008,0.22,658.442487229705,67.8416392315072,2.12175322,0.7,56.364,2.404,48390793.0,28.8586544957208
Myanmar,MMR,2009,0.219999999,758.442935789255,68.3369194463673,2.17283702,0.712,63.095,2.369,48660459.0,29.0033937270962
Myanmar,MMR,2010,0.25,1010.53417343401,68.829818100566,1.96793783,0.725,63.479,2.335,49024382.0,29.1415329218024
Myanmar,MMR,2011,0.98,1213.62898703376,69.3199771322654,1.95077813,0.749,63.859,2.306,49419820.0,29.2724765136213
Myanmar,MMR,2012,1.399999976,1202.6658960055,69.8075314320921,2.43605232,0.768,64.251,2.276,49837446.0,29.3956289363345
Myanmar,MMR,2013,1.799999952,1199.09561597055,70.2923141744914,3.11112022,0.775,64.617,2.264,50262658.0,29.5103946237239
Myanmar,MMR,2014,7.400000095,1293.00042298688,70.7745876052099,4.14940882,0.763,64.994,2.252,50681634.0,29.6164342116462
Myanmar,MMR,2015,10.89999962,1166.73305546337,71.2558705695299,5.19711542,0.766,65.288,2.266,51089056.0,29.7166821191682
Myanmar,MMR,2016,16.0,1229.19713515893,71.7359380963987,4.76220942,1.058,65.64,2.27,51495696.0,29.8129165582094
Myanmar,MMR,2017,23.621081950267,1272.82241830603,72.2144198606081,4.6921258,1.356,65.909,2.252,51894938.0,29.9051727703437
Myanmar,MMR,2018,29.37899971,1298.21310320785,72.6910446469858,4.53514671,0.767,66.232,2.228,52272247.0,29.993574050729
Myanmar,MMR,2019,36.54050064,1425.98954211903,73.1653173340109,3.814466,0.407,66.457,2.206,52640713.0,30.0782436945232
Myanmar,MMR,2020,45.4477005,1490.21683548367,73.6368737740023,4.27808714,1.476,66.612,2.179,53016522.0,30.1593049968842
Myanmar,MMR,2021,,1242.72134419599,74.1054938787639,5.53530645,4.34,65.553,2.158,53387102.0,30.2368812529698
Myanmar,MMR,2022,,1158.05005034332,74.1301579655436,4.49158478,3.063,66.506,2.131,53756787.0,30.311095757938
Myanmar,MMR,2023,,1233.19666209269,74.156188318795,4.45748425,2.977,66.889,2.115,54133798.0,30.3820718069466
Namibia,NAM,2000,1.64473954726899,2156.67590512714,27.1488440827973,10.04545307,20.3,52.946,3.991,1818647.0,32.1168956399877
Namibia,NAM,2001,2.41697944170998,1915.58926594875,27.5998396163148,10.46567631,21.009,51.98,3.827,1857048.0,32.8575058425719
Namibia,NAM,2002,2.63369976876116,1772.07565537493,28.1968311809375,10.47871208,21.538,51.988,3.693,1889970.0,33.6459301456028
Namibia,NAM,2003,3.35983988553801,2569.24739317883,28.8122875122617,10.74474621,22.104,51.918,3.58,1917464.0,34.5460063719633
Namibia,NAM,2004,3.8047156152631,3403.15496192955,29.4178256763319,10.88543797,22.09,52.175,3.545,1942082.0,35.5356476670033
Namibia,NAM,2005,4.010000229,3685.77299991587,30.0109518702615,10.82506466,22.108,52.557,3.571,1966582.0,36.5870014553064
Namibia,NAM,2006,4.39887064732726,4017.1834716928,30.5926680157068,11.30290031,21.848,53.183,3.601,1991888.0,37.6722151614564
Namibia,NAM,2007,4.83561077833704,4379.04313682732,31.1618359120794,11.41372871,22.12,54.026,3.608,2018600.0,38.763436210037
Namibia,NAM,2008,5.32900377208954,4204.78555422749,31.7185868742759,10.67726994,22.005,54.74,3.616,2047056.0,39.8328120256318
Namibia,NAM,2009,6.5,4302.91374148376,32.2603036353343,9.90435314,22.271,55.347,3.633,2077394.0,40.8524900328246
Namibia,NAM,2010,11.6,5418.21633365814,32.7891161090276,10.62278938,22.12,56.093,3.657,2109811.0,41.7946176561991
Namibia,NAM,2011,12.0,5834.7917675794,33.3028894118118,10.86068344,19.481,56.647,3.658,2146325.0,42.6276075621535
Namibia,NAM,2012,12.94139957,5942.64680978673,33.8118744896686,10.20360184,16.771,57.733,3.676,2194654.0,43.3804079185694
Namibia,NAM,2013,13.89999962,5346.62131149967,34.3053246503093,10.08887577,19.028,58.468,3.653,2252508.0,44.1106769079132
Namibia,NAM,2014,14.84000015,5378.32326241205,34.7830478360411,8.4089098,18.521,59.311,3.635,2312139.0,44.8214248210559
Namibia,NAM,2015,25.68790054,4774.10650865775,35.243867972916,9.98106289,20.791,60.008,3.604,2374300.0,45.5103554445325
Namibia,NAM,2016,31.0333004,4395.68776162376,35.68218646148,9.32231045,23.352,60.81,3.574,2439213.0,46.1751725648784
Namibia,NAM,2017,36.83739853,5143.96072323076,36.0971096744774,8.71348476,21.748,61.661,3.511,2506853.0,46.8135799686288
Namibia,NAM,2018,42.8207016,5308.60813408705,36.4891060185928,8.62148285,19.877,62.579,3.462,2577327.0,47.4232814423189
Namibia,NAM,2019,49.77590179,4731.9210318831,36.9123066913261,8.85805798,19.929,63.546,3.404,2650494.0,48.0019807724839
Namibia,NAM,2020,57.8608017,3878.58982993966,37.3147816708838,9.56060219,21.003,64.071,3.349,2728762.0,48.547381745659
Namibia,NAM,2021,60.25999832,4412.8355693052,37.6969593429633,10.19644737,20.931,60.85,3.303,2810548.0,49.0571881483796
Namibia,NAM,2022,62.99720001,4349.79908493314,38.0587226800855,9.6219883,19.615,64.19,3.248,2889662.0,49.5291037671807
Namibia,NAM,2023,63.69549942,4225.99102418102,38.4005446833098,9.48251629,19.154,67.385,3.212,2963095.0,49.9545837830821
Naoero,NRU,2000,,2648.60152860938,64.6715903640463,18.96671295,,59.574,3.543,10168.0,100.0
Naoero,NRU,2001,2.98715523250025,2232.30874026726,64.6701987454564,16.22330093,,59.482,3.461,10130.0,100.0
Naoero,NRU,2002,,2084.64824520971,64.6688071268665,13.80812454,,59.427,3.4,10082.0,100.0
Naoero,NRU,2003,,2463.28259078079,64.6674155082765,9.97444248,,59.359,3.388,10059.0,100.0
Naoero,NRU,2004,,3040.51349889,64.6660238896866,6.87889576,,59.346,3.378,10060.0,100.0
Naoero,NRU,2005,,2992.40382776926,64.6646322710967,10.82081795,,59.361,3.377,10049.0,100.0
Naoero,NRU,2006,,2910.14145794684,65.0151108339822,12.41761494,,59.409,3.4,10034.0,100.0
Naoero,NRU,2007,,2272.15291307045,65.3655742516606,24.23069,,59.49,3.504,10020.0,100.0
Naoero,NRU,2008,,3756.84531228766,65.7160225241319,23.00409317,,59.675,3.665,10009.0,100.0
Naoero,NRU,2009,,4410.56764668962,66.0664556513962,12.31576252,,59.852,3.847,10016.0,100.0
Naoero,NRU,2010,,4735.92000502092,66.4168736334532,12.69640064,,60.074,4.019,10043.0,100.0
Naoero,NRU,2011,54.0,6444.03642094634,66.7672764703033,9.97123718,,60.287,4.117,10098.0,100.0
Naoero,NRU,2012,,9842.77032731856,67.1176641619461,8.84148979,,60.533,4.115,10267.0,100.0
Naoero,NRU,2013,,8974.51886874433,67.4680367083819,9.56899357,,60.701,4.098,10517.0,100.0
Naoero,NRU,2014,,9230.05440328927,67.8183941096107,8.1214447,,60.834,4.085,10742.0,100.0
Naoero,NRU,2015,,7747.25584993607,68.1687363656322,13.91331863,,60.897,4.075,10954.0,100.0
Naoero,NRU,2016,,8748.15632605428,68.5190634764467,10.95251656,,60.996,4.027,11150.0,100.0
Naoero,NRU,2017,62.38510132,9656.97976571484,68.8693754420541,11.4886446,,61.101,3.879,11324.0,100.0
Naoero,NRU,2018,,11413.7463016389,69.2196722624544,11.09015656,,61.238,3.683,11477.0,100.0
Naoero,NRU,2019,74.73789978,10801.7705659635,69.5699539376476,11.56155682,,61.393,3.531,11587.0,100.0
Naoero,NRU,2020,77.46659851,10709.068810538,69.9202204676336,11.55650234,,61.527,3.466,11643.0,100.0
Naoero,NRU,2021,80.29499817,12748.1701249353,70.2704718524126,10.85399055,,61.331,3.425,11709.0,100.0
Naoero,NRU,2022,83.22660065,15309.8345351924,70.6207080919845,18.34229279,,61.93,3.379,11801.0,100.0
Naoero,NRU,2023,83.03970337,13602.6372112893,70.9709291863493,18.21076012,,62.109,3.331,11875.0,100.0
Nepal,NPL,2000,0.204651683653029,223.830289183078,14.8948751074731,3.13292074,10.531,62.642,3.984,24546509.0,31.0994241803849
Nepal,NPL,2001,0.240015303375743,240.795114544664,17.3959627043357,3.81229901,10.502,63.288,3.793,24946748.0,32.808952331543
Nepal,NPL,2002,0.312956060108532,238.89140296106,19.8888097263775,3.93863344,10.593,63.507,3.604,25328981.0,35.0358944291182
Nepal,NPL,2003,0.382810917017044,246.429706587633,22.4289482098159,3.8560729,10.644,64.229,3.439,25688758.0,38.045308394296
Nepal,NPL,2004,0.449843651215974,279.587750044428,25.0160431336895,4.04629898,10.652,64.744,3.279,26016656.0,41.6109470808194
Nepal,NPL,2005,0.82655126590551,309.024168339372,27.6497562651801,3.95095325,10.59,65.275,3.115,26309458.0,45.5065633424317
Nepal,NPL,2006,1.14138916388191,340.431796437968,30.3297393254008,3.54402447,10.609,65.891,2.967,26565425.0,49.5059100328759
Nepal,NPL,2007,1.41,385.449767660642,33.0557887006794,3.67297482,10.642,66.169,2.857,26788492.0,53.3827400058951
Nepal,NPL,2008,1.73,464.817391891529,35.8273714281674,3.81756353,10.597,66.442,2.737,26990037.0,56.9108061152324
Nepal,NPL,2009,1.97,473.078751198621,38.6441196454107,3.90179515,10.582,66.6,2.63,27173035.0,59.8638612146309
Nepal,NPL,2010,7.93,585.278491984574,41.5056568805896,4.36131525,10.563,66.772,2.541,27341952.0,62.0156581578338
Nepal,NPL,2011,9.0,785.518656222132,44.4117125540755,4.45220184,10.627,67.123,2.462,27464494.0,63.139949798584
Nepal,NPL,2012,11.14929962,788.202937148377,47.3622706946734,4.49078751,10.632,67.364,2.42,27534915.0,63.6558406194333
Nepal,NPL,2013,13.30000019,803.269595420477,50.3565022636622,4.63012981,10.666,67.598,2.36,27589996.0,64.1314570156048
Nepal,NPL,2014,15.43999958,821.455224911731,53.394175397633,5.07549381,10.62,67.812,2.319,27672370.0,64.5640847098488
Nepal,NPL,2015,17.58160019,875.543635474862,56.4745599225782,5.46615553,10.643,67.374,2.273,27823629.0,64.9510094249155
Nepal,NPL,2016,20.70000076,877.256454696737,59.5972467919298,5.42378998,10.714,68.444,2.226,27955462.0,65.2895168835553
Nepal,NPL,2017,24.3,1034.28374906846,62.7615781748289,4.72174025,10.66,68.74,2.173,28011258.0,65.5768928085184
Nepal,NPL,2018,28.60000038,1179.19843190389,65.966994107957,4.52845383,10.593,69.036,2.12,28079689.0,65.8104229225551
Nepal,NPL,2019,33.33660126,1203.14294706401,69.2128409973963,4.44524717,10.477,69.299,2.08,28414064.0,65.9873929484157
Nepal,NPL,2020,36.96530151,1154.21517578318,72.4985122908231,5.2080965,13.037,69.106,2.051,28966574.0,66.1050886088505
Nepal,NPL,2021,40.98910141,1252.75076731986,75.8233419830013,5.53498316,12.241,68.385,2.025,29475010.0,66.144235274522
Nepal,NPL,2022,45.45080185,1385.91066002922,79.1866571655946,6.52950287,10.661,70.087,2.002,29715436.0,66.2992968721053
Nepal,NPL,2023,45.80680084,1382.38300895424,82.5877911140468,6.15843678,10.437,70.354,1.984,29694614.0,66.5432933453944
Netherlands,NLD,2000,43.984351373138,26225.1697734149,98.056483719237,7.70382404,2.725,77.9878048780488,1.72,15925513.0,78.4826828427081
Netherlands,NLD,2001,49.3730621073123,26955.7128032278,98.0316592994205,8.04176903,2.119,78.190243902439,1.71,16046180.0,80.1840578652121
Netherlands,NLD,2002,61.29,29446.5330872868,98.0008258449046,8.61879349,2.554,78.2926829268293,1.73,16148929.0,80.8085275226169
Netherlands,NLD,2003,64.35,35896.7504630706,97.971318587799,9.01979256,3.593,78.4926829268293,1.75,16225302.0,81.3011308878582
Netherlands,NLD,2004,68.52,40611.3414353091,97.9431344903827,9.07156658,4.646,79.0951219512195,1.72,16281779.0,82.250953139759
Netherlands,NLD,2005,81.0,42165.396168388,97.9163269623659,9.05984592,5.872,79.3463414634146,1.71,16319868.0,83.5048949725161
Netherlands,NLD,2006,83.7,45123.5432406426,97.8921645573829,9.03575516,5.007,79.6975609756098,1.72,16346101.0,84.6532280358545
Netherlands,NLD,2007,85.82,52100.7996285947,97.8704752768738,9.00052166,4.153,80.0975609756098,1.72,16381696.0,85.4089231499726
Netherlands,NLD,2008,87.42,58246.7026905874,97.8497502030324,9.21819305,3.658,80.2512195121951,1.77,16445593.0,85.6149582464487
Netherlands,NLD,2009,89.63,53172.0261581418,97.8284751819117,9.90839005,4.352,80.5487804878049,1.79,16530388.0,86.2223179632671
Netherlands,NLD,2010,90.72,51305.7338533973,97.808168937922,10.09452248,4.991,80.7024390243902,1.79,16615394.0,87.3502790247129
Netherlands,NLD,2011,91.4199957622284,54701.7728030611,97.7902878211501,10.14537811,4.977,81.2048780487805,1.76,16693074.0,88.0059204972573
Netherlands,NLD,2012,92.859992359525,50473.9442002689,97.7732705537269,10.45467281,5.821,81.1048780487805,1.72,16754962.0,88.5342462391333
Netherlands,NLD,2013,93.9564,52602.2860520766,97.7588931118417,10.50247383,7.241,81.3048780487805,1.68,16804432.0,89.1749992370605
Netherlands,NLD,2014,91.6666666666667,53457.2234864322,97.7468177052972,10.45699596,7.419,81.7073170731707,1.71,16865008.0,89.8364787097165
Netherlands,NLD,2015,91.7241379310345,45793.8135434697,97.7352192649865,10.18857956,6.872,81.509756097561,1.66,16939923.0,90.2787737214621
Netherlands,NLD,2016,90.4109589041096,46808.5291492503,97.7241321475967,9.89148426,6.007,81.5609756097561,1.66,17030314.0,90.5803239452777
Netherlands,NLD,2017,93.1972789115646,49513.6817346384,97.7135252353783,9.93712521,4.837,81.7609756097561,1.62,17131296.0,91.1219700676602
Netherlands,NLD,2018,91.8918918918919,53955.0770024266,97.7036451274894,9.85083961,3.832,81.8121951219512,1.59,17231624.0,92.6062472401044
Netherlands,NLD,2019,93.2885906040269,53554.9007491475,97.6944050882075,9.93616295,3.379,82.1121951219512,1.57,17344874.0,93.8898028856479
Netherlands,NLD,2020,91.33333333,53467.9277413737,97.6857903463505,10.94954681,3.82,81.3585365853659,1.54,17441500.0,94.2532277765935
Netherlands,NLD,2021,92.05298013,60141.9880911492,97.6777500278997,11.13498974,4.209,81.309756097561,1.62,17533044.0,94.6294783220315
Netherlands,NLD,2022,92.51968504,59123.318556487,97.6702396117146,10.03109169,3.526,81.6146341463415,1.49,17700982.0,94.9856177734136
Netherlands,NLD,2023,97.00680272,63515.6030780019,97.6632296431228,9.83150005,3.535,81.8634146341464,1.43,17877117.0,95.3221682092129
New Caledonia,NCL,2000,13.9395488232698,15329.7297200058,100.0,,17.907,73.574,2.509,223098.0,61.6103287085477
New Caledonia,NCL,2001,18.2371097828416,14482.3606263602,100.0,,17.391,73.958,2.422,227707.0,61.9960127034469
New Caledonia,NCL,2002,22.389797417113,16104.5520406819,100.0,,17.045,74.278,2.347,232236.0,62.4118035339378
New Caledonia,NCL,2003,26.4083344703588,20768.1061488848,100.0,,16.665,74.5,2.268,236678.0,62.8540725422625
New Caledonia,NCL,2004,30.2980462088488,24475.6488547037,100.0,,16.31,74.713,2.243,240852.0,63.3117500793361
New Caledonia,NCL,2005,32.3590147531561,25528.2918353444,100.0,,15.778,74.867,2.227,244381.0,63.918391040144
New Caledonia,NCL,2006,33.5157146807209,28193.2537573387,100.0,,15.256,75.016,2.241,247547.0,64.7508025811084
New Caledonia,NCL,2007,35.05,35177.6535261448,100.0,,14.754,75.181,2.215,250725.0,65.6204802173329
New Caledonia,NCL,2008,34.51,35723.9033194947,100.0,,14.36,75.398,2.204,253825.0,66.3257509774158
New Caledonia,NCL,2009,33.99,33836.494080472,100.0,,13.97,75.676,2.194,257250.0,66.6631859586932
New Caledonia,NCL,2010,42.0,35798.9084757829,100.0,,13.998,75.992,2.187,261582.0,66.703836218007
New Caledonia,NCL,2011,50.0,38835.9401851385,100.0,,13.988,76.315,2.2,266543.0,66.726209122213
New Caledonia,NCL,2012,58.0,35559.5672006157,100.0,,14.116,76.615,2.202,271633.0,66.7417059914448
New Caledonia,NCL,2013,66.0,36671.1566752621,100.0,,14.39,76.867,2.167,276822.0,66.7584127864925
New Caledonia,NCL,2014,70.0,37816.9558599295,100.0,,14.59,77.053,2.118,281224.0,66.7846387072769
New Caledonia,NCL,2015,74.00175279141,30858.7237060533,100.0,,13.621,77.206,2.079,283168.0,66.8278045547803
New Caledonia,NCL,2016,,30782.8544433514,100.0,,12.679,77.359,2.078,283423.0,66.8902054658406
New Caledonia,NCL,2017,82.0058408035186,32354.7102832901,100.0,,11.676,77.504,2.043,283546.0,66.9683393293094
New Caledonia,NCL,2018,,34902.8968780031,100.0,,11.702,77.557,2.041,283541.0,67.0588809757675
New Caledonia,NCL,2019,,33411.3358835672,100.0,,10.88,77.262,2.05,283606.0,67.1574673707832
New Caledonia,NCL,2020,,33270.330597637,100.0,,13.558,77.049,2.022,284176.0,67.2747261065933
New Caledonia,NCL,2021,,35311.5543551452,100.0,,11.574,77.113,2.012,285214.0,67.4130776539646
New Caledonia,NCL,2022,,33516.363085906,100.0,,10.71,77.698,1.998,287123.0,67.5720305021282
New Caledonia,NCL,2023,,33701.8923322781,100.0,,10.922,78.766,1.98,289870.0,67.751522311337
New Zealand,NZL,2000,47.3795565432096,13641.1027183822,99.9999993417981,7.46995974,6.13,78.6365853658537,1.98,3857700.0,85.7059660456056
New Zealand,NZL,2001,53.2410152941279,13882.8568268586,100.0,7.5789361,5.433,78.6926829268293,1.97,3880500.0,85.7545174444303
New Zealand,NZL,2002,59.0807532812931,16874.1874918196,100.0,7.90034246,5.282,78.8463414634146,1.89,3948500.0,85.8061578183401
New Zealand,NZL,2003,60.9625398663824,21913.7081719961,99.9999984462731,7.72179937,4.745,79.1463414634146,1.93,4027200.0,85.857962055807
New Zealand,NZL,2004,61.8476278106481,25420.234882944,99.9999993424079,7.90095711,4.005,79.5487804878049,1.98,4087500.0,85.9017708294597
New Zealand,NZL,2005,62.72019958,27751.0654708859,99.9999975084119,8.27324677,3.807,79.8512195121951,1.97,4133900.0,85.9299325780946
New Zealand,NZL,2006,69.0,26654.5932018985,100.0,8.63846684,3.857,80.0487804878049,2.01,4184600.0,85.9356841665703
New Zealand,NZL,2007,69.76000214,32479.9817381467,99.999996901465,8.32899952,3.661,80.1512195121951,2.18,4223800.0,85.9291840664852
New Zealand,NZL,2008,72.02999878,31324.7397977102,100.0,8.65133667,4.167,80.3512195121951,2.19,4259800.0,85.9144723093505
New Zealand,NZL,2009,79.7,28276.7255416225,99.9999975383469,9.13566399,6.121,80.7024390243902,2.13,4302600.0,85.8918345477824
New Zealand,NZL,2010,80.45999908,33761.9009639947,100.0,9.09511089,6.557,80.9048780487805,2.17,4350700.0,85.8614043258228
New Zealand,NZL,2011,81.23000336,38425.829997974,99.9999988858894,9.10748196,6.491,81.1560975609756,2.09,4384000.0,85.8233151875134
New Zealand,NZL,2012,81.644470179502,40041.7524816244,99.9999978085497,9.20243168,6.931,81.4073170731707,2.1,4408100.0,85.777700676896
New Zealand,NZL,2013,82.77999878,42984.9571801167,100.0,8.9393549,5.839,81.4048780487805,2.01,4442100.0,85.7080129786455
New Zealand,NZL,2014,84.0,44599.8992733675,100.0,8.97204113,5.428,81.4568292682927,1.92,4516500.0,85.5076659530411
New Zealand,NZL,2015,85.19999695,38648.7302562109,100.0,8.88920593,5.415,81.6124390243903,1.99,4609400.0,85.1518763760531
New Zealand,NZL,2016,86.5,40088.3205470499,99.9999978251524,8.76869011,5.147,81.6585365853659,1.87,4714100.0,84.691365594
New Zealand,NZL,2017,87.69999695,42912.1537002148,99.9999952214353,8.61795807,4.736,81.8585365853659,1.81,4813600.0,84.1701025874108
New Zealand,NZL,2018,89.0,43204.1305124872,99.9999959549403,8.56966972,4.335,81.7073170731707,1.71,4900600.0,83.8017846685577
New Zealand,NZL,2019,89.86370087,42872.2681243427,99.9999954101942,8.61898708,4.109,82.0560975609756,1.72,4970300.0,83.804965871667
New Zealand,NZL,2020,90.92099762,42054.6743136586,100.0,9.25240231,4.595,82.2560975609756,1.62,5072400.0,83.8138977095908
New Zealand,NZL,2021,91.99060059,49902.154346032,99.9999956407702,9.55072403,3.776,82.2073170731707,1.65,5084600.0,83.8299382585905
New Zealand,NZL,2022,93.07289886,49141.6316294227,100.0,10.56814575,3.299,81.9585365853658,1.67,5081700.0,83.8547305017812
New Zealand,NZL,2023,93.32610321,49302.341876493,99.999999971682,10.12947655,3.734,81.7585365853659,1.57,5200000.0,83.8898991461229
Nicaragua,NIC,2000,0.980216486692385,1017.3124434882,,5.23883677,7.181,66.36,3.12,5022633.0,55.2160707858522
Nicaragua,NIC,2001,1.44879942820716,1051.874235891,,5.48459768,7.222,67.028,2.996,5087825.0,55.3522521763064
Nicaragua,NIC,2002,1.71472958428668,1014.3339042591,,5.73315859,7.517,67.95,2.887,5149909.0,55.4894961947237
Nicaragua,NIC,2003,1.88041253242301,1021.35216668794,,6.08317614,7.6,68.749,2.827,5210963.0,55.6308042935869
Nicaragua,NIC,2004,2.32066460863941,1098.62118662335,,6.05740356,6.41,69.51,2.784,5272912.0,55.7791779253789
Nicaragua,NIC,2005,2.566400051,1183.30214010175,,6.22468948,5.37,70.374,2.765,5342105.0,55.9375480421093
Nicaragua,NIC,2006,2.8055730627337,1248.17371577788,,6.35756445,5.31,70.958,2.733,5418855.0,56.1058547675536
Nicaragua,NIC,2007,3.900000095,1350.38145753377,,6.95643044,4.89,71.197,2.697,5497243.0,56.2816618351146
Nicaragua,NIC,2008,5.300000191,1523.68437086409,,7.16700697,6.2,71.404,2.66,5576593.0,56.4638124507513
Nicaragua,NIC,2009,7.300000191,1467.08288052845,,7.68584394,8.16,71.499,2.626,5656601.0,56.651098305894
Nicaragua,NIC,2010,10.0,1526.56706951408,,7.71019173,7.83,71.761,2.596,5737450.0,56.842311091973
Nicaragua,NIC,2011,10.6,1679.71192084633,,7.44982004,6.613,72.033,2.558,5819051.0,57.0362425004184
Nicaragua,NIC,2012,13.5,1784.69836017555,,7.48836899,5.208,72.435,2.527,5901287.0,57.2316842226606
Nicaragua,NIC,2013,15.5,1835.43996363715,,7.63869238,5.28,72.551,2.492,5983845.0,57.4274279501299
Nicaragua,NIC,2014,17.60000038,1958.37047579547,,7.97716141,4.52,72.792,2.463,6066492.0,57.6222653742564
Nicaragua,NIC,2015,19.70429993,2074.45620634731,,7.96303272,4.7,72.899,2.434,6149417.0,57.8149881864705
Nicaragua,NIC,2016,24.57180023,2131.68704828322,,8.04877567,3.9,73.18,2.407,6232666.0,58.0043880782023
Nicaragua,NIC,2017,30.39999962,2182.61380995674,,8.32754421,3.3,73.389,2.378,6316231.0,58.1892567408822
Nicaragua,NIC,2018,33.9129982,2035.16549390507,,8.4993515,5.2,73.879,2.347,6400080.0,58.3683858659405
Nicaragua,NIC,2019,39.01079941,1958.62051528095,,8.50037098,5.457,73.764,2.321,6483657.0,58.5405671448072
Nicaragua,NIC,2020,44.87490082,1938.44704754382,,8.55739307,6.18,70.766,2.299,6565267.0,58.7045922689128
Nicaragua,NIC,2021,51.62039948,2138.38573878237,,9.54984856,6.076,70.478,2.265,6644741.0,58.8592529296875
Nicaragua,NIC,2022,59.38000107,2322.89069619459,,8.97882748,4.969,74.463,2.24,6730654.0,58.9954376220703
Nicaragua,NIC,2023,60.30120087,2609.44491147975,,8.29879284,4.698,74.947,2.218,6823613.0,59.1250953674316
Niger,NER,2000,0.0362612938065891,194.771959898935,6.49095998473198,4.65891504,1.427,49.172,7.829,11509630.0,16.1307678222656
Niger,NER,2001,0.10518543139701,205.417936120931,6.90942898388813,4.72659349,1.47,49.872,7.81,11920647.0,16.2687225341797
Niger,NER,2002,0.127152468779619,225.294391147438,7.30986882133162,4.82717037,1.808,50.645,7.797,12349144.0,16.2687206268311
Niger,NER,2003,0.155698703668983,265.225363452469,7.71048737435581,4.74740648,2.145,51.545,7.789,12796984.0,16.2687225341797
Niger,NER,2004,0.189933733703092,283.468281798296,8.11105189403746,4.97818327,2.751,52.402,7.777,13265836.0,16.2687225341797
Niger,NER,2005,0.221300006,318.643121918273,8.51225299855436,5.87749624,3.1,53.32,7.769,13756192.0,16.2687225341797
Niger,NER,2006,0.294,333.345078419447,8.91225988238255,5.99335575,2.528,54.223,7.744,14268581.0,16.2675724894628
Niger,NER,2007,0.390399992,387.168065883301,9.3108172797856,5.43105888,2.021,55.063,7.726,14803610.0,16.2641887037781
Niger,NER,2008,0.7,475.044955398162,9.70763488348427,5.24640608,1.584,55.852,7.702,15361915.0,16.2586706998252
Niger,NER,2009,0.76,461.131533961487,10.1032794598234,5.33850145,1.208,56.487,7.679,15943675.0,16.2511180003032
Niger,NER,2010,0.829999983,474.425692340831,10.4974697713474,4.96100473,0.718,57.08,7.64,16548835.0,16.2416301279116
Niger,NER,2011,0.9,510.75956176268,10.8898889805879,4.87323856,0.316,57.6,7.592,17176283.0,16.2303066053496
Niger,NER,2012,1.049999952,528.510104469655,11.2811585980416,4.30732679,2.177,57.987,7.527,17836769.0,16.2141284004355
Niger,NER,2013,1.149999976,552.103334363117,11.6709689397012,4.46636009,1.401,58.364,7.445,18519898.0,16.2162595696064
Niger,NER,2014,1.24867568902241,565.30989731175,12.0644714438851,4.45377159,0.524,58.693,7.342,19215909.0,16.2450424611665
Niger,NER,2015,2.476200104,485.662574175279,12.4627973884211,5.34745932,0.556,58.85,7.215,19939498.0,16.3035606587493
Niger,NER,2016,4.322800159,499.910520068193,12.8657160959019,4.53239059,0.55,59.228,7.043,20685753.0,16.3898280543236
Niger,NER,2017,10.2243115586561,529.929418934868,13.2744201872419,5.57609606,0.556,59.524,6.874,21435446.0,16.5036987906896
Niger,NER,2018,10.74180031,576.927536415462,13.6886629942744,5.30310822,0.536,59.765,6.706,22188069.0,16.6449011799221
Niger,NER,2019,11.28549957,541.265819870273,14.10969749241,5.66642094,0.531,60.031,6.537,22947757.0,16.813146499685
Niger,NER,2020,11.85680008,575.451340306915,14.5380631441061,6.17012262,0.591,59.89,6.369,23717613.0,17.0081420003794
Niger,NER,2021,12.45689964,609.585703670137,14.973899415173,5.81452751,0.806,59.542,6.2,24502140.0,17.2295936666686
Niger,NER,2022,13.08749962,613.614736429298,15.4185833482363,4.34980488,0.403,60.398,6.135,25311973.0,17.477207007512
Niger,NER,2023,12.98079967,647.930108509567,15.8722896113192,4.04895782,0.407,61.183,6.061,26159867.0,17.7506873295237
Nigeria,NGA,2000,0.0640808079494101,547.318298903379,27.9946368630353,3.1973834,3.953,47.143,6.124,126382494.0,43.2785051250243
Nigeria,NGA,2001,0.089901370457273,566.428231812933,28.0339074690086,3.18946862,3.9,47.549,6.128,129862595.0,44.1262421418539
Nigeria,NGA,2002,0.320461975542327,712.164852077686,28.6863485385753,2.49063969,3.669,48.02,6.116,133471989.0,44.9793025536893
Nigeria,NGA,2003,0.558576244860521,763.388745367223,29.3592592810807,5.05360985,3.637,48.618,6.1,137202644.0,45.8372080921761
Nigeria,NGA,2004,1.28613764134527,962.48104194733,30.053264298702,4.63368416,3.59,49.148,6.09,141057045.0,46.6994804889599
Nigeria,NGA,2005,3.54915571796492,1211.37703504386,30.7689136757313,4.46591949,3.727,49.538,6.063,145017253.0,47.5656414756863
Nigeria,NGA,2006,5.54503608300536,1599.53891556365,31.5068491941473,4.25775146,3.749,49.876,6.053,149077334.0,48.424271994461
Nigeria,NGA,2007,6.769999981,1815.52697545827,32.2676921129548,3.90997243,3.794,50.381,6.027,153267261.0,49.2357987173198
Nigeria,NGA,2008,8.0,2154.10543545364,33.0520750926105,3.69581532,3.792,50.748,6.024,157595014.0,50.0505212312351
Nigeria,NGA,2009,9.300000191,1820.48633854782,33.8602860424374,3.5801971,3.763,51.08,5.993,162049464.0,50.86453484762
Nigeria,NGA,2010,11.5,2202.25672957344,34.6931346813428,3.29653287,3.744,51.315,5.948,166642886.0,51.6778188255446
Nigeria,NGA,2011,13.80000019,2418.41316975875,35.5499413895312,3.32077932,3.77,51.49,5.893,171379598.0,52.490352424079
Nigeria,NGA,2012,16.10000038,2633.19734671361,36.4309338253294,3.35984254,3.761,51.688,5.797,176200625.0,53.302114902293
Nigeria,NGA,2013,19.10000038,2872.79083379398,37.3360751927047,3.4206934,3.711,51.827,5.694,181049443.0,54.1130855192568
Nigeria,NGA,2014,21.0,3088.72131316169,38.2655103767243,3.34840417,3.9,51.94,5.622,185896915.0,54.9232435340404
Nigeria,NGA,2015,22.51420021,2585.73360671797,39.2193808312227,3.58194995,4.134,51.939,5.503,190671878.0,55.7325682057138
Nigeria,NGA,2016,24.13750076,2070.4127339595,40.1973286058844,3.64773679,4.499,52.189,5.343,195443700.0,56.541038793347
Nigeria,NGA,2017,25.87789917,1876.34027111773,41.1997192224782,3.74762511,4.83,52.397,5.182,200254579.0,57.3486345560101
Nigeria,NGA,2018,27.74370003,2057.87944554011,42.2262627362671,3.09069347,5.069,52.669,5.021,204938755.0,58.1553347527729
Nigeria,NGA,2019,29.74410057,3189.81286496183,43.2767522763627,2.98547053,5.206,53.009,4.861,209485641.0,58.9611186427056
Nigeria,NGA,2020,31.88879967,2797.184580679,44.3511472247714,3.38063431,5.714,53.072,4.7,213996181.0,59.7659654848781
Nigeria,NGA,2021,35.50979996,2787.48779220991,45.4491559568794,4.07625723,5.404,53.455,4.636,218529286.0,60.5698545383604
Nigeria,NGA,2022,39.14720154,2899.16047469267,46.5706755484283,4.21020174,3.827,54.079,4.552,223150896.0,61.3727650622225
Nigeria,NGA,2023,40.06399918,2138.76383718757,47.7155813553496,4.19086456,3.074,54.462,4.482,227882945.0,62.1746763155343
North Macedonia,MKD,2000,2.48556631640066,1861.89899780644,88.6499475814466,8.86991501,32.2,72.9463414634147,1.863,2026350.0,58.4918382392587
North Macedonia,MKD,2001,3.46818460849398,1823.02267682636,88.6252235401792,8.3815918,30.52,73.4365853658537,1.729,2034882.0,58.0943199277127
North Macedonia,MKD,2002,17.33,1989.13537265159,88.6004998671063,8.97826958,31.94,73.0390243902439,1.786,2020157.0,57.8726144171205
North Macedonia,MKD,2003,19.07,2445.36286400013,88.5757736884035,9.00857735,36.69,73.2414634146342,1.745,2022725.0,57.8501791693323
North Macedonia,MKD,2004,24.44,2818.5814561242,88.5509345256761,8.46505451,37.161,73.5975609756098,1.524,2016186.0,57.8527941292946
North Macedonia,MKD,2005,26.45000076,3120.98401394233,89.1441375585342,7.67907524,37.32,73.6975609756098,1.5,2005330.0,57.8614206464767
North Macedonia,MKD,2006,28.62,3440.4411057968,89.7448433584085,7.38314581,36.392,73.8951219512195,1.46,1994287.0,57.8796574341199
North Macedonia,MKD,2007,36.29999924,4204.11328760452,90.3525986106097,6.57065344,35.231,73.8,1.46,1982933.0,57.9111032054655
North Macedonia,MKD,2008,46.04,5026.4202989873,90.966962665795,6.55317593,33.93,74.4,1.47,1971493.0,57.9593566737547
North Macedonia,MKD,2009,51.77,4799.78722768888,91.5875725774437,6.52846384,32.351,74.4463414634146,1.5,1958782.0,58.0280165522288
North Macedonia,MKD,2010,51.9,4833.36586759968,92.2138622798074,6.71369696,33.135,74.9975609756098,1.6,1946298.0,58.1206815541291
North Macedonia,MKD,2011,56.7,5416.86672931659,92.8454434778871,6.51887369,31.502,75.1,1.46,1937398.0,58.2409503926967
North Macedonia,MKD,2012,57.449947312961,5049.8265386157,93.4817519077294,6.61468363,31.096,74.9024390243903,1.5,1929821.0,58.3924217811729
North Macedonia,MKD,2013,65.24,5626.26115664893,94.1223717416181,6.71928358,29.017,75.4,1.5,1922716.0,58.578694432799
North Macedonia,MKD,2014,68.0584815397496,5925.38592218015,94.7668041558134,6.28993368,28.215,75.4512195121951,1.5,1917557.0,58.8033670608162
North Macedonia,MKD,2015,70.3802030766689,5262.68671928674,95.4144114282649,6.34227896,26.395,75.4024390243902,1.49,1912430.0,59.0700383784659
North Macedonia,MKD,2016,72.1568144676058,5598.48622617967,96.0648171578031,6.37943363,24.312,75.4,1.5,1906313.0,59.3823070989891
North Macedonia,MKD,2017,74.5168241807954,5955.2973863451,96.7174458342857,6.43909454,22.857,75.9536585365854,1.43,1898657.0,59.7437719356273
North Macedonia,MKD,2018,79.1677551850871,6713.98925398989,97.3296814337333,6.45699358,21.208,76.6487804878049,1.42,1889051.0,60.1580316016216
North Macedonia,MKD,2019,81.4128827618364,6718.85826635458,97.8791697296938,7.06654119,17.414,76.6024390243903,1.34,1876262.0,60.6286848102132
North Macedonia,MKD,2020,81.40553811,6659.59651070776,98.4277706026568,7.73212385,16.575,74.3951219512195,1.31,1856124.0,61.1593302746435
North Macedonia,MKD,2021,81.873703,7620.80296977508,98.9748195551065,8.41851234,15.801,73.2463414634146,1.6,1837114.0,61.6841975628139
North Macedonia,MKD,2022,83.85030365,7606.2375253797,98.98180306954,7.42164755,14.476,74.4248780487805,1.6,1831712.0,61.9530566607267
North Macedonia,MKD,2023,88.5,8674.35846327485,98.9894017609484,7.42730284,13.174,75.3160975609756,1.5,1827816.0,62.2518322545779
Northern Mariana Islands,MNP,2000,,,94.0133637810378,,,74.9,1.64,68356.0,90.1578212649113
Northern Mariana Islands,MNP,2001,,,94.2745099221282,,,75.419,1.736,67984.0,90.2518305832026
Northern Mariana Islands,MNP,2002,,19227.8894246608,94.5356560632186,,,75.934,1.678,66778.0,90.3408350832433
Northern Mariana Islands,MNP,2003,,18938.8728389967,94.796802204309,,,76.505,1.893,65421.0,90.4244081904616
Northern Mariana Islands,MNP,2004,,18924.5831899653,95.0579483453994,,,76.789,2.066,63938.0,90.5036416127499
Northern Mariana Islands,MNP,2005,,17015.7487891715,95.3190944864897,,,77.307,2.256,62354.0,90.5796270580004
Northern Mariana Islands,MNP,2006,,16314.5578590027,95.5802406275802,,,77.688,2.613,60682.0,90.6534562341057
Northern Mariana Islands,MNP,2007,,15914.2193040498,95.8413867686706,,,77.863,2.786,58941.0,90.726220848958
Northern Mariana Islands,MNP,2008,,16430.4461942257,96.102532909761,,,77.938,2.815,57150.0,90.7990126104496
Northern Mariana Islands,MNP,2009,,14369.6339810212,96.3636790508513,,,77.903,2.736,55325.0,90.8729232264729
Northern Mariana Islands,MNP,2010,,14771.4037455399,96.6248251919417,,,77.8,2.982,54091.0,90.9488180328106
Northern Mariana Islands,MNP,2011,,13598.7166094613,96.8859713330322,,,77.688,3.208,53608.0,91.0253367901352
Northern Mariana Islands,MNP,2012,,14013.6003306158,97.1471174741226,,,77.566,3.328,53234.0,91.1011927559234
Northern Mariana Islands,MNP,2013,,14632.8518897608,97.408263615213,,,77.452,3.535,52758.0,91.1764941872129
Northern Mariana Islands,MNP,2014,,15945.417608954,97.6694097563033,,,77.377,3.372,52178.0,91.2512344351276
Northern Mariana Islands,MNP,2015,,17665.1007493109,97.9305558973937,,,77.36,3.134,51514.0,91.3254068507915
Northern Mariana Islands,MNP,2016,,24225.474169342,98.1917020384842,,,77.392,2.923,50773.0,91.3990047853283
Northern Mariana Islands,MNP,2017,,31225.6049960968,98.4528481795746,,,77.47,2.762,49959.0,91.4720215898621
Northern Mariana Islands,MNP,2018,,26509.3628379893,98.713994320665,,,77.51,2.643,49077.0,91.5444506155168
Northern Mariana Islands,MNP,2019,,24496.6652122421,98.9751404617553,,,77.844,2.559,48129.0,91.6162852134162
Northern Mariana Islands,MNP,2020,,18220.8382427201,99.2362866028457,,,78.03,2.494,47528.0,91.6908367362908
Northern Mariana Islands,MNP,2021,,19455.50139424,99.4974327439361,,,78.16,2.441,46979.0,91.7842137303802
Northern Mariana Islands,MNP,2022,,23785.754590043,99.7585788850266,,,78.531,2.388,46078.0,91.8785788645608
Northern Mariana Islands,MNP,2023,,,99.7585788850266,,,78.808,2.348,45143.0,91.9754112887573
Norway,NOR,2000,52.0,37991.8907576589,98.0719414200245,7.70270586,3.458,78.6341463414634,1.85,4490967.0,76.1338922449534
Norway,NOR,2001,64.0,38458.2530907659,98.0708656188717,8.00972462,3.738,78.7853658536585,1.78,4513751.0,76.3958619273785
Norway,NOR,2002,72.84,43048.288735011,98.0698018240546,8.98267078,4.022,78.9878048780488,1.75,4538159.0,76.7955442460288
Norway,NOR,2003,78.13,50208.0960234078,98.0687468260808,9.19355106,4.221,79.390243902439,1.8,4564855.0,77.2600021362305
Norway,NOR,2004,77.69,57854.5698169407,98.0678039009157,8.79598331,4.256,79.8414634146342,1.83,4591910.0,77.5684593888498
Norway,NOR,2005,81.99,67358.3615969796,98.0669754884968,8.29899502,4.381,80.0414634146342,1.84,4623291.0,77.8260148882032
Norway,NOR,2006,82.55,75047.741700385,98.0661529563292,7.8822999,3.397,80.3439024390244,1.9,4660677.0,78.0877227783203
Norway,NOR,2007,86.93,86600.2387607877,98.0652982043914,8.01673985,2.493,80.3951219512195,1.9,4709153.0,78.4072502632828
Norway,NOR,2008,90.57,99001.5300678626,98.0644197562201,7.91507673,2.521,80.5926829268293,1.96,4768212.0,78.7541006020666
Norway,NOR,2009,92.08,81939.726548458,98.0635534703238,9.03254128,3.1,80.7951219512195,1.98,4828726.0,79.0570820210427
Norway,NOR,2010,93.39,90020.342257973,98.062693752149,8.8581152,3.527,80.9975609756098,1.95,4889252.0,79.245002746582
Norway,NOR,2011,93.4899826515194,103545.218988177,98.0616329327885,8.73474026,3.196,81.2951219512195,1.88,4953088.0,79.311620451463
Norway,NOR,2012,94.6499780533304,104627.93694681,98.060379335627,8.72188568,3.129,81.4512195121951,1.85,5018573.0,79.4905925441617
Norway,NOR,2013,95.0534,106333.138368566,98.0591412687485,8.87431335,3.425,81.7512195121951,1.78,5079623.0,79.9723980455359
Norway,NOR,2014,96.3005098242892,100410.020200979,98.0579255402038,9.28297901,3.486,82.1,1.75,5137232.0,80.6117159535579
Norway,NOR,2015,96.810325691365,77220.9524311414,98.0567246248415,10.06992245,4.296,82.3048780487805,1.72,5188607.0,81.2378240971353
Norway,NOR,2016,97.2982036675068,73222.4006864905,98.0555433258963,10.53049755,4.68,82.4073170731707,1.71,5234519.0,81.6800003051758
Norway,NOR,2017,96.3576012951191,78771.2151264554,98.0543904284695,10.22983646,4.164,82.609756097561,1.62,5276968.0,81.9699745912375
Norway,NOR,2018,96.4916579887094,85579.0776455494,98.053258505645,9.96037865,3.801,82.7585365853659,1.56,5311916.0,82.2452112401723
Norway,NOR,2019,98.0000043853142,79329.3075190012,98.0521493999593,10.43807507,3.684,82.9585365853659,1.53,5347896.0,82.4935894878281
Norway,NOR,2020,94.60755647,71057.5879471399,98.0510810985992,11.42416382,4.424,83.209756097561,1.48,5379475.0,82.7029885700532
Norway,NOR,2021,99.0000036,96442.5552173002,98.0500277378087,9.8142643,4.359,83.1634146341463,1.55,5408320.0,82.8612877226956
Norway,NOR,2022,98.99997764,113122.130765691,98.0490073611327,7.90873051,3.231,82.509756097561,1.41,5457127.0,82.9563661816034
Norway,NOR,2023,99.00000258,90984.4087141111,98.0480105181421,9.42925453,3.574,83.0121951219512,1.4,5519601.0,83.0718560702166
Oman,OMN,2000,3.52042141651097,9753.84755185404,89.1558441928925,2.68485427,4.433,73.643,3.852,2282131.0,71.5400835229196
Oman,OMN,2001,5.89384152148671,9611.96360191054,89.1527859645842,2.70073724,4.298,73.979,3.662,2310217.0,71.5179623016414
Oman,OMN,2002,6.87339603918545,9869.13050219438,89.9116284921649,2.77737164,4.335,74.276,3.51,2337140.0,71.5013318111475
Oman,OMN,2003,7.25574294536556,10463.5425832141,90.6708884910228,2.77524447,4.599,74.521,3.371,2363796.0,71.4926171971641
Oman,OMN,2004,6.75885217024525,11800.8507411171,91.4715625397252,2.59660101,4.693,74.82,3.2,2404821.0,71.5428923484265
Oman,OMN,2005,6.683599949,14434.8577924647,92.2937638272692,2.26479053,4.589,75.07,3.029,2459802.0,71.8577803438712
Oman,OMN,2006,8.299699783,16930.8565071853,93.1032818281143,2.01985121,4.387,75.354,2.879,2514795.0,72.3920261203777
Oman,OMN,2007,16.68,18792.653772482,93.9002107979075,2.11371112,4.309,75.596,2.761,2570174.0,73.0679250158092
Oman,OMN,2008,20.0,26576.779241509,94.6847837073689,1.75567567,4.142,76.124,2.762,2626529.0,73.807772368029
Oman,OMN,2009,26.79999924,20655.9180249218,95.4570743657186,2.4694581,3.977,76.631,2.829,2684659.0,74.5338635149003
Oman,OMN,2010,35.8278,23570.1798147325,96.2174842174493,2.47588587,3.911,77.184,2.973,2757446.0,75.1579724666274
Oman,OMN,2011,48.0,25188.0074151885,96.9895887554529,2.23611403,3.95,77.74,2.955,3076763.0,75.6585803514688
Oman,OMN,2012,60.0,24642.2978768596,97.7533977258664,2.27702832,3.753,78.187,2.928,3547106.0,76.088156621068
Oman,OMN,2013,66.45,23458.0233840053,98.4864188461934,2.5054009,3.553,78.633,2.954,3833913.0,76.4914234214313
Oman,OMN,2014,70.22000122,23160.6502252547,99.0454609162921,3.13740134,3.453,79.03,2.97,4002439.0,76.8892576748951
Oman,OMN,2015,73.52999878,18808.3077921839,99.3190102957444,4.07826233,3.403,79.346,2.965,4184895.0,77.3025363037955
Oman,OMN,2016,76.8453904741456,17110.1897460545,99.3192950863755,4.17580843,3.266,79.581,2.949,4390877.0,77.7521362304688
Oman,OMN,2017,80.18560028,17820.0661809335,99.3195652935256,3.95418668,2.523,79.748,2.923,4537396.0,78.3142260040136
Oman,OMN,2018,85.5,19901.7615642016,99.3198091795186,3.21469474,1.8,79.864,2.81,4597877.0,78.9655839720276
Oman,OMN,2019,90.25939941,19180.1864152801,99.3200354455114,3.80648994,2.045,79.946,2.696,4591241.0,79.5780017545962
Oman,OMN,2020,95.23229321,16784.8630630058,99.320248468501,5.11922932,2.94,77.763,2.638,4522497.0,80.0176378922722
Oman,OMN,2021,95.23880005,19403.4600160211,99.3204402699812,4.34468651,1.9,75.969,2.588,4500424.0,80.1239942103569
Oman,OMN,2022,95.24530029,23223.5829405935,99.3206203708609,3.06614041,3.3,77.911,2.449,4730226.0,80.0117053152301
Oman,OMN,2023,95.25170135,21027.7384572657,99.3207794038753,3.49047446,3.176,80.031,2.525,5049269.0,79.5702973228932
Pakistan,PAK,2000,,642.338346499898,36.3820444881262,2.48079324,0.614,61.903,5.352,154879127.0,33.0046884491535
Pakistan,PAK,2001,1.31855077925626,609.939506905073,36.4704767337174,2.33959723,0.611,62.241,5.182,159270907.0,33.1988471664032
Pakistan,PAK,2002,2.57742673683831,599.937345723927,36.5597990039308,2.42219901,0.615,62.556,5.012,163222549.0,33.3857078542752
Pakistan,PAK,2003,5.04115812592502,672.44178669894,36.6491235332267,2.10399199,0.612,62.834,4.894,167110248.0,33.5669209665019
Pakistan,PAK,2004,6.16432098534156,771.902247348954,38.3533268350512,2.03666282,0.598,63.097,4.685,171286000.0,33.7441369568158
Pakistan,PAK,2005,6.332300186,827.619861189926,40.051948707326,2.37323904,0.583,62.416,4.595,175453212.0,33.9190062789495
Pakistan,PAK,2006,6.5,900.873564984808,41.8712078550453,2.73132491,0.582,63.624,4.589,179682690.0,34.0931793866356
Pakistan,PAK,2007,6.800000191,998.090114197524,43.6965924516825,2.62370729,0.398,63.807,4.554,184493231.0,34.2683067336065
Pakistan,PAK,2008,7.0,1067.04324565284,45.5276108650431,2.56806731,0.423,64.002,4.515,189499113.0,34.4460387735948
Pakistan,PAK,2009,7.5,963.788066395225,47.3641982720808,2.49995875,0.535,64.206,4.465,194376534.0,34.6280259603331
Pakistan,PAK,2010,8.0,987.304571124485,49.2066353675779,2.42967653,0.653,64.378,4.398,199239047.0,34.8159187475539
Pakistan,PAK,2011,8.0,1131.73513834324,51.0548082670217,2.23121333,0.796,64.659,4.305,203746065.0,35.0113675889897
Pakistan,PAK,2012,8.100000381,1204.36475491585,52.9086096866619,2.22185278,3.667,64.883,4.204,207667125.0,35.2160229383731
Pakistan,PAK,2013,9.0,1225.4340119198,54.7673079838163,2.4164784,2.954,65.129,4.125,211073978.0,35.4315352494366
Pakistan,PAK,2014,10.0,1266.61340849959,56.6314636170423,2.48899078,1.827,65.374,4.055,214264647.0,35.6595549759128
Pakistan,PAK,2015,11.0,1380.47020838317,58.5009708232225,2.49493265,3.566,65.641,3.988,217290883.0,35.9017325715342
Pakistan,PAK,2016,12.385446763381,1424.69161195897,60.3757049658476,2.57026362,2.285,65.943,3.902,220138869.0,36.1597184900333
Pakistan,PAK,2017,13.77999973,1519.23459514248,62.2553089946578,2.7863009,3.204,66.223,3.9,223273967.0,36.4351548223399
Pakistan,PAK,2018,15.34000015,1569.33814626355,64.1435342442995,2.82844949,4.083,66.481,3.855,226928892.0,36.7478511550359
Pakistan,PAK,2019,17.070901719916,1390.41690981745,66.0398368746477,2.84736943,4.83,66.729,3.81,230800899.0,37.1091631735769
Pakistan,PAK,2020,18.935,1278.39735206896,67.9433820948755,2.95273018,5.994,65.701,3.765,235001746.0,37.5080192948099
Pakistan,PAK,2021,,1455.31922370186,69.8533376726557,2.99015832,6.338,65.773,3.72,239477801.0,37.9333395514173
Pakistan,PAK,2022,,1538.3228133171,71.7686736729802,2.90354776,5.291,67.417,3.662,243700667.0,38.3740439760816
Pakistan,PAK,2023,,1360.32417758419,71.8243245387853,2.51988316,5.237,67.649,3.605,247504495.0,38.8191861872791
Palau,PLW,2000,,7798.07510558974,92.3055211823769,8.63728905,,64.499,1.819,19178.0,69.5876201801789
Palau,PLW,2001,,8239.26386807565,92.5732732194194,7.79659462,,64.8,1.87,19352.0,70.5337109001769
Palau,PLW,2002,20.243939470621,8340.18965031021,92.8439227609951,7.28691149,,65.076,1.923,19503.0,72.3817031907384
Palau,PLW,2003,21.6015271777354,7862.39286077623,93.1174953662245,8.095788,,65.446,1.962,19659.0,74.5444848058291
Palau,PLW,2004,26.9703326341025,8393.73029137235,93.5161878932532,9.13479805,,65.816,1.989,19820.0,76.445323887982
Palau,PLW,2005,,9367.68615343862,93.9036183333376,8.63174248,,66.219,2.017,19819.0,77.574268209537
Palau,PLW,2006,,9737.01943934058,94.2803727715843,8.73999214,,66.633,1.996,19593.0,78.306895759147
Palau,PLW,2007,,10155.0470806134,94.6464571391492,8.83709908,,67.113,1.968,19302.0,79.019601300651
Palau,PLW,2008,,10471.1510008417,95.0022925220304,8.41378212,,67.562,1.947,19009.0,79.6639213135968
Palau,PLW,2009,,9837.49883077663,95.3478284028423,9.63057423,,67.99,1.935,18709.0,80.2186712923386
Palau,PLW,2010,,10018.065238367,95.6834729135313,10.93099976,,68.347,1.937,18396.0,80.6626667312304
Palau,PLW,2011,,10795.639900708,96.0093169387409,9.9432106,,68.638,1.965,18078.0,80.9747231246263
Palau,PLW,2012,,12098.4124331551,96.3258137255761,10.24609089,,68.863,2.006,17765.0,81.1285663568435
Palau,PLW,2013,,12820.5931621147,96.6329212315953,10.92691708,,68.981,2.054,17648.0,81.0756895339142
Palau,PLW,2014,,13854.730278013,96.931030387653,10.71111488,,69.062,2.032,17715.0,80.7338640362566
Palau,PLW,2015,,15938.3652222848,97.2203841305645,9.76325321,,69.07,2.002,17770.0,80.388246269234
Palau,PLW,2016,,17043.6660673147,97.5006428774559,10.01226997,,69.046,2.055,17797.0,80.1089335766065
Palau,PLW,2017,,16280.241199753,97.7722965190515,10.90419006,,69.019,2.019,17812.0,79.8284579022498
Palau,PLW,2018,,16179.877834849,98.0358496591014,11.19109821,,68.989,1.97,17814.0,79.5520868568744
Palau,PLW,2019,,15841.8923474548,98.2917742819101,12.17405796,,68.982,1.984,17798.0,79.2803814152827
Palau,PLW,2020,,14556.30954221,98.5405897338691,13.31541061,,68.689,1.972,17792.0,79.0796884006264
Palau,PLW,2021,,13267.4877340719,98.7826866864938,14.55276012,,68.563,1.95,17783.0,79.0890798782416
Palau,PLW,2022,82.56749725,13934.951996171,99.0185052265638,14.87842083,,68.922,1.927,17759.0,79.1134831712956
Palau,PLW,2023,82.91629791,15578.3497630733,99.0217636084131,10.85468197,,69.269,1.907,17727.0,79.1531991438847
Panama,PAN,2000,6.55479647729549,3975.09308659503,62.5612964932235,6.98486614,6.188,73.443,2.744,3010369.0,62.2165370013582
Panama,PAN,2001,7.26839987788729,3991.7767076924,63.300048397865,6.91849852,6.293,73.82,2.72,3069537.0,62.6337017277411
Panama,PAN,2002,8.51807781515595,4090.58617397129,64.3589021380052,7.05643845,6.302,74.195,2.698,3129344.0,63.0330904426342
Panama,PAN,2003,9.98742407723405,4264.66428846636,65.4227494263176,6.71176672,6.303,74.567,2.679,3189807.0,63.4079949945516
Panama,PAN,2004,11.1408625409415,4644.56582353041,66.4912909784567,7.08192825,6.097,74.845,2.68,3251155.0,63.7553758418416
Panama,PAN,2005,11.48400021,5017.7410922824,67.5645305842362,6.20666599,5.967,75.16,2.643,3313026.0,64.0721934428526
Panama,PAN,2006,17.34959984,5528.76705469354,68.6424595699143,6.54604864,5.792,75.429,2.62,3375024.0,64.355408255933
Panama,PAN,2007,22.29,6317.81730274124,69.7247974616696,7.35227633,5.665,75.675,2.612,3437490.0,64.6019807394311
Panama,PAN,2008,33.82,7347.59050324397,70.8121135731026,6.80452538,5.639,75.937,2.608,3500648.0,64.8088713516952
Panama,PAN,2009,39.08,7796.92617035048,71.9041216278813,6.9857955,5.857,76.228,2.593,3564381.0,64.9730405510737
Panama,PAN,2010,40.1,8331.46421351868,73.0005374055146,7.22332573,5.845,76.417,2.587,3628535.0,65.0926097647906
Panama,PAN,2011,42.7,9662.29592216607,74.1041771182907,6.83196259,4.03,76.659,2.604,3693505.0,65.1896678664818
Panama,PAN,2012,40.3018952210488,11064.8063606203,75.2147165198156,6.50450659,3.691,76.877,2.591,3759256.0,65.2829468288151
Panama,PAN,2013,44.03,12273.3225037637,76.3321222229942,6.52210426,3.674,77.129,2.569,3825329.0,65.3709770103365
Panama,PAN,2014,44.9238152577893,13213.1989637473,77.4566352300972,6.91532087,4.391,77.365,2.552,3892101.0,65.4531164770096
Panama,PAN,2015,51.2054249948687,14082.6548502728,78.5876693762409,6.93698502,4.335,77.583,2.53,3960035.0,65.5287232947981
Panama,PAN,2016,54.0,14832.3611608191,79.7251829235126,7.09378099,4.717,77.772,2.502,4029086.0,65.5971555296656
Panama,PAN,2017,59.9506309038683,15694.6297454295,80.8694181421993,7.16492653,5.338,77.901,2.462,4098707.0,65.6577712475758
Panama,PAN,2018,61.8055313202468,16151.3273478476,82.0200768210799,7.60132933,5.161,78.266,2.402,4167860.0,65.7099285144924
Panama,PAN,2019,63.6284147731451,16477.9066285687,83.1771159799322,8.13541794,6.256,78.514,2.288,4234700.0,65.752985396379
Panama,PAN,2020,64.82430267,13290.5608347594,84.3402384762944,10.21630001,14.663,76.33,2.184,4293261.0,65.7862999591993
Panama,PAN,2021,66.04270172,15509.8069109784,85.5096832210543,9.13571072,10.177,77.004,2.152,4345405.0,65.8092302689169
Panama,PAN,2022,67.2838974,17378.6070083597,86.6851526856535,9.04578876,8.086,79.324,2.139,4400773.0,65.8211343914956
Panama,PAN,2023,68.54851592,18797.1933894611,87.8666162534578,8.33022976,6.544,79.594,2.119,4458759.0,65.8601271176084
Papua New Guinea,PNG,2000,0.835249302427624,635.957919047725,16.2164700300816,2.0184176,2.92,61.609,4.525,5537064.0,13.2228772276955
Papua New Guinea,PNG,2001,0.904103545170821,537.847459634131,16.2062854132542,2.3006382,2.801,61.647,4.469,5728435.0,13.1864094716078
Papua New Guinea,PNG,2002,1.3216569348661,506.331789534482,16.197953472063,2.77562952,2.756,61.643,4.419,5924003.0,13.1530694608835
Papua New Guinea,PNG,2003,1.37440466802801,577.467922387259,16.1896215101361,2.4531486,2.628,61.741,4.362,6123997.0,13.1226067833938
Papua New Guinea,PNG,2004,1.5079127722725,620.596147680561,16.1808266451098,2.59372902,2.526,61.795,4.283,6328041.0,13.0951673752744
Papua New Guinea,PNG,2005,1.71619047556782,744.486489977433,16.6059135071294,2.44874048,2.385,61.868,4.22,6535905.0,13.0708971726612
Papua New Guinea,PNG,2006,1.754487260668,1238.18282926706,17.0313208013981,2.42600322,2.285,62.018,4.148,6747720.0,13.04994211169
Papua New Guinea,PNG,2007,1.790599942,1370.753415829,17.4570499950418,2.42102122,2.169,62.211,4.076,6963345.0,13.0324481284965
Papua New Guinea,PNG,2008,1.15,1624.79319935188,17.8830999336479,2.13526058,2.168,62.511,4.015,7183002.0,13.0185611592166
Papua New Guinea,PNG,2009,1.61,1568.83193368607,18.2486172804539,2.32937527,2.089,62.772,3.941,7406438.0,13.008427139986
Papua New Guinea,PNG,2010,1.28,1866.86889851208,18.6101507749501,2.10756016,2.002,63.056,3.883,7633523.0,13.0021920069407
Papua New Guinea,PNG,2011,2.0,2288.37591141234,18.9672978280348,2.29397798,2.62,63.382,3.816,7859346.0,13.0000025015364
Papua New Guinea,PNG,2012,3.5,2635.0873631547,19.3208666166654,2.66693544,2.634,63.639,3.746,8081390.0,13.0143796071362
Papua New Guinea,PNG,2013,5.099999905,2560.77458976327,19.6757982283776,2.99727893,2.698,63.927,3.684,8302698.0,13.0582475733094
Papua New Guinea,PNG,2014,6.5,2723.17529825196,20.0317273970696,3.27119064,2.54,64.198,3.625,8523441.0,13.1316404025265
Papua New Guinea,PNG,2015,7.900000095,2484.5963398603,20.3882856738352,1.81881714,2.507,64.473,3.558,8743246.0,13.2341359836319
Papua New Guinea,PNG,2016,9.601499557,2316.39479758492,20.745116008719,2.33063054,2.478,64.7,3.495,8961718.0,13.3653651942392
Papua New Guinea,PNG,2017,11.20919991,2477.76530986323,21.1018609699395,2.22970986,2.58,64.923,3.432,9178714.0,13.5249644881888
Papua New Guinea,PNG,2018,12.35789967,2566.36833735041,21.4585108450562,2.30051899,2.65,65.114,3.382,9394513.0,13.7125720532162
Papua New Guinea,PNG,2019,13.62419987,2575.77274140393,21.8143659983838,2.3253386,2.651,65.331,3.322,9609010.0,13.9278267446947
Papua New Guinea,PNG,2020,15.02040005,2429.61134585269,22.169086312378,2.30193973,2.903,65.075,3.274,9815746.0,14.1703677185729
Papua New Guinea,PNG,2021,16.55960083,2607.97769973161,22.5229636359759,2.33994722,3.03,64.358,3.215,10012896.0,14.4398342822353
Papua New Guinea,PNG,2022,18.25659943,3102.29409730005,22.8753163799614,2.61463141,2.689,65.274,3.165,10203169.0,14.7358658260841
Papua New Guinea,PNG,2023,18.56130028,2966.06455045333,23.2257913219562,2.87081432,2.649,66.134,3.099,10389635.0,15.0581017891206
Paraguay,PRY,2000,0.747630711548184,1736.11729210765,70.767087190756,6.01865244,7.61,70.026,3.508,5100868.0,57.5141169408231
Paraguay,PRY,2001,1.09879383569333,1637.68615122932,72.0502385165428,5.60815811,6.206,70.281,3.361,5187689.0,57.9686577349574
Paraguay,PRY,2002,1.79496959770244,1367.76506935997,73.3060100380697,4.75770569,9.393,70.539,3.233,5261328.0,58.3089732866691
Paraguay,PRY,2003,2.11194208210034,1443.99885236205,74.4672620916261,4.90703917,6.814,70.795,3.123,5326436.0,58.5521334403429
Paraguay,PRY,2004,3.45243843137079,1786.21533938543,75.6031403142363,4.93224335,6.513,71.054,3.053,5388175.0,58.7421370296254
Paraguay,PRY,2005,7.90700786141285,1970.87169852378,76.728771501701,4.82934713,4.825,71.317,2.973,5448097.0,58.894079141979
Paraguay,PRY,2006,7.962100029,2439.43124694576,77.8439277858393,5.01927567,5.277,71.584,2.889,5505148.0,59.0202286834627
Paraguay,PRY,2007,11.21,3211.93621659546,78.9486876932809,5.02042723,4.713,71.817,2.823,5559386.0,59.1328545601355
Paraguay,PRY,2008,14.27,4384.9546943793,80.0433396656403,5.03776026,4.415,72.047,2.792,5613574.0,59.2442256780564
Paraguay,PRY,2009,18.9,3941.84815479271,81.1277039466521,5.52496862,5.46,72.282,2.757,5671236.0,59.3666109432844
Paraguay,PRY,2010,19.8,4750.96273669322,82.2018433166323,5.46593952,4.569,72.551,2.695,5737971.0,59.5122792618786
Paraguay,PRY,2011,24.7635158793993,5805.40154543044,83.2658343869198,5.82225847,4.67,72.787,2.667,5814626.0,59.693499539898
Paraguay,PRY,2012,29.34,5642.1699167298,84.3199132953919,6.53144598,4.085,73.105,2.658,5897008.0,59.9212909454702
Paraguay,PRY,2013,36.9,6435.68342733182,85.3589778746888,6.0642848,4.385,73.292,2.636,5982445.0,60.2375315600901
Paraguay,PRY,2014,43.0073750122614,6652.25478942291,86.387257170265,6.62719059,5.034,73.415,2.646,6069811.0,60.7101965948157
Paraguay,PRY,2015,49.716304663966,5879.33792308671,87.4068345992566,6.69165802,4.556,73.454,2.645,6159103.0,61.3302768533263
Paraguay,PRY,2016,53.4041274791009,5775.1596339946,88.4178947324525,6.67556572,5.255,73.487,2.624,6249126.0,62.0827613208606
Paraguay,PRY,2017,61.0757562215797,6152.26711537703,89.4202504452198,6.60902548,6.138,73.45,2.591,6338660.0,62.9526389826574
Paraguay,PRY,2018,64.9935430235756,6258.44991640954,90.415146711899,6.74497652,6.217,73.627,2.561,6427382.0,63.9248988239553
Paraguay,PRY,2019,68.5176284222264,5821.18199548637,91.4154881056866,7.16081905,6.595,73.668,2.525,6515058.0,64.9845298299929
Paraguay,PRY,2020,73.95751114,5365.47220721191,92.4079453626308,7.67533064,7.548,72.72,2.497,6603739.0,66.116520986009
Paraguay,PRY,2021,77.01838621,5974.9057185863,93.3920477799252,8.03277016,7.311,68.108,2.469,6684182.0,67.3058612772421
Paraguay,PRY,2022,76.25916611,6189.10205375331,94.2434679233291,7.73537827,6.755,72.319,2.444,6760464.0,68.6396537819458
Paraguay,PRY,2023,78.09481878,6303.26495017292,95.2491802778514,8.35731316,5.794,73.844,2.422,6844146.0,69.3466081733694
Peru,PER,2000,3.07643061137675,1945.41338451698,64.6899370720139,4.41482639,4.959,69.821,2.845,26598331.0,72.7724831207703
Peru,PER,2001,7.57876295717419,1929.57273038846,65.4068839269518,4.72161007,5.068,70.315,2.744,26964601.0,73.1565814081586
Peru,PER,2002,8.96694917040028,2007.37019626753,66.1134789664025,4.93902588,4.84,70.815,2.693,27288217.0,73.5500651944675
Peru,PER,2003,11.6,2129.44114197634,66.8103000461573,4.58703804,4.15,71.278,2.661,27580490.0,73.9558750733136
Peru,PER,2004,14.1,2397.25147277714,67.4970575513904,4.42972279,4.71,71.447,2.673,27852190.0,74.3769516383133
Peru,PER,2005,17.10000038,2706.66947297608,68.1735152494759,4.66598511,4.87,71.988,2.643,28101180.0,74.8162354830832
Peru,PER,2006,20.70000076,3129.55996496982,68.8406174970812,4.409585,4.17,72.337,2.619,28324491.0,75.2766672012397
Peru,PER,2007,25.20000076,3581.0893081917,69.4977421323012,4.42611313,4.08,72.746,2.583,28530699.0,75.7615250588738
Peru,PER,2008,30.57,4197.58444634142,70.0979718244948,4.53098345,4.03,72.743,2.528,28719041.0,76.2744879116779
Peru,PER,2009,31.4,4181.18755462253,70.6712078070281,4.95976877,3.96,72.631,2.48,28896811.0,76.822147540745
Peru,PER,2010,34.77,5072.11494019615,71.2400990831427,4.70582962,3.6,72.886,2.421,29086019.0,77.4020936833934
Peru,PER,2011,36.01,5861.35793645245,71.803986474928,4.52216864,3.477,73.327,2.413,29304086.0,78.0118164985462
Peru,PER,2012,38.2,6519.37852981527,72.3636014252996,4.72939587,3.238,73.979,2.356,29550366.0,78.6488061451268
Peru,PER,2013,39.2,6746.80025696601,72.9183194169617,4.71272659,3.575,74.591,2.317,29817919.0,79.3105527820586
Peru,PER,2014,40.2446560091704,6667.13410360861,73.4685325137981,4.90967321,3.208,75.26,2.271,30115826.0,79.9945465682649
Peru,PER,2015,40.8526009090468,6231.71150338894,74.0145820909902,4.90453625,3.272,75.732,2.229,30457600.0,80.698277662669
Peru,PER,2016,45.4617406869459,6217.03599995447,74.5559040876133,4.89353323,3.741,75.951,2.189,30866494.0,81.4192362241943
Peru,PER,2017,50.4504121848143,6736.16693725487,75.0928493726003,4.80915499,3.691,75.958,2.152,31324637.0,82.1931650502403
Peru,PER,2018,55.0543342443197,6978.49121548627,75.6274098296364,5.0835557,3.492,76.018,2.118,31897584.0,82.6854929960921
Peru,PER,2019,59.9505036049006,7037.00803692604,76.1591748496731,5.12525272,3.379,76.275,2.086,32449303.0,83.1033003087105
Peru,PER,2020,65.25179796,6133.32552410183,76.6882865431078,6.34739399,7.179,73.832,2.056,32838579.0,83.5267437189637
Peru,PER,2021,71.10782643,6828.53422535638,77.2143581209312,6.67309427,5.097,71.596,2.029,33155882.0,83.9480118272361
Peru,PER,2022,74.67495213,7353.74598721667,77.7372734420618,6.0974617,4.291,76.834,2.004,33475438.0,84.3663554951194
Peru,PER,2023,79.48484477,7919.04634828547,78.2571577701354,5.63786411,4.899,77.74,1.98,33845617.0,84.7810255849745
Philippines,PHL,2000,1.98225319605827,1050.79273107952,64.5780150363269,3.05512357,3.77,67.789,3.754,79625397.0,39.1384171397742
Philippines,PHL,2001,2.52400566008269,969.530611744453,65.0101350604839,2.84775972,3.698,67.829,3.719,81401488.0,39.5375185608843
Philippines,PHL,2002,4.33227574643007,1014.90879320106,65.4430807592906,2.63767385,3.616,67.886,3.651,83068889.0,39.9553922931877
Philippines,PHL,2003,4.85767226708512,1027.2301192843,65.8768513398554,3.07663488,3.527,68.049,3.591,84731835.0,40.3928506135438
Philippines,PHL,2004,5.2436284521711,1099.63013023758,66.311449594431,3.0468533,3.554,68.301,3.524,86394504.0,40.8507057988121
Philippines,PHL,2005,5.397600174,1220.46018559867,66.7468776426565,3.74253035,3.795,68.423,3.448,88015962.0,41.3297701258519
Philippines,PHL,2006,5.74058632534702,1426.14649179546,67.1831301872284,3.77762938,4.052,68.172,3.466,89508986.0,41.8308558715226
Philippines,PHL,2007,5.97,1712.65543282793,68.2064372279476,3.75318074,3.434,68.549,3.403,91075184.0,42.3470499959497
Philippines,PHL,2008,6.22,1959.29233534978,69.2399098229444,3.86315918,3.72,68.643,3.401,92699095.0,43.1547492407016
Philippines,PHL,2009,9.0,1864.45043406471,70.2836819040094,4.16451931,3.858,68.631,3.376,94384250.0,44.3356772609527
Philippines,PHL,2010,25.0,2162.91375885614,71.3424056654417,4.13107872,3.605,68.883,3.315,96337125.0,45.5208176726647
Philippines,PHL,2011,29.0,2383.91892522087,72.4331957075581,4.02518559,3.592,69.096,3.236,98248614.0,46.6833632464759
Philippines,PHL,2012,30.79999924,2614.61644401308,73.5302350229801,4.17709208,3.504,69.237,3.143,100175512.0,47.9182784810426
Philippines,PHL,2013,32.70000076,2781.27957677397,74.6335366418639,4.27408695,3.497,69.283,3.042,102076336.0,49.1313688766206
Philippines,PHL,2014,34.70000076,2866.83803761407,75.7428560199161,3.70313668,3.6,69.311,2.894,103767130.0,50.2392400212368
Philippines,PHL,2015,36.90000153,2909.85818010301,76.8582853974515,3.8982749,3.068,69.45,2.829,105312992.0,51.1549047745227
Philippines,PHL,2016,39.20000076,2985.19564024046,77.9796692916052,3.95484328,2.695,69.49,2.679,106735719.0,51.9114748151175
Philippines,PHL,2017,41.59999847,3038.12124959289,79.1077756692214,3.96042776,2.552,69.966,2.525,108119693.0,52.6010482354344
Philippines,PHL,2018,44.09999847,3168.51036609727,80.2422384212533,3.9538188,2.338,69.761,2.378,109465287.0,53.2088897464754
Philippines,PHL,2019,43.0266118680279,3400.78949767074,81.3825055793541,4.16646004,2.237,69.68,2.215,110804683.0,53.7157859948017
Philippines,PHL,2020,53.76490021,3227.57910235199,82.5280655331601,5.16214037,2.522,70.097,2.075,112081264.0,54.1077719895977
Philippines,PHL,2021,66.90779877,3484.38593882819,83.6784077055498,5.97500563,3.398,66.675,1.95,113100950.0,54.4504102510776
Philippines,PHL,2022,75.21114422,3548.06930572116,84.8329995746262,5.15588379,2.598,69.472,1.929,113964338.0,54.7902343568327
Philippines,PHL,2023,77.86699677,3804.08274131718,85.991294396015,5.10122538,2.2,69.833,1.916,114891199.0,55.1242716168851
Poland,POL,2000,7.2854287080601,4520.64100449111,87.5745482145907,5.26548243,14.928,73.7487804878049,1.37,38258629.0,61.7459160613903
Poland,POL,2001,9.9006697073534,5015.23790036613,88.2568300626224,5.64010143,18.435,74.2,1.31,38248076.0,61.7557708646056
Poland,POL,2002,21.15,5223.45178967082,88.9353545903738,6.04828405,20.211,74.4975609756098,1.25,38230364.0,61.7581534555696
Poland,POL,2003,24.87,5720.81366178104,89.5946791670526,5.93375778,19.899,74.5975609756098,1.22,38204570.0,61.7281374379602
Poland,POL,2004,32.53,6711.72715262967,90.2562618468016,5.84185648,18.822,74.8463414634146,1.23,38182222.0,61.6555172559989
Poland,POL,2005,38.81,8043.92332253757,90.9202465624261,5.79073858,17.592,74.9951219512195,1.24,38165445.0,61.5497010774856
Poland,POL,2006,44.58,9068.85528307627,91.5867449958382,5.78148365,13.794,75.1439024390244,1.27,38141267.0,61.4199688499096
Poland,POL,2007,48.6,11272.5293683383,92.2555378641252,5.86390114,9.551,75.2439024390244,1.31,38120560.0,61.2756005207604
Poland,POL,2008,53.13,14048.5604672654,92.9266483730048,6.35196781,7.069,75.5439024390244,1.39,38125759.0,61.1258760375274
Poland,POL,2009,58.97,11556.3026866026,93.6002677787451,6.57037735,8.131,75.6951219512195,1.4,38151603.0,60.9800753477
Poland,POL,2010,62.32,12567.7317676382,94.2762845397447,6.43533468,9.578,76.2463414634146,1.41,38042794.0,60.8474783987677
Poland,POL,2011,61.94999896898,13867.6669408192,94.9547125941391,6.24533606,9.576,76.6951219512195,1.33,38063255.0,60.7357090652544
Poland,POL,2012,62.3099972714691,13087.420943321,95.6349971602727,6.22854042,10.031,76.7463414634146,1.33,38063164.0,60.6341632788866
Poland,POL,2013,62.8492,13621.9023794031,96.3180175161036,6.44993687,10.293,77.0,1.29,38040196.0,60.5333187465323
Poland,POL,2014,66.5987360557248,14262.2841914116,97.0037037873813,6.39059496,8.971,77.6024390243903,1.32,38011735.0,60.4340063344328
Poland,POL,2015,67.9969871556415,12637.5220324406,97.6921036491612,6.36490345,7.475,77.4512195121951,1.32,37986412.0,60.3362886805635
Poland,POL,2016,73.3007040962669,12464.0121044827,98.3831051859455,6.5470438,6.141,77.8512195121951,1.39,37970087.0,60.2402284228997
Poland,POL,2017,75.9853659493832,13913.3415190124,98.7966126825203,6.53713226,4.867,77.7536585365854,1.48,37974826.0,60.145888199417
Poland,POL,2018,77.5417345350006,15658.210586693,98.9554251030336,6.25094128,3.835,77.6024390243903,1.46,37974750.0,60.0533306480907
Poland,POL,2019,80.4359068768673,15874.5220531254,98.9575340330854,6.38906956,3.267,77.9048780487805,1.44,37965475.0,59.9626184068963
Poland,POL,2020,83.18488715,16150.9304813473,98.9575085375078,6.42739105,3.155,76.4,1.39,37515748.0,59.8738141138092
Poland,POL,2021,85.37490906,18635.5104895754,98.9573598717452,6.3654809,3.268,75.3512195121951,1.33,36981559.0,59.8096513205543
Poland,POL,2022,86.94113479,18891.2121169279,98.9570843478037,6.46619797,2.811,77.1560975609756,1.29,36821749.0,59.8315488048321
Poland,POL,2023,86.414744,22145.2660647429,98.9566925447355,7.13848782,2.743,78.2585365853659,1.2,36687353.0,59.8859561370214
Portugal,PRT,2000,16.4304676923534,11526.3720667968,97.6509233684472,8.60104179,3.806,76.3146341463415,1.55,10289898.0,54.4051635389142
Portugal,PRT,2001,18.0871365595338,11734.7649743954,97.7681484102338,8.62751579,3.829,76.8146341463415,1.45,10362722.0,55.0679833009212
Portugal,PRT,2002,19.37,12936.6928204482,97.8834679572702,8.78642941,4.497,77.0658536585366,1.46,10419631.0,55.789299869679
Portugal,PRT,2003,29.67,15797.7821340276,97.9973101774028,9.12415695,6.132,77.219512195122,1.44,10458821.0,56.5865509520713
Portugal,PRT,2004,31.78,18064.1580932987,98.1096749031417,9.5325079,6.319,77.6707317073171,1.4,10483861.0,57.4171857647664
Portugal,PRT,2005,34.99,18780.12751241,98.2205201292001,9.65306759,7.582,78.0707317073171,1.41,10503330.0,58.2450763389585
Portugal,PRT,2006,38.01,19839.4540499032,98.3299181904217,9.35422611,7.649,78.419512195122,1.37,10522288.0,59.0340947058419
Portugal,PRT,2007,42.09,22811.0564844365,98.4378342320443,9.25186634,7.965,78.3219512195122,1.35,10542964.0,59.7481128966109
Portugal,PRT,2008,44.13,24949.0413566739,98.5442996404821,9.58307838,7.553,78.5243902439025,1.39,10558177.0,60.3510029424595
Portugal,PRT,2009,48.27,23151.2154130712,98.649279909145,10.13070393,9.432,78.7268292682927,1.34,10568247.0,60.8066368745822
Portugal,PRT,2010,53.3,22551.935098809,98.7528330142709,10.01858425,10.771,79.0268292682927,1.39,10573100.0,61.0788867241731
Portugal,PRT,2011,55.2499968797194,23246.5425416481,98.8549411407512,9.71847439,12.715,80.4707317073171,1.35,10557560.0,61.1410698395502
Portugal,PRT,2012,60.3399974868057,20593.4274224109,98.9556231886088,9.64000225,15.509,80.3731707317073,1.28,10514844.0,61.1409793914666
Portugal,PRT,2013,62.0956,21676.4859642714,99.0548734178937,9.39476109,16.237,80.7219512195122,1.21,10457295.0,61.1405315215642
Portugal,PRT,2014,64.5924200648949,22120.6850127107,99.1527262690652,9.33570766,13.88,81.1219512195122,1.24,10401062.0,61.1394537361116
Portugal,PRT,2015,68.6328614804299,19215.7813014347,99.2491933162673,9.33309937,12.405,81.1243902439025,1.31,10358076.0,61.137469211538
Portugal,PRT,2016,70.423567088723,19980.2808866516,99.3443014964216,9.39989281,11.058,81.1243902439025,1.37,10325452.0,61.1343011242723
Portugal,PRT,2017,73.7912139515729,21442.3842768879,99.43806801438,9.32668972,8.878,81.4243902439025,1.38,10300300.0,61.1296726507436
Portugal,PRT,2018,74.6609681487507,23541.1401075289,99.5305100855018,9.42121029,6.966,81.3243902439024,1.42,10283822.0,61.1233069673808
Portugal,PRT,2019,75.3463779408712,23343.3628970034,99.6200248701138,9.50868607,6.422,81.6756097560976,1.44,10286263.0,61.114927250613
Portugal,PRT,2020,78.26166044,22299.4044062173,99.6529221881304,10.52074051,6.85,81.3292682926829,1.42,10297081.0,61.1042566768691
Portugal,PRT,2021,82.30902804,24711.4510062111,99.6623109186367,11.22031498,6.712,81.3780487804878,1.35,10361831.0,61.0951249296597
Portugal,PRT,2022,84.49690644,24620.5197587181,99.6612544387821,10.5492239,6.138,81.6317073170732,1.43,10434332.0,61.1259255772782
Portugal,PRT,2023,85.79012676,27634.6183139773,99.6602104639564,10.02761173,6.498,82.3292682926829,1.45,10578174.0,61.2048652633664
Puerto Rico (US),PRI,2000,10.4746482089399,16192.1269719638,97.6257622005571,,10.08,75.514,2.0485,3810605.0,94.4035182032107
Puerto Rico (US),PRI,2001,15.6300309162012,18123.1987019918,97.8050783983287,,11.4,75.972,1.9346,3818774.0,94.3774462314518
Puerto Rico (US),PRI,2002,17.5476475654777,18731.4593897378,97.9843945961003,,11.94,76.819,1.8317,3823701.0,94.3218712450313
Puerto Rico (US),PRI,2003,19.7070256578252,19557.1202492358,98.1637107938719,,11.78,76.941,1.7624,3826095.0,94.2449445194985
Puerto Rico (US),PRI,2004,22.1307382347014,20988.9923326534,98.3430269916435,,10.31,76.913,1.7822,3826878.0,94.1544210292187
Puerto Rico (US),PRI,2005,23.4000504486583,21959.322696986,98.522343189415,,11.35,76.703,1.7702,3821362.0,94.058055748557
Puerto Rico (US),PRI,2006,25.4424182102582,22935.9411586313,98.7016593871866,,11.01,77.561,1.7123,3805214.0,93.9636036518786
Puerto Rico (US),PRI,2007,27.86,23664.8823485096,98.8809755849582,,10.93,77.659,1.6505,3782995.0,93.8788197135489
Puerto Rico (US),PRI,2008,38.0,24898.3345857045,99.0602917827298,,11.48,78.111,1.6516,3760866.0,93.8114589079331
Puerto Rico (US),PRI,2009,41.5,25768.7258883384,99.2396079805014,,15.0,78.377,1.6528,3740410.0,93.7692762093964
Puerto Rico (US),PRI,2010,45.3,26414.8810634548,99.418924178273,,16.1,78.717,1.6235,3724465.0,93.7588772214391
Puerto Rico (US),PRI,2011,48.0,27170.0766543278,99.5982403760446,,15.7,78.766,1.5965,3693464.0,93.7598202101009
Puerto Rico (US),PRI,2012,68.9999826014151,27742.024476618,99.7775565738162,,14.5,79.258,1.5425,3661045.0,93.7630744424317
Puerto Rico (US),PRI,2013,68.999990004,28212.0499737431,99.9568727715878,,14.3,80.318,1.47,3631427.0,93.7698316907305
Puerto Rico (US),PRI,2014,76.1338597201667,28576.0988023209,100.0,,13.9,80.039,1.432,3585017.0,93.7813071818968
Puerto Rico (US),PRI,2015,63.4663353848474,29242.041465085,100.0,,12.0,80.677,1.3365,3535167.0,93.7987161428303
Puerto Rico (US),PRI,2016,68.6438071976518,29978.0889268918,100.0,,11.8,80.355,1.2425,3480432.0,93.8232738004303
Puerto Rico (US),PRI,2017,68.7407731407209,30328.479490518,100.0,,10.8,79.07,1.101,3410837.0,93.8561953815964
Puerto Rico (US),PRI,2018,70.8563997424362,30679.9181934488,100.0,,9.2,81.086,1.035,3290690.0,93.8986961132283
Puerto Rico (US),PRI,2019,77.7364393708352,31830.5284993358,100.0,,8.3,81.438,0.982,3302691.0,93.9519912222253
Puerto Rico (US),PRI,2020,,31427.1034994916,100.0,,8.89,80.009,0.922,3281591.0,94.0116144995587
Puerto Rico (US),PRI,2021,84.78666399,32618.8705106244,100.0,,7.9,79.77,0.907,3262731.0,94.0550712597302
Puerto Rico (US),PRI,2022,87.29178106,35353.5613891039,100.0,,6.0,79.427,0.914,3220148.0,94.1110923054937
Puerto Rico (US),PRI,2023,,36980.7653928068,100.0,,5.725,81.69,0.92,3203794.0,94.1774359275881
Qatar,QAT,2000,4.86367917875156,27535.182940934,99.9365492602027,1.97258496,0.87,75.25,3.073,644989.0,96.2942718926638
Qatar,QAT,2001,6.17026856093911,25870.7991864314,99.9365492602027,2.3197093,0.87,75.486,3.08,677925.0,96.4674307551724
Qatar,QAT,2002,10.2261289281118,27226.6593510117,99.9365492602027,2.46044064,0.87,75.766,3.011,711205.0,96.6424497593905
Qatar,QAT,2003,19.242336421002,31602.470865136,99.9365492602027,3.50257182,0.87,76.097,2.925,744682.0,96.8311182064009
Qatar,QAT,2004,20.701647851169,41035.5008380177,99.9365492602027,3.18311739,0.87,76.484,2.794,773332.0,97.0472579559041
Qatar,QAT,2005,24.73349953,53949.6764091147,99.9365492602027,2.56300044,0.87,76.909,2.635,825408.0,97.3016654918171
Qatar,QAT,2006,28.97410011,62582.4453138755,99.9365492602027,2.288064,0.87,77.323,2.509,972831.0,97.5827378795062
Qatar,QAT,2007,37.0,65954.1146428814,99.9365489991929,2.07008052,0.52,77.741,2.438,1208595.0,97.8663125111735
Qatar,QAT,2008,44.29999924,80781.2113909506,99.9365487381809,1.63775349,0.31,78.262,2.369,1426938.0,98.1295193937322
Qatar,QAT,2009,53.09999847,60785.7351551657,99.9365484771668,2.38356304,0.31,78.837,2.254,1608903.0,98.3494885340955
Qatar,QAT,2010,69.0,77387.2936379616,99.9365482161506,1.87017763,0.45,79.444,2.137,1616832.0,98.5066232166665
Qatar,QAT,2011,69.0,103261.510293068,99.9365479551322,1.599962,0.56,79.994,2.07,1624761.0,98.6300610210909
Qatar,QAT,2012,69.3,108470.378825036,99.9365476941116,1.74822152,0.48,80.499,2.04,1722438.0,98.7428010471968
Qatar,QAT,2013,85.3,103697.008372373,99.9365474330889,2.07620168,0.28,80.974,2.032,1916426.0,98.8357621827901
Qatar,QAT,2014,91.48999786,95840.6310094498,99.9365471720641,2.42293572,0.2,81.395,2.03,2151745.0,98.901627838826
Qatar,QAT,2015,92.8848264535481,68985.2946961507,99.9365469110371,3.63581347,0.17,81.785,1.976,2344557.0,98.9382407681154
Qatar,QAT,2016,95.1246621661148,61253.6375482797,99.936546650008,3.54971433,0.15,82.147,1.856,2477113.0,98.9855265345423
Qatar,QAT,2017,97.3888491654164,63279.8556949332,99.9365463889767,3.21237087,0.14,82.458,1.834,2545820.0,99.0310125265978
Qatar,QAT,2018,99.6528491261175,71039.8490579352,99.9365461279432,2.96176219,0.11,82.714,1.756,2580734.0,99.0755684762244
Qatar,QAT,2019,99.6528042086389,66841.3013484919,99.9365458669077,3.18468714,0.1,82.945,1.731,2638657.0,99.1191696672067
Qatar,QAT,2020,99.65284913,51683.5054376677,99.9365456058699,3.81872201,0.14,80.409,1.675,2794148.0,99.1617913833034
Qatar,QAT,2021,99.65280151,71751.8831257169,99.9365453448301,2.8927927,0.14,81.083,1.605,2504910.0,99.203408908243
Qatar,QAT,2022,98.03800201,88701.463352273,99.936545083788,2.18613315,0.13,81.857,1.739,2657333.0,99.243997525719
Qatar,QAT,2023,98.15229797,80195.8746508549,99.936545083788,2.52358818,0.13,82.368,1.729,2656032.0,99.2835325193835
Romania,ROU,2000,3.61371729139783,1659.92904910528,,4.20876169,6.969,71.1634146341463,1.31,22442971.0,52.8619549004535
Romania,ROU,2001,4.53866902895312,1825.19299373184,74.1221850215514,4.37598133,6.561,71.1609756097561,1.27,22131970.0,52.764808691157
Romania,ROU,2002,6.58,2119.85509684554,74.0945506298244,4.57694626,8.112,71.009756097561,1.27,21730496.0,52.7466427937759
Romania,ROU,2003,8.9,2679.40626016154,74.1452194428032,5.37136793,6.95,71.309756097561,1.3,21574326.0,52.8023493819682
Romania,ROU,2004,15.0,3494.99056448955,74.1955058645708,5.47733593,7.719,71.5609756097561,1.33,21451748.0,52.9175295523808
Romania,ROU,2005,21.5,4618.00350802913,74.2457870285484,5.52778196,7.174,71.9121951219512,1.4,21319685.0,53.074507031037
Romania,ROU,2006,24.66,5757.53127301178,75.1835159880533,5.07106066,7.27,72.1634146341463,1.42,21193760.0,53.2566380678272
Romania,ROU,2007,28.3,8360.33775916596,76.118166846837,5.02223349,6.413,72.5658536585366,1.45,20882982.0,53.4472789126416
Romania,ROU,2008,32.42,10435.1561230787,77.0497373536879,5.02277184,5.787,72.5658536585366,1.6,20537875.0,53.6297858153706
Romania,ROU,2009,36.6,8548.4543409242,77.9782248834449,5.27816248,6.859,73.309756097561,1.66,20367487.0,53.7875150259042
Romania,ROU,2010,39.93,8399.5374234284,78.9036342216492,5.63882685,6.959,73.4585365853659,1.59,20246871.0,53.9038227941329
Romania,ROU,2011,40.0099967810008,9560.6755277458,79.8259688450856,4.47503996,7.177,74.409756097561,1.47,20147528.0,53.9608874244169
Romania,ROU,2012,45.8799942529424,8929.95366231474,80.7099325881725,4.50939083,6.794,74.4121951219512,1.52,20058035.0,53.9563092496073
Romania,ROU,2013,49.7645,9497.67411615237,81.5787881318127,5.2240696,7.096,75.0634146341463,1.46,19983693.0,53.9101758034365
Romania,ROU,2014,54.0783206550943,10031.7710755404,82.4485173692872,5.0276823,6.802,74.909756097561,1.56,19908979.0,53.8267187624053
Romania,ROU,2015,55.7631556336233,8977.01748158196,83.3255001952095,4.94292021,6.812,74.9121951219512,1.62,19815616.0,53.7071839518893
Romania,ROU,2016,59.5039512852713,9404.54005870715,84.2094124497179,5.08012772,5.901,75.209756097561,1.69,19702267.0,53.5528171972639
Romania,ROU,2017,63.7472821822484,10727.9822007426,85.0986005989272,5.18878555,4.927,75.209756097561,1.78,19588715.0,53.3648643239046
Romania,ROU,2018,70.6812779273268,12416.134317959,85.9929537766502,5.51454878,4.187,75.3585365853659,1.76,19473970.0,53.1445711571868
Romania,ROU,2019,73.6574757545465,12909.6104013244,86.8911090946585,5.69924641,3.912,75.6073170731707,1.77,19371648.0,52.8931835224862
Romania,ROU,2020,78.45526895,13009.1525348396,87.7922191507809,6.20959711,5.035,74.2536585365854,1.8,19265250.0,52.611947245178
Romania,ROU,2021,83.5904265,14908.0412813921,88.6956428751098,6.45246983,5.59,72.809756097561,1.81,19122059.0,52.2321512130811
Romania,ROU,2022,85.50309124,15503.4691366242,89.6004899502368,5.79823256,5.614,75.1536585365854,1.71,19048502.0,52.1634832477272
Romania,ROU,2023,89.20335498,18244.4186876321,90.505532492932,5.70901489,5.589,76.4048780487805,1.54,19061062.0,52.1645747011867
Russian Federation,RUS,2000,1.97723010897647,1771.59411621094,,5.01989794,10.581,65.4836585365854,1.195,146596869.0,73.1568222045898
Russian Federation,RUS,2001,2.94436778664985,2100.3525390625,,5.24284792,8.978,65.3834146341463,1.223,145976482.0,73.22998046875
Russian Federation,RUS,2002,4.12827181796644,2377.52954101563,81.6606940878558,5.52166557,7.875,65.1287804878049,1.286,145306497.0,73.2929008030615
Russian Federation,RUS,2003,8.29886061553908,2975.123046875,81.6655198787968,5.16368914,8.21,65.0275609756098,1.319,144648618.0,73.4057388305664
Russian Federation,RUS,2004,12.8593889008473,4102.36474609375,81.6723116501913,4.7603755,7.763,65.4709756097561,1.344,144067316.0,73.3065795898438
Russian Federation,RUS,2005,15.22669983,5323.455078125,81.6791040024383,4.77177477,7.124,65.529756097561,1.294,143518814.0,73.1613922119141
Russian Federation,RUS,2006,18.02330017,6920.19970703125,81.6858939304323,4.76654387,7.055,66.7275609756098,1.305,143049637.0,73.2439193725586
Russian Federation,RUS,2007,24.66,9101.2392578125,82.2454451048795,4.74792528,6.002,67.5868292682927,1.416,142805114.0,73.3856048583984
Russian Federation,RUS,2008,32.0,11635.2841796875,82.8056855793495,4.90364122,6.205,67.9492682926829,1.502,142742366.0,73.4822463989258
Russian Federation,RUS,2009,42.55,8562.82421875,83.3664393165315,5.64392471,8.301,68.6846341463415,1.542,142785348.0,73.5288696289062
Russian Federation,RUS,2010,49.0,10674.990234375,83.92804330417,4.97111797,7.407,68.8412195121951,1.567,142849468.0,73.6696307887624
Russian Federation,RUS,2011,58.0,14305.33203125,84.4903383941057,4.79491472,6.571,69.6839024390244,1.582,143018195.0,73.8534851074219
Russian Federation,RUS,2012,66.0,15401.8515625,85.0560724272836,4.93637276,5.484,70.0721951219512,1.691,143378447.0,73.97265625
Russian Federation,RUS,2013,67.97,15941.4482421875,85.6253629696735,5.08104849,5.513,70.5787804878049,1.707,143805638.0,74.0762949770228
Russian Federation,RUS,2014,70.5175682574413,14055.47265625,86.1989352053169,5.1820941,5.212,70.7436585365854,1.75,144237223.0,74.1776476748791
Russian Federation,RUS,2015,70.0992412263947,9277.7138671875,86.7766922089747,5.29604626,5.615,71.1834146341463,1.777,144640716.0,74.275919065527
Russian Federation,RUS,2016,73.091434617897,8663.158203125,87.3591528902794,5.28970337,5.591,71.6512195121951,1.762,145015460.0,74.3703138709243
Russian Federation,RUS,2017,76.0081385339105,10658.9130859375,87.9466409875352,5.35890055,5.238,72.4514634146342,1.621,145293260.0,74.460036813029
Russian Federation,RUS,2018,80.8647218726954,11211.8876953125,88.5392414303968,5.35520792,4.871,72.6621951219512,1.579,145398106.0,74.5442926137992
Russian Federation,RUS,2019,82.6421618670668,11447.701171875,89.1372417555839,5.64849091,4.513,73.0839024390244,1.504,145453291.0,74.6222859951926
Russian Federation,RUS,2020,84.99466978,10108.3271484375,89.7409453652069,8.04076004,5.62,71.3387804878049,1.505,145245148.0,74.6932216791674
Russian Federation,RUS,2021,88.21384578,12425.029296875,90.3506542509722,7.0299139,4.749,69.900243902439,1.505,144746762.0,74.7516840220252
Russian Federation,RUS,2022,90.41799163,15625.6328125,90.9663797021895,6.8788662,3.867,72.5456097560976,1.416,144236933.0,74.8544893625017
Russian Federation,RUS,2023,92.24496346,13986.9951171875,91.5886930920727,7.04438496,3.076,73.2546341463415,1.41,143826130.0,74.9805047873279
Rwanda,RWA,2000,0.0628314595107164,251.86926386091,43.8876413678193,3.57583427,11.699,47.798,5.967,8213931.0,15.7804474645996
Rwanda,RWA,2001,0.240672409832383,237.308846200901,45.6902028796929,3.31599975,11.732,49.49,5.893,8287094.0,16.5487399668155
Rwanda,RWA,2002,0.292784718792575,234.043016755733,47.4611936352188,3.12787294,11.432,51.262,5.816,8400180.0,16.8778847116752
Rwanda,RWA,2003,0.356918467272361,249.012274982252,49.0827278042719,6.92888737,11.658,53.529,5.737,8586875.0,16.8947432312369
Rwanda,RWA,2004,0.43085424337006,269.540446333402,50.6829486597842,7.50856972,11.699,55.52,5.64,8816844.0,16.9020099536792
Rwanda,RWA,2005,0.555999994,324.016863847189,52.2806585813749,7.71997023,11.842,56.968,5.5,9054528.0,16.9072114459454
Rwanda,RWA,2006,,352.093916578347,53.8759294452882,7.60511971,11.586,58.342,5.335,9299246.0,16.9110139245047
Rwanda,RWA,2007,2.115400076,420.733580702508,55.4685962150806,7.86262226,11.58,59.504,5.141,9549933.0,16.9140836058266
Rwanda,RWA,2008,4.5,522.288339420679,57.0587484402126,7.55971909,11.517,60.641,4.922,9804269.0,16.9170867063804
Rwanda,RWA,2009,7.7,556.97399621739,58.6463993130751,7.79951382,11.625,61.813,4.707,10060432.0,16.9206894426355
Rwanda,RWA,2010,8.0,586.599950359877,60.2315011971765,8.08185482,11.637,62.804,4.522,10317553.0,16.9255580310614
Rwanda,RWA,2011,7.0,643.356138618166,61.8140834716847,7.93233776,11.756,63.476,4.332,10573733.0,16.9323586881273
Rwanda,RWA,2012,8.023900032,697.760143509565,63.3941024387453,8.1021471,11.671,64.189,4.201,10829901.0,16.9410248882148
Rwanda,RWA,2013,9.0,695.397140963607,64.9716279211285,6.77388763,11.768,64.651,4.136,11093340.0,17.0742206053612
Rwanda,RWA,2014,10.60000038,715.36808783393,66.5451269597636,6.98448992,11.837,65.088,4.117,11364757.0,17.5020716539756
Rwanda,RWA,2015,12.45600033,725.691418696952,68.1134578237063,6.65061283,11.831,65.419,4.108,11640022.0,18.1953149858416
Rwanda,RWA,2016,14.63710022,721.258515833094,69.6758086260828,5.968925,11.788,65.733,4.106,11919183.0,19.1213951786548
Rwanda,RWA,2017,17.2,751.049039527547,71.2308954690674,5.37623835,11.875,66.14,4.084,12202060.0,20.2477568101111
Rwanda,RWA,2018,19.16659927,772.754982959354,72.7776126104957,5.45722818,10.759,66.354,4.047,12487996.0,21.5418444579064
Rwanda,RWA,2019,21.3579998,823.355304065304,74.3150494792337,4.91471481,11.236,66.691,3.985,12776103.0,22.9711026997362
Rwanda,RWA,2020,23.8,802.638686936204,75.8419280137536,5.79862261,11.829,66.953,3.913,13065837.0,24.5029761132966
Rwanda,RWA,2021,24.4416008,842.581492947672,77.3571126484404,6.23147202,15.775,66.85,3.841,13355260.0,26.1049092762833
Rwanda,RWA,2022,28.01679993,1007.05989322914,78.8594683891809,5.92842579,15.084,67.528,3.778,13651030.0,27.7806702737761
Rwanda,RWA,2023,28.80579948,1061.05788154076,80.3475631851087,5.12708998,12.352,67.785,3.698,13954471.0,28.8555310645477
Samoa,WSM,2000,0.566392532680849,1424.75240002471,91.9576951837593,4.28232527,4.733,70.791,4.523,181685.0,21.9529698020724
Samoa,WSM,2001,1.68990283058724,1453.87021324606,91.9588441153795,3.81804991,4.96,71.028,4.477,183166.0,21.9749895503804
Samoa,WSM,2002,2.24483267578443,1527.55790455937,91.9572397043017,4.49205494,4.975,71.233,4.444,184471.0,21.9431903680112
Samoa,WSM,2003,2.79963044878076,1798.12429714048,91.9541841185767,4.17237139,5.038,71.441,4.392,185430.0,21.7806875309864
Samoa,WSM,2004,3.07552941044897,2189.26042607992,91.9511483539237,4.52578545,5.162,71.508,4.343,186249.0,21.5282844040566
Samoa,WSM,2005,3.35259211246829,2550.04221437511,92.2057450024926,4.63365459,5.212,71.487,4.322,186978.0,21.2352904191687
Samoa,WSM,2006,4.46917387320954,2663.29135939532,92.4608198651495,4.88451385,5.321,71.62,4.322,187709.0,20.9567957063672
Samoa,WSM,2007,4.75,3038.61904093377,92.7164186931518,4.7446332,5.425,71.605,4.358,188753.0,20.6944481303605
Samoa,WSM,2008,5.031599998,3373.60639884263,92.9725367356222,4.53258085,5.538,71.531,4.417,190107.0,20.4038457706991
Samoa,WSM,2009,6.0,3279.18269477295,93.2291209433411,5.12732029,5.646,69.486,4.466,191513.0,20.1045321482817
Samoa,WSM,2010,7.0,3524.2479246203,93.4861794457482,5.15268326,5.621,71.451,4.52,193023.0,19.8302101862085
Samoa,WSM,2011,11.0,3821.50678264479,93.7437084843245,5.38357162,5.68,71.393,4.56,194713.0,19.6174273708146
Samoa,WSM,2012,12.92249966,3934.60320799981,94.0015585083901,4.9883461,8.752,71.159,4.545,196498.0,19.478718368689
Samoa,WSM,2013,15.30000019,4023.5254013825,94.2598072441115,6.21823883,8.772,71.229,4.491,198268.0,19.3865949620667
Samoa,WSM,2014,21.20000076,3982.68080202084,94.5185492730746,6.36147165,8.72,71.142,4.423,200037.0,19.3126679480432
Samoa,WSM,2015,,4084.36083819933,94.7777698879904,6.01321936,8.901,71.06,4.344,201782.0,19.2340105383551
Samoa,WSM,2016,,4147.07097674888,95.0374675364972,5.63959885,9.063,71.003,4.262,203499.0,19.126462366749
Samoa,WSM,2017,,4307.59381964907,95.2976717259871,5.16343021,9.4,70.991,4.196,205415.0,18.9657191879831
Samoa,WSM,2018,,4231.81409469194,95.5585181223598,4.77525806,8.649,71.052,4.136,207582.0,18.7241267935467
Samoa,WSM,2019,,4351.94234943706,95.8200173728915,5.64761591,7.858,70.269,4.061,209780.0,18.4147344481283
Samoa,WSM,2020,,4099.59660548583,96.0821241161349,6.09105825,7.467,70.727,4.002,211944.0,18.0516608994722
Samoa,WSM,2021,,4021.55934894283,96.3448273060741,7.19651461,6.664,71.096,3.94,213779.0,17.5672426452007
Samoa,WSM,2022,,4132.44717734444,96.5989544610645,6.93412352,5.048,71.55,3.883,215261.0,17.5007949951039
Samoa,WSM,2023,,4822.74084650019,96.8487142072358,6.78103304,4.92,71.698,3.829,216663.0,17.5012799804602
San Marino,SMR,2000,48.7994953055999,37600.7049136309,100.0,5.7876792,,80.504,1.404,26799.0,93.7709762556799
San Marino,SMR,2001,50.3416690898517,39035.1004348216,100.0,5.64127541,,80.803,1.519,27143.0,93.9000015258789
San Marino,SMR,2002,50.8348399446985,41790.8434204136,100.0,5.39155769,,81.061,1.432,27491.0,93.9488167294543
San Marino,SMR,2003,50.003453038674,52529.9136967576,100.0,4.77200127,,81.33,1.296,27843.0,94.0
San Marino,SMR,2004,50.5663430420712,58232.0431338765,100.0,4.86479282,,81.592,1.298,29457.0,94.2143791763566
San Marino,SMR,2005,,59877.7862692185,100.0,4.88683653,,81.926,1.198,29836.0,94.6454896824635
San Marino,SMR,2006,50.2086593635889,63270.7994496499,100.0,4.91361904,,82.258,1.242,30184.0,95.2084276028853
San Marino,SMR,2007,50.3648221088655,70124.4249984768,100.0,5.09587288,,82.605,1.257,31211.0,95.8182890221867
San Marino,SMR,2008,54.52,75902.1677701187,100.0,5.41110897,,82.894,1.521,31662.0,96.3901700249324
San Marino,SMR,2009,54.21,62429.0202738462,100.0,6.18409586,,83.224,1.358,33066.0,96.8391666956869
San Marino,SMR,2010,,56543.190562068,100.0,6.20853519,,83.464,1.459,33270.0,97.074615769187
San Marino,SMR,2011,49.6,55601.4008139955,100.0,8.0707283,,83.713,1.456,32620.0,97.0999984741211
San Marino,SMR,2012,,47945.8917557105,100.0,8.98883724,,83.943,1.289,33469.0,97.0999984741211
San Marino,SMR,2013,,50807.8206340193,100.0,8.23800278,,84.175,1.483,33041.0,97.0999984741211
San Marino,SMR,2014,,51260.4804236805,100.0,8.30091763,,84.394,1.259,32655.0,97.0999984741211
San Marino,SMR,2015,,43146.8035302005,100.0,8.43315315,,84.596,1.196,32897.0,97.0999984741211
San Marino,SMR,2016,55.0,44359.4574206971,100.0,8.4219532,,84.775,1.127,33101.0,97.0999984741211
San Marino,SMR,2017,60.18230057,45192.0530047599,100.0,8.25972271,,84.933,1.054,33825.0,97.0999984741211
San Marino,SMR,2018,,47950.7076296808,100.0,8.2778492,,85.095,1.077,34522.0,97.0999984741211
San Marino,SMR,2019,67.85070038,46626.9998571568,100.0,8.14801598,,85.257,1.096,34663.0,97.0999984741211
San Marino,SMR,2020,77.94999695,44426.6259613672,100.0,8.48147392,,82.65,1.113,34770.0,97.0999984741211
San Marino,SMR,2021,81.66999817,54168.9744311193,100.0,7.51272249,,83.539,1.125,34252.0,97.1035668453272
San Marino,SMR,2022,97.32790375,54264.5837022908,100.0,7.22336292,,85.708,1.136,33755.0,97.1141889380465
San Marino,SMR,2023,97.33640289,59871.3288101478,100.0,6.60829115,,85.706,1.149,33860.0,97.1317310361655
Sao Tome and Principe,STP,2000,4.6385168164075,529.089383412262,20.7903937086521,9.31892776,14.4,61.207,5.157,144018.0,52.9663437052108
Sao Tome and Principe,STP,2001,6.31091788794615,518.88050130005,21.9474707249804,9.64001942,15.73,61.5,5.097,146375.0,53.9612039920776
Sao Tome and Principe,STP,2002,7.580665168911,568.10257252271,23.1391737283234,9.49860477,17.63,61.826,5.062,149922.0,55.0882710997103
Sao Tome and Principe,STP,2003,10.1618443069961,663.696211810494,24.3386290849609,11.46527386,16.36,62.158,5.013,153814.0,56.4128470868097
Sao Tome and Principe,STP,2004,13.3228526892178,726.560882130444,25.5404255353565,10.7211771,16.12,62.56,4.962,157705.0,57.8774845467458
Sao Tome and Principe,STP,2005,13.75949955,844.169181884274,26.8577839135173,10.35199738,16.47,62.434,4.939,161639.0,59.4188016908917
Sao Tome and Principe,STP,2006,14.18200016,861.970707697664,28.1835957707981,7.10559654,16.65,63.041,4.933,165638.0,60.9734167306206
Sao Tome and Principe,STP,2007,14.5904831987414,878.885791918745,29.5170578703442,7.00608587,16.021,63.336,4.957,169700.0,62.4779478773056
Sao Tome and Principe,STP,2008,15.47999954,1081.8684584729,30.857384929578,5.97009039,15.421,63.448,4.906,173793.0,63.8690133423199
Sao Tome and Principe,STP,2009,16.40999985,1128.28046213305,32.2032374350904,5.75177002,15.136,63.669,4.838,177853.0,65.0832313370367
Sao Tome and Principe,STP,2010,18.75,1045.20958234528,33.5544418305556,5.80827904,14.628,63.867,4.769,181802.0,66.0572200728291
Sao Tome and Principe,STP,2011,20.16119957,1219.80189089671,34.9099928554753,5.65160036,14.229,64.122,4.718,185649.0,66.7275977610702
Sao Tome and Principe,STP,2012,21.57239914,1210.7926479817,36.2694678517073,7.07299662,13.59,64.505,4.664,189439.0,67.0335889448132
Sao Tome and Principe,STP,2013,23.0,1382.5757842916,37.6279828671376,8.94060898,12.476,64.93,4.584,193148.0,67.1306686401367
Sao Tome and Principe,STP,2014,24.40999985,1489.67633417608,38.9858756147002,7.91452122,11.428,65.478,4.485,196767.0,67.2606735229492
Sao Tome and Principe,STP,2015,25.81999969,1298.10946596396,40.3427054934035,6.53226852,10.591,66.023,4.354,200291.0,67.3915710449219
Sao Tome and Principe,STP,2016,28.0,1434.87018050521,41.6983508891345,7.60211611,9.684,66.563,4.203,203689.0,67.5218887329102
Sao Tome and Principe,STP,2017,32.61640167,1555.79477812888,43.0527347494608,7.46631384,8.808,67.074,4.069,206970.0,67.6520004272461
Sao Tome and Principe,STP,2018,37.99380112,1825.59971753966,44.4058041526004,5.91960287,8.712,67.602,3.977,210187.0,67.7828826904297
Sao Tome and Principe,STP,2019,44.25790024,1935.2931816596,45.7575570286583,5.48078823,8.835,68.043,3.9,213392.0,67.9129943847656
Sao Tome and Principe,STP,2020,51.55469894,2167.22001796925,47.1080132831109,7.32044411,9.679,67.979,3.827,217435.0,68.0436706542969
Sao Tome and Principe,STP,2021,54.94950104,2362.58827248102,48.4573502739393,7.85889721,9.563,68.026,3.759,221961.0,68.1738967895508
Sao Tome and Principe,STP,2022,58.56779861,2389.73729784737,48.5350542796998,5.7744813,8.964,69.237,3.695,226305.0,68.3720919798341
Sao Tome and Principe,STP,2023,58.70130157,2990.6606143535,48.6086612768342,5.77292156,9.032,69.718,3.644,230871.0,68.6043921103568
Saudi Arabia,SAU,2000,2.21069180908888,11714.5623675159,,4.2115941,4.57,72.607,4.206,16177722.0,79.9704860819453
Saudi Arabia,SAU,2001,4.6810531658103,10805.311325122,,4.46173573,4.618,72.951,3.964,17041397.0,80.155242811133
Saudi Arabia,SAU,2002,6.38470501955932,10586.0543471363,,4.2493763,5.265,73.296,3.709,17910910.0,80.3438134074234
Saudi Arabia,SAU,2003,8.00158289090878,11487.220410693,,3.97909737,5.563,73.657,3.465,18786767.0,80.5414456330177
Saudi Arabia,SAU,2004,10.2345329969583,13154.4978989446,,3.58400965,5.822,74.027,3.264,19669480.0,80.7542316538166
Saudi Arabia,SAU,2005,12.7050359882849,15975.7473782258,,3.4186728,6.051,74.4,3.161,20559890.0,80.9775503092999
Saudi Arabia,SAU,2006,19.4595543513634,17563.6145370639,,3.61922002,6.254,74.762,3.176,21459144.0,81.2008588083072
Saudi Arabia,SAU,2007,30.0,18596.1502627898,,3.56229162,5.734,75.066,3.185,22368313.0,81.4230015549063
Saudi Arabia,SAU,2008,36.0,22320.4888964331,,2.97100711,5.085,75.301,3.074,23287877.0,81.6441431042994
Saudi Arabia,SAU,2009,38.0,17718.3911648365,,4.29042768,5.377,75.447,2.95,24217654.0,81.8644480116889
Saudi Arabia,SAU,2010,41.0,22028.3901426586,,3.64786148,5.55,75.616,2.81,23978487.0,82.0791668544465
Saudi Arabia,SAU,2011,47.5,27126.7498747702,,3.68218255,5.77,75.808,2.8,25091867.0,82.2543876159947
Saudi Arabia,SAU,2012,54.0,28733.4375513452,,3.98779845,5.622,76.09,2.78,26168861.0,82.4311918025358
Saudi Arabia,SAU,2013,60.5,27865.465604962,97.5515166629486,4.42293596,5.6,76.517,2.67,27624004.0,82.6071884619102
Saudi Arabia,SAU,2014,64.713657369019,27805.4850319422,97.5565788684819,5.15800905,5.877,77.116,2.68,28309273.0,82.7822571294871
Saudi Arabia,SAU,2015,69.6162358014004,23256.1549553531,97.5616457387732,5.8620224,5.6,77.776,2.63,29816382.0,82.9562773406163
Saudi Arabia,SAU,2016,74.8792746891625,22267.7217050387,97.5667358551859,6.24142838,5.6,78.354,2.65,30954198.0,83.129128630626
Saudi Arabia,SAU,2017,94.1755996113911,23929.2907135982,97.5718278390654,6.03126049,5.89,78.721,2.67,30977355.0,83.300690534822
Saudi Arabia,SAU,2018,93.3100018480347,29360.0658968566,97.5769396449473,5.34063101,6.029,78.75,2.67,30196281.0,83.4708425884849
Saudi Arabia,SAU,2019,95.7247355953812,29566.7933827436,97.5820275772784,5.46743011,5.636,78.313,2.49,30063799.0,83.6394643268678
Saudi Arabia,SAU,2020,97.8623325,24338.8307301067,97.5871417429561,6.64630127,7.66,77.596,2.27,31552510.0,83.8064352851942
Saudi Arabia,SAU,2021,100.0,31920.7653655643,97.5922328659359,5.93033648,6.621,77.089,2.17,30784383.0,83.9716349986538
Saudi Arabia,SAU,2022,100.0,38510.2276211037,97.5973210358859,5.31400585,5.589,77.31,2.14,32175224.0,84.1349430023993
Saudi Arabia,SAU,2023,100.0,36156.8562500172,97.6024090977173,5.68722248,4.008,78.732,2.28,33702731.0,84.2962388315415
Senegal,SEN,2000,0.403967485868965,603.233162455158,36.6397850159843,3.55015373,2.638,57.615,5.498,9968260.0,40.6667555531967
Senegal,SEN,2001,0.983794058848003,637.213530563724,37.6230679917559,3.68148756,2.674,58.158,5.397,10212942.0,40.8763420163126
Senegal,SEN,2002,1.00645453672323,669.430447319209,38.6343782520626,3.95294404,2.82,58.912,5.301,10466214.0,41.1081471561292
Senegal,SEN,2003,2.10143642986685,817.888034221442,39.7038070707232,4.29703569,2.781,59.474,5.246,10721176.0,41.35893934855
Senegal,SEN,2004,4.38602398008563,918.102079522155,40.8160197921212,4.56856203,2.775,60.308,5.192,10975704.0,41.6248193895895
Senegal,SEN,2005,4.78668408310535,979.846101520171,41.9259089969181,3.67466521,2.679,60.98,5.133,11235472.0,41.9057599695838
Senegal,SEN,2006,5.61173865217952,1017.20196747987,43.0340621400577,3.76337624,2.755,61.801,5.064,11500094.0,42.2046413043069
Senegal,SEN,2007,6.889999866,1188.93877808175,44.1399592498468,3.41496587,2.8,62.653,5.018,11770344.0,42.524343609533
Senegal,SEN,2008,7.119999886,1398.79218010021,45.2434542159987,3.50687575,2.816,63.201,5.024,12048959.0,42.867747101036
Senegal,SEN,2009,7.5,1308.69404336205,46.3440817777614,3.841573,2.807,63.751,5.025,12337389.0,43.23773199459
Senegal,SEN,2010,8.0,1275.88357492357,47.4423428976999,4.02764368,2.795,64.221,5.055,12635413.0,43.6371785059692
Senegal,SEN,2011,9.800000191,1374.67591873844,48.5377592186689,4.21416712,2.853,64.799,5.099,12958897.0,44.0689668509475
Senegal,SEN,2012,10.80000019,1326.83798848379,49.6298898995035,4.26688004,3.896,65.229,5.129,13310495.0,44.5359772452989
Senegal,SEN,2013,13.10000038,1379.83196553924,50.7188973203129,4.38573599,5.012,65.638,5.049,13710849.0,45.0398750539456
Senegal,SEN,2014,17.70000076,1398.89137601382,51.8046299171747,4.38962269,5.849,66.001,4.884,14152102.0,45.6020905341588
Senegal,SEN,2015,21.70000076,1218.00613555438,52.8890432398602,4.37789631,6.757,66.451,4.751,14593331.0,46.2747669629858
Senegal,SEN,2016,25.66480064,1266.43957151587,53.9714940731355,4.25606871,4.455,66.724,4.648,15034521.0,47.0553579909929
Senegal,SEN,2017,29.64310074,1354.77007193387,55.0521038030032,4.16359377,4.078,67.059,4.489,15475002.0,47.9338349639053
Senegal,SEN,2018,35.29999924,1452.55612562445,56.1299701818744,4.43182087,3.453,67.379,4.294,15914498.0,48.9001692274485
Senegal,SEN,2019,43.37969971,1431.18128932159,57.204943845452,4.49531031,2.863,67.668,4.1,16352922.0,49.9443321273477
Senegal,SEN,2020,53.30879974,1461.08720350553,58.276399086684,5.15119171,3.432,67.496,4.003,16789219.0,51.0562950093282
Senegal,SEN,2021,55.04040146,1598.10676952274,59.3441523766207,4.44256258,3.436,66.868,3.936,17220867.0,52.2260292191155
Senegal,SEN,2022,56.82830048,1574.0281059306,60.407587055533,4.0444808,2.837,67.788,3.864,17651103.0,53.4435061024348
Senegal,SEN,2023,59.18740082,1698.03387300843,61.4661335345473,4.32314825,2.784,68.683,3.818,18077573.0,54.6992276190794
Serbia,SRB,2000,,974.725469278615,95.5039510992611,5.80770588,12.6,71.5829268292683,1.48,7516346.0,55.5923115701625
Serbia,SRB,2001,,1812.42088281393,95.5024770214585,6.19155836,12.8,72.2341463414634,1.58,7503433.0,56.0482321112049
Serbia,SRB,2002,,2390.73459447107,95.5013470819749,7.24950886,13.8,72.2853658536585,1.57,7500031.0,56.462901503343
Serbia,SRB,2003,,3153.9011312754,95.5005404334771,7.30602598,15.2,72.4365853658537,1.59,7480591.0,56.8784264526306
Serbia,SRB,2004,23.5,3597.08798057009,95.5001274109086,7.63644934,18.5,72.6829268292683,1.57,7463157.0,57.3144555999278
Serbia,SRB,2005,26.29999924,3807.97417321786,95.6679289682349,8.09346867,20.85,72.8341463414634,1.45,7440769.0,57.7508909888183
Serbia,SRB,2006,27.2,4492.7136699046,95.836103340787,8.28575706,20.85,73.3853658536585,1.43,7411569.0,58.1709152910668
Serbia,SRB,2007,33.15,6081.08765700202,96.0046710847047,9.01782608,18.06,73.6317073170732,1.38,7381579.0,58.5577111784378
Serbia,SRB,2008,35.6,7376.73517910716,96.1735822880127,9.12807178,13.67,73.8853658536585,1.4,7350222.0,58.8944613226962
Serbia,SRB,2009,38.1,6414.0448463847,96.3428666633317,8.98933506,16.116,73.9853658536585,1.44,7320807.0,59.1643483956067
Serbia,SRB,2010,40.9,5970.92660940072,96.5124901506423,9.15153027,19.204,74.3365853658537,1.4,7291436.0,59.3505550689338
Serbia,SRB,2011,42.2,7082.2861666075,96.6825231290354,8.75940418,22.959,74.5365853658537,1.4,7236519.0,59.4349187787267
Serbia,SRB,2012,48.09999847,6263.04086072815,96.8502790858125,8.95716667,24.0,74.8365853658537,1.45,7201497.0,59.3468437194824
Serbia,SRB,2013,53.450364175,7040.41812068781,97.0173317364733,8.93188286,22.154,75.1853658536585,1.43,7166553.0,59.6111068725586
Serbia,SRB,2014,62.0750804639377,6886.67809068704,97.1845998620671,8.85966778,19.223,75.3365853658537,1.46,7131787.0,59.8779373168945
Serbia,SRB,2015,65.3170254003801,5820.3215576888,97.3520264197285,8.46289921,17.66,75.2878048780488,1.46,7095383.0,60.1388092041016
Serbia,SRB,2016,67.0568413716938,5982.37030126471,97.519678308202,8.15184307,15.257,75.6878048780488,1.46,7058322.0,60.3853870034026
Serbia,SRB,2017,70.3308355269141,6548.03653824187,97.6881908970258,7.89965153,13.477,75.5390243902439,1.49,7020858.0,60.621208190918
Serbia,SRB,2018,73.360709154564,7559.86165747394,97.8576090639596,8.18469906,12.733,75.890243902439,1.49,6982604.0,60.8433609008789
Serbia,SRB,2019,77.4167736219802,7755.632986437,97.9156406613819,8.28762531,10.395,75.9365853658537,1.52,6945235.0,61.0492248535156
Serbia,SRB,2020,78.36804864,8098.70955668849,97.9188486059038,8.30643559,9.011,74.4780487804878,1.48,6899126.0,61.223201751709
Serbia,SRB,2021,81.16588116,9680.52798074468,97.9231088276216,9.23441029,9.843,72.780487804878,1.52,6834326.0,61.363899230957
Serbia,SRB,2022,83.53825397,10024.8191112596,97.9283883905418,8.58397198,8.439,75.2365853658537,1.59,6664449.0,61.9013813540396
Serbia,SRB,2023,85.35746686,12281.707946167,97.9347704722446,8.03133774,8.268,76.1414634146341,1.62,6623183.0,62.1434649229738
Seychelles,SYC,2000,7.39562918315276,8063.65500575169,95.4940997507991,4.61071777,,72.7780487804878,2.08,81131.0,43.3974230710038
Seychelles,SYC,2001,11.0151029300174,8153.2986369879,95.6912191218088,4.54768324,,73.2536585365854,1.98,81202.0,43.2172985855685
Seychelles,SYC,2002,14.3041708309972,8864.16919495467,95.8883384928185,4.19562864,,71.0878048780488,2.04,83723.0,43.0948464521927
Seychelles,SYC,2003,14.5925043169492,9070.28460757013,96.0854578638281,4.86075974,,71.0292682926829,2.06,82781.0,43.0049328648162
Seychelles,SYC,2004,24.2721392249906,10827.671636033,96.2825772348378,4.66628933,,72.6609756097561,2.01,82475.0,42.9237756892027
Seychelles,SYC,2005,25.4132681462836,11802.1118276833,96.4796966058475,4.44606543,,72.1317073170732,2.2,82858.0,42.8510349075107
Seychelles,SYC,2006,34.95197117065,12782.9938926475,96.6768159768572,4.33191252,,72.2170731707317,2.11,84600.0,42.7880431397027
Seychelles,SYC,2007,38.38,12669.3026687222,96.8739353478668,3.79315019,,73.1439024390244,2.24,85033.0,42.7361330057413
Seychelles,SYC,2008,40.44,11265.4376270005,97.0710547188765,3.51518679,,73.1634146341463,2.33,86956.0,42.696637125589
Seychelles,SYC,2009,,9747.09180546291,97.2681740898861,3.43580508,,73.0829268292683,2.38,87298.0,42.6708881192085
Seychelles,SYC,2010,41.0,10934.79494629,97.4652934608958,4.40148449,,73.1975609756098,2.13,89770.0,42.660307244583
Seychelles,SYC,2011,43.16400146,12110.0937461973,97.6624128319055,4.35539675,,72.7243902439024,2.3,87441.0,42.6739844860866
Seychelles,SYC,2012,47.07600021,12337.1554669388,97.8595322029151,5.2896843,,74.2756097560976,2.32,88303.0,42.7261758463169
Seychelles,SYC,2013,50.40000153,14821.2921476077,98.0566515739248,4.19129515,,73.119512195122,2.21,89949.0,42.815069634181
Seychelles,SYC,2014,51.25469971,15188.1902175113,98.2537709449345,4.43609142,,73.2292682926829,2.19,91359.0,42.9386256186342
Seychelles,SYC,2015,54.25960159,15333.1051727105,98.4508903159442,4.24428654,,74.2951219512195,2.26,93419.0,43.094803568632
Seychelles,SYC,2016,56.51470184,16566.9946042294,98.6480096869539,4.71349716,,74.309756097561,2.33,94677.0,43.2815632531296
Seychelles,SYC,2017,62.55310059,17480.3651911372,98.8451290579635,4.47661018,,74.3,2.34,95843.0,43.4968644410824
Seychelles,SYC,2018,69.23660278,18440.2340460932,98.8746286644801,4.41706038,,72.8414634146341,2.34,96762.0,43.7386669014459
Seychelles,SYC,2019,76.63420105,19141.5118743615,98.885830584073,4.25269794,,74.0463414634146,2.31,97625.0,44.0049304031754
Seychelles,SYC,2020,79.25170135,14041.4754074575,98.8969906145227,5.83709192,,77.2365853658537,2.2,98462.0,44.2936147152263
Seychelles,SYC,2021,81.99530029,14982.9111487767,98.8985665517452,5.2088151,,73.3975609756097,2.38,99258.0,44.6026796065539
Seychelles,SYC,2022,84.83380127,16682.6990711785,99.7,4.39909697,,74.509756097561,2.2,119878.0,44.9108209981157
Seychelles,SYC,2023,86.001297,18130.5297135548,99.7,4.48238087,,75.419512195122,2.18,119773.0,45.0971081321658
Sierra Leone,SLE,2000,0.118254245682183,143.743743239644,7.69468734199492,5.29086494,4.137,44.834,6.355,4423611.0,35.5327867241975
Sierra Leone,SLE,2001,0.160264445493032,358.315716051546,7.92617092793216,5.22183514,4.235,45.448,6.305,4692716.0,35.763651295501
Sierra Leone,SLE,2002,0.176198956814076,388.995111216836,8.15825825383365,5.55388832,3.909,46.174,6.23,4971435.0,36.0082791496616
Sierra Leone,SLE,2003,0.190173281668183,413.817607346927,8.39095201927437,5.06219816,3.879,46.784,6.087,5177687.0,36.2690511597053
Sierra Leone,SLE,2004,0.203007680592588,417.749983329227,8.94954704248469,5.23798943,3.42,47.485,5.919,5355717.0,36.5491283814755
Sierra Leone,SLE,2005,0.215399995,462.633324427945,9.53865069026283,5.23005009,3.734,48.306,5.807,5501712.0,36.8485519672439
Sierra Leone,SLE,2006,0.227699995,580.26796974773,10.156650697941,5.29913139,3.89,49.547,5.737,5624466.0,37.1703805343647
Sierra Leone,SLE,2007,0.239800006,631.889926264998,10.7956031143398,5.31662989,4.022,50.024,5.643,5749352.0,37.5122859420526
Sierra Leone,SLE,2008,0.25,705.359014080005,11.4555098785818,5.60332584,4.132,50.693,5.563,5894722.0,37.8725951588418
Sierra Leone,SLE,2009,0.25999999,652.845806767943,12.1362206469185,6.27075481,4.268,51.312,5.448,6055646.0,38.2496351532666
Sierra Leone,SLE,2010,0.579999983,685.039673490948,12.837725625722,5.64204741,4.34,51.927,5.327,6222714.0,38.6417328938613
Sierra Leone,SLE,2011,0.899999976,761.146365577281,13.5601796070667,6.60636759,4.388,52.594,5.209,6387251.0,39.0472153491602
Sierra Leone,SLE,2012,2.5,937.504428180231,14.3035861709667,5.92764187,4.378,53.159,5.064,6551080.0,39.4644094876975
Sierra Leone,SLE,2013,4.0,1117.47183075115,15.0676033654272,8.45845032,4.376,54.051,4.873,6714051.0,39.8916422780075
Sierra Leone,SLE,2014,6.057300091,1117.7586465721,15.8525627081666,15.11886978,4.678,54.281,4.703,6876385.0,40.3272406886245
Sierra Leone,SLE,2015,6.344399929,964.575980888989,16.6582857856538,12.3831234,4.483,55.454,4.548,7037655.0,40.7669565187099
Sierra Leone,SLE,2016,7.680099964,844.416411175476,17.4849469878374,10.05438519,4.182,56.937,4.466,7205328.0,41.229411538771
Sierra Leone,SLE,2017,9.297100067,779.186007841728,18.3338579581936,6.00532055,3.656,57.761,4.389,7379299.0,41.7106682105058
Sierra Leone,SLE,2018,14.42230034,845.914540460932,19.205484723374,5.29927444,3.192,59.059,4.294,7554563.0,42.2011025267803
Sierra Leone,SLE,2019,15.71370029,843.71251730417,20.0997388519849,5.7052846,3.204,59.593,4.192,7731991.0,42.7018444914441
Sierra Leone,SLE,2020,17.12080002,845.277558236182,21.0167123808123,5.66489744,3.509,59.694,4.08,7912558.0,43.2129659123546
Sierra Leone,SLE,2021,18.65390015,885.396401613729,21.9564987659226,5.07244635,3.551,60.26,3.978,8094602.0,43.7345385973699
Sierra Leone,SLE,2022,21.50880051,860.371067874555,22.9191878036943,4.80377436,3.137,61.275,3.876,8276807.0,44.2666343543487
Sierra Leone,SLE,2023,23.71360016,758.329137301888,23.9048711595784,4.71883011,3.092,61.786,3.791,8460512.0,44.809324991151
Singapore,SGP,2000,36.0,23852.8389514753,100.0,3.343364,3.7,77.9512195121951,1.6,4027887.0,100.0
Singapore,SGP,2001,41.6704251756041,21699.7414868907,100.0,3.16302657,3.76,78.2512195121951,1.41,4138012.0,100.0
Singapore,SGP,2002,47.0,22159.8373710639,100.0,3.358464,5.65,78.5512195121951,1.37,4175950.0,100.0
Singapore,SGP,2003,53.8379432881911,23730.3840054566,100.0,3.60699272,5.93,79.0390243902439,1.27,4114826.0,100.0
Singapore,SGP,2004,62.0,27608.080013423,100.0,3.15019798,5.84,79.490243902439,1.26,4166664.0,100.0
Singapore,SGP,2005,61.0,29961.3172812732,100.0,3.03367925,5.59,79.990243902439,1.26,4265762.0,100.0
Singapore,SGP,2006,59.0,33768.4528234651,100.0,2.9347465,4.48,80.1414634146341,1.28,4401365.0,100.0
Singapore,SGP,2007,69.9,39432.8860198877,100.0,2.83749056,3.9,80.4414634146342,1.29,4588599.0,100.0
Singapore,SGP,2008,69.0,40008.5720489092,100.0,3.19488454,3.96,80.790243902439,1.28,4839396.0,100.0
Singapore,SGP,2009,69.0,38926.8054365453,100.0,3.39370513,5.86,81.2414634146342,1.22,4987573.0,100.0
Singapore,SGP,2010,71.0,47236.683084953,100.0,3.1982615,4.12,81.5414634146342,1.15,5076732.0,100.0
Singapore,SGP,2011,71.0,53891.4570264372,100.0,3.1539185,3.89,81.7439024390244,1.2,5183688.0,100.0
Singapore,SGP,2012,72.0,55547.5553077786,100.0,3.32392788,3.72,81.9951219512195,1.29,5312437.0,100.0
Singapore,SGP,2013,80.90209961,56967.4257940383,100.0,3.68225336,3.86,82.2463414634147,1.19,5399162.0,100.0
Singapore,SGP,2014,79.0292358633435,57564.8023114977,100.0,3.87132597,3.74,82.4951219512195,1.25,5469724.0,100.0
Singapore,SGP,2015,79.0129570025584,55645.6068614606,100.0,4.18061399,3.79,82.7439024390244,1.24,5535002.0,100.0
Singapore,SGP,2016,84.4522678893074,57204.0340105222,100.0,4.37989521,4.08,82.8463414634146,1.2,5607283.0,100.0
Singapore,SGP,2017,84.4522678893074,61436.1325502558,100.0,4.35978413,4.2,83.0951219512195,1.16,5612253.0,100.0
Singapore,SGP,2018,88.1656360313447,67032.8225769734,100.0,4.07275724,3.613,83.2975609756098,1.14,5638676.0,100.0
Singapore,SGP,2019,88.9492526850762,66068.7003106378,100.0,4.40746737,3.1,83.5951219512195,1.14,5703569.0,100.0
Singapore,SGP,2020,92.00434653,61772.5036492256,100.0,5.70015287,4.1,83.5439024390244,1.1,5685807.0,100.0
Singapore,SGP,2021,96.92468156,80884.8565369236,100.0,5.14599705,4.64,83.0926829268293,1.12,5453566.0,100.0
Singapore,SGP,2022,95.95386476,91227.6970426492,100.0,4.33121586,3.591,82.8951219512195,1.04,5637022.0,100.0
Singapore,SGP,2023,94.28518987,86382.5900499252,100.0,4.49163246,3.444,83.0975609756098,0.97,5917648.0,100.0
Sint Maarten (Dutch part),SXM,2000,,,98.3844236135577,,,74.409,1.982,30773.0,100.0
Sint Maarten (Dutch part),SXM,2001,,,98.4149315325455,,,74.525,1.892,30726.0,100.0
Sint Maarten (Dutch part),SXM,2002,,,98.4454394515333,,,74.585,1.809,30960.0,100.0
Sint Maarten (Dutch part),SXM,2003,,,98.4759473705211,,,74.588,1.742,31327.0,100.0
Sint Maarten (Dutch part),SXM,2004,,,98.5064552895088,,,74.618,1.702,31690.0,100.0
Sint Maarten (Dutch part),SXM,2005,,,98.5369632084966,,,74.681,1.708,32057.0,100.0
Sint Maarten (Dutch part),SXM,2006,,,98.5674711274844,,,74.779,1.758,32428.0,100.0
Sint Maarten (Dutch part),SXM,2007,,,98.5979790464721,,,74.812,1.572,32791.0,100.0
Sint Maarten (Dutch part),SXM,2008,,,98.6284869654599,,,74.852,1.728,33145.0,100.0
Sint Maarten (Dutch part),SXM,2009,,25528.412619483,98.6589948844477,,,74.796,1.713,33491.0,100.0
Sint Maarten (Dutch part),SXM,2010,,26403.8143692163,98.6895028034355,,,74.821,1.848,33794.0,100.0
Sint Maarten (Dutch part),SXM,2011,,27317.5178881974,98.7200107224233,,,74.868,1.99,34267.0,100.0
Sint Maarten (Dutch part),SXM,2012,,28149.0997855041,98.750518641411,,,75.125,1.959,35023.0,100.0
Sint Maarten (Dutch part),SXM,2013,,28529.7324687053,98.7810265603988,,,75.391,1.894,35854.0,100.0
Sint Maarten (Dutch part),SXM,2014,,37134.912423099,98.7810265603988,,,75.735,1.817,36672.0,100.0
Sint Maarten (Dutch part),SXM,2015,,37839.6283815163,98.7810265603988,,,75.899,1.732,37471.0,100.0
Sint Maarten (Dutch part),SXM,2016,,37308.6147795736,98.7810265603988,,,75.952,1.642,38249.0,100.0
Sint Maarten (Dutch part),SXM,2017,,34701.3058494468,98.7810265603988,,,75.455,1.571,38996.0,100.0
Sint Maarten (Dutch part),SXM,2018,,31708.3110124742,,,,75.693,1.522,39712.0,100.0
Sint Maarten (Dutch part),SXM,2019,,34861.469528968,,,,75.68,1.481,40385.0,100.0
Sint Maarten (Dutch part),SXM,2020,,30150.8998380477,,,,75.002,1.467,41008.0,100.0
Sint Maarten (Dutch part),SXM,2021,,32548.4366854902,,,,74.505,1.456,41571.0,100.0
Sint Maarten (Dutch part),SXM,2022,,37793.1283815826,,,,76.18,1.453,42139.0,100.0
Sint Maarten (Dutch part),SXM,2023,,39451.822911732,,,,76.371,1.447,42749.0,100.0
Slovak Republic,SVK,2000,9.42680320061637,3827.72506501314,99.8249510243293,5.30743933,18.546,73.0512195121951,1.3,5388720.0,56.1058893284907
Slovak Republic,SVK,2001,12.5283218484637,3974.36802854653,99.8323941977163,5.34054947,19.148,73.4024390243903,1.2,5378867.0,55.9968426739371
Slovak Republic,SVK,2002,40.14,4606.38793538107,99.8348565220667,5.51793909,18.541,73.6048780487805,1.19,5376912.0,55.8776140379959
Slovak Republic,SVK,2003,43.04,6283.15169311309,99.6609124436808,5.48400879,17.549,73.6048780487805,1.2,5373374.0,55.7386007222942
Slovak Republic,SVK,2004,52.89,7996.74076556872,99.4697212161582,6.39662457,18.206,73.9585365853659,1.25,5372280.0,55.5843833415875
Slovak Republic,SVK,2005,55.19,9087.20357002472,99.2778705224537,6.61619043,16.276,73.9048780487805,1.27,5372807.0,55.4189847597721
Slovak Republic,SVK,2006,56.08,10629.1782325838,99.085354726035,6.8522706,13.395,74.2048780487805,1.25,5373054.0,55.2464278407442
Slovak Republic,SVK,2007,61.8,14330.2064943926,98.8921747745398,7.17538357,11.16,74.2073170731707,1.27,5374622.0,55.0707354484001
Slovak Republic,SVK,2008,66.05,17973.8436435514,98.6983446411072,6.95978355,9.514,74.7048780487805,1.34,5379233.0,54.895930446636
Slovak Republic,SVK,2009,70.0,16586.7527805228,98.5038356202912,7.95280409,12.023,74.909756097561,1.44,5386406.0,54.7260356993483
Slovak Republic,SVK,2010,75.71,16899.448680529,98.3065426945289,7.67065239,14.387,75.1121951219512,1.43,5391428.0,54.5650740704331
Slovak Republic,SVK,2011,74.4399971746757,18469.4354316836,98.1082605200532,7.31452227,13.634,75.9585365853659,1.45,5398384.0,54.4167387988534
Slovak Republic,SVK,2012,76.7099901181121,17516.9691054078,97.9115016184272,7.52780581,13.966,76.109756097561,1.34,5407579.0,54.2764528316182
Slovak Republic,SVK,2013,77.8826,18312.7805149823,97.7141281271847,7.48013163,14.226,76.4121951219512,1.34,5413393.0,54.1384024098892
Slovak Republic,SVK,2014,79.9843017656729,18770.9289896545,97.516126759043,6.86543369,11.536,76.8121951219512,1.37,5418649.0,54.0029125499893
Slovak Republic,SVK,2015,77.6346820339875,16442.0760860018,97.5208284449085,6.74109745,11.492,76.5634146341463,1.4,5423801.0,53.8700628001622
Slovak Republic,SVK,2016,80.475857275668,16636.0769133073,97.526250341086,7.06081343,9.679,77.1658536585366,1.48,5430798.0,53.7399327086517
Slovak Republic,SVK,2017,81.6256675172655,17645.5298716761,97.532398820711,6.73388767,8.142,77.1658536585366,1.52,5439232.0,53.6126018237016
Slovak Republic,SVK,2018,80.4489224826099,19573.3717031314,97.5317758845703,6.63677502,6.544,77.2658536585366,1.54,5446771.0,53.4881496935559
Slovak Republic,SVK,2019,82.8536605021784,19406.0589683582,97.5318474506964,6.91102982,5.761,77.6658536585366,1.57,5454147.0,53.3666558664583
Slovak Republic,SVK,2020,89.92090413,19735.4858280801,97.5326284865492,7.06027794,6.719,76.8658536585366,1.59,5458827.0,53.2481998906526
Slovak Republic,SVK,2021,88.92560523,22123.3342114545,97.5341310938748,7.62857914,6.894,74.6146341463415,1.63,5447247.0,53.1901479870605
Slovak Republic,SVK,2022,89.06766196,21317.7943982363,97.5363631509113,7.70245218,6.143,76.9658536585366,1.57,5431752.0,53.1902831072528
Slovak Republic,SVK,2023,87.2131343,24614.8734642794,97.5393256080188,7.35262203,5.843,78.119512195122,1.49,5426740.0,53.190805019646
Slovenia,SVN,2000,15.1102595640388,10135.7219109212,99.1116751269035,7.85456371,6.918,75.4121951219512,1.26,1988925.0,50.6975029797519
Slovenia,SVN,2001,30.1759104700854,10375.6255869861,99.1116751269035,7.95505714,5.682,75.7585365853659,1.21,1992060.0,50.7597503536323
Slovenia,SVN,2002,27.8388854180687,11639.1297780477,99.1116751269035,8.11632538,5.922,76.0073170731707,1.21,1994530.0,50.7744556266555
Slovenia,SVN,2003,31.8547930120441,14711.674874253,99.1116751269035,8.17447376,6.479,76.8585365853659,1.2,1995733.0,50.7553842628349
Slovenia,SVN,2004,40.81,17103.8297783905,99.1116751269035,7.99959517,6.012,77.2073170731707,1.25,1997012.0,50.7124410611224
Slovenia,SVN,2005,46.81,17969.7095907161,99.1116751269035,8.0534668,6.506,77.6121951219512,1.26,2000474.0,50.648781400021
Slovenia,SVN,2006,54.01,19563.005059144,99.1116751269035,7.8671999,5.95,78.0865853658537,1.31,2006868.0,50.5672552816963
Slovenia,SVN,2007,56.74,23725.1596001515,99.0583073018352,7.54076052,4.818,78.5609756097561,1.38,2018122.0,50.4707127083144
Slovenia,SVN,2008,58.0,27461.9764165315,99.0049394767669,7.89287567,4.371,78.7658536585366,1.53,2021316.0,50.3620036820409
Slovenia,SVN,2009,64.0,24501.7897290425,98.9515716516986,8.6420126,5.858,78.9707317073171,1.53,2039669.0,50.2439782050416
Slovenia,SVN,2010,70.0,23329.8417691156,98.8982038266302,8.63941956,7.236,79.4219512195122,1.57,2048583.0,50.1194862794826
Slovenia,SVN,2011,67.3399948092396,24940.6284841605,98.8448360015619,8.60054302,8.166,79.9707317073171,1.56,2052843.0,49.9463818748723
Slovenia,SVN,2012,68.3499745287825,22442.1417859955,98.7914681764936,8.79263687,8.841,80.1243902439024,1.58,2057159.0,49.7619476318359
Slovenia,SVN,2013,72.6756,23236.9655321695,98.7381003514252,8.84043884,10.103,80.3219512195122,1.55,2059953.0,50.0466580754027
Slovenia,SVN,2014,71.5862515855601,24013.0682060959,98.6847325263569,8.58487225,9.668,81.0780487804878,1.58,2061980.0,50.983470916748
Slovenia,SVN,2015,73.0986599745829,20697.2748530619,98.6313647012886,8.57742882,8.962,80.7756097560976,1.57,2063531.0,53.6612160294144
Slovenia,SVN,2016,75.4985042610791,21447.8377796036,98.5779968762202,8.5691185,8.0,81.1756097560976,1.58,2065042.0,53.647274017334
Slovenia,SVN,2017,78.8854263554775,23303.077705959,98.5246290511519,8.2588892,6.564,81.0292682926829,1.62,2066388.0,55.2451133728027
Slovenia,SVN,2018,79.7499765956562,25888.0481065655,98.4712612260836,8.35228634,5.108,81.3780487804878,1.6,2073894.0,55.1913430955675
Slovenia,SVN,2019,83.1083578026717,25814.1687167572,98.4178934010152,8.56564522,4.446,81.5292682926829,1.61,2088385.0,55.4523277282715
Slovenia,SVN,2020,86.60130109,25392.0651093612,98.3645255759469,9.48984432,4.971,80.5317073170732,1.59,2102419.0,55.384391784668
Slovenia,SVN,2021,89.00399524,29192.8401933019,98.3111577508786,9.52724361,4.744,80.6756097560976,1.64,2108079.0,55.3046289429588
Slovenia,SVN,2022,88.91248552,28360.3041467268,98.3111577508786,9.62683296,4.011,81.2829268292683,1.55,2112076.0,55.3377817873563
Slovenia,SVN,2023,90.37794678,32660.4753581346,98.3111577508786,9.30008888,3.652,81.9292682926829,1.51,2120461.0,55.5378927789875
Solomon Islands,SLB,2000,0.481296806114395,953.17190137706,21.8188257252679,4.82778931,2.446,67.116,4.757,440469.0,15.7523593692696
Solomon Islands,SLB,2001,0.468551963584141,911.791935385411,22.0200324772691,6.60712814,2.642,67.237,4.673,449125.0,16.0619258388978
Solomon Islands,SLB,2002,0.501919843401009,756.890296490792,22.2253869365298,10.10627556,2.698,67.35,4.602,457671.0,16.4026212138182
Solomon Islands,SLB,2003,0.555609881855115,895.984242546501,22.4348909969671,7.07724714,2.286,67.479,4.539,466154.0,16.7733115757749
Solomon Islands,SLB,2004,0.64967267325146,986.070953503889,22.6485431199764,7.72556639,2.026,67.628,4.466,474611.0,17.172863006512
Solomon Islands,SLB,2005,0.844299972,1144.49233397681,23.2806567827526,9.01794529,1.879,67.79,4.411,483080.0,17.6001415877737
Solomon Islands,SLB,2006,1.646299958,1255.62447417684,23.9183247473617,8.00802231,1.916,67.968,4.39,491594.0,18.0540134013038
Solomon Islands,SLB,2007,2.0,1390.14870956707,24.5615868836554,7.18583059,1.978,67.845,4.372,500156.0,18.5333445288467
Solomon Islands,SLB,2008,3.0,1525.84666261203,25.2110099133869,5.50656271,1.998,68.336,4.358,508790.0,19.0370010521463
Solomon Islands,SLB,2009,4.0,1554.70671006386,25.8655809274752,6.6096673,2.02,68.397,4.349,518141.0,19.5633740998673
Solomon Islands,SLB,2010,5.0,1685.14535823757,26.5258667445609,4.66862011,1.617,68.669,4.341,532968.0,20.1194058206257
Solomon Islands,SLB,2011,6.0,1924.05795643133,27.1881944910187,5.03008652,1.292,68.824,4.335,552945.0,20.7284892962955
Solomon Islands,SLB,2012,6.997399807,2066.25738638356,27.8531008197691,4.88045692,0.984,68.961,4.332,573606.0,21.3906964219987
Solomon Islands,SLB,2013,8.0,2161.38627543917,28.5200623498988,4.58030891,0.694,69.007,4.325,594945.0,22.1027262484765
Solomon Islands,SLB,2014,9.0,2164.95289873002,29.1885477185461,4.88962364,0.73,68.984,4.36,616908.0,22.8612778264703
Solomon Islands,SLB,2015,10.00049973,2045.47721526649,29.8590956039926,4.45310211,0.736,69.323,4.291,639415.0,23.6630502067213
Solomon Islands,SLB,2016,11.00090027,2082.62383124213,30.5306345641,4.52952909,0.736,69.501,4.2,662379.0,24.5047424399707
Solomon Islands,SLB,2017,15.14840031,2143.57670489272,31.2036978531695,4.16556406,0.727,69.652,4.06,685672.0,25.3830535769599
Solomon Islands,SLB,2018,20.8593998,2278.19908624102,31.8782846169849,3.86440825,0.722,69.806,3.93,709101.0,26.2946826684302
Solomon Islands,SLB,2019,22.48880005,2223.65890942466,32.5533129184691,4.43728065,0.746,69.981,3.8,728147.0,27.275106750276
Solomon Islands,SLB,2020,24.1984005,2063.32780991967,33.2293129783629,4.89478445,0.868,69.258,3.749,744498.0,28.0327555150022
Solomon Islands,SLB,2021,26.03790092,2043.44413170658,33.9057348441726,4.94795895,0.879,68.89,3.694,762591.0,28.6889396820578
Solomon Islands,SLB,2022,28.01729965,1877.78104490956,34.1549727598984,4.82418394,1.475,70.409,3.62,781066.0,29.3511689856806
Solomon Islands,SLB,2023,28.67239952,1882.64394148042,34.4025678319385,5.36366177,1.443,70.528,3.557,800005.0,30.0088821088389
"Somalia, Fed. Rep.",SOM,2000,0.02,386.119274401275,20.1837885796287,,18.678,50.747,7.645,8838713.0,33.0596136927225
"Somalia, Fed. Rep.",SOM,2001,0.0790391786670095,244.914842538455,20.9631310018359,,18.665,50.829,7.636,9198493.0,33.5128183866634
"Somalia, Fed. Rep.",SOM,2002,0.115614213354469,229.598918310039,21.7385524325851,,18.658,50.82,7.626,9550063.0,33.9872055053711
"Somalia, Fed. Rep.",SOM,2003,0.376198002539086,286.273025198975,22.6666436152902,,18.648,50.721,7.603,9909157.0,34.4719665654476
"Somalia, Fed. Rep.",SOM,2004,1.05345474358422,375.410326225387,23.5876311312832,,18.653,50.685,7.568,10280998.0,34.9620706047618
"Somalia, Fed. Rep.",SOM,2005,1.077299953,439.979907805478,24.6385730237392,,18.671,50.894,7.527,10644228.0,35.4674928136211
"Somalia, Fed. Rep.",SOM,2006,1.100200057,457.996662206659,25.6985522654712,,18.705,50.915,7.49,10975502.0,35.9982083823331
"Somalia, Fed. Rep.",SOM,2007,1.122200012,479.635628065289,25.4724809628705,,18.687,50.885,7.457,11322582.0,36.5641925012053
"Somalia, Fed. Rep.",SOM,2008,1.142699957,507.03744334738,26.8675518309153,,18.714,51.456,7.415,11663084.0,37.1754203605454
"Somalia, Fed. Rep.",SOM,2009,1.160599947,246.513251675105,28.2620333243978,,18.724,52.101,7.376,11961201.0,37.8418671506609
"Somalia, Fed. Rep.",SOM,2010,,219.202453852397,29.6552314134568,,18.741,48.9,7.322,12261756.0,38.5735080618592
"Somalia, Fed. Rep.",SOM,2011,1.25,235.325945610434,31.0429095384234,,18.761,32.453,7.268,12348830.0,39.380318284448
"Somalia, Fed. Rep.",SOM,2012,1.376700044,350.261946720512,32.0476374113968,,18.771,49.138,7.211,12461160.0,40.2722730087349
"Somalia, Fed. Rep.",SOM,2013,1.5,393.398703952979,33.058251557305,3.36953735,18.655,54.016,7.14,12869594.0,41.2593474250273
"Somalia, Fed. Rep.",SOM,2014,1.629999995,429.431656725102,34.0748734228162,3.02053761,18.595,54.442,7.061,13339491.0,42.3515167236328
"Somalia, Fed. Rep.",SOM,2015,1.75999999,445.583080073396,35.0972405875154,2.94074512,18.495,55.056,6.975,13806963.0,43.8618107408479
"Somalia, Fed. Rep.",SOM,2016,1.879999995,460.928490585175,36.1250378584049,2.2842648,18.611,55.283,6.878,14348740.0,45.942842729174
"Somalia, Fed. Rep.",SOM,2017,,510.939952317726,37.1573619625344,2.44348097,18.455,52.19,6.766,14916629.0,48.3639630032265
"Somalia, Fed. Rep.",SOM,2018,,509.497273804534,38.1938671112932,2.50873256,18.7,54.767,6.662,15452487.0,50.9506215336872
"Somalia, Fed. Rep.",SOM,2019,2.731400013,539.954816211694,39.2334053088705,2.40617251,18.828,57.249,6.56,16030971.0,51.6421170703225
"Somalia, Fed. Rep.",SOM,2020,15.02369976,518.16113333875,40.2756265135548,2.47010517,19.414,57.095,6.453,16651191.0,52.286318011754
"Somalia, Fed. Rep.",SOM,2021,23.87479973,549.056994756254,41.3196817201459,2.73509169,19.662,55.703,6.353,17271431.0,52.9060649733324
"Somalia, Fed. Rep.",SOM,2022,27.6,573.141165798229,42.3649691614571,2.8469162,19.112,53.931,6.255,17801897.0,53.5010115886789
"Somalia, Fed. Rep.",SOM,2023,26.12010002,596.885985135589,43.4108945004739,3.74413586,18.96,58.816,6.132,18358615.0,54.0714435506882
South Africa,ZAF,2000,5.34855973203537,3217.84693448467,60.4973716866815,7.3366189,22.788,58.368,2.413,47159719.0,56.2589954883628
South Africa,ZAF,2001,6.34661931839768,2847.15191945908,61.2759508701069,7.12327909,22.652,57.161,2.373,47566800.0,57.0014339378269
South Africa,ZAF,2002,6.71032243705404,2688.23676032806,62.0623724472109,6.67774487,22.579,55.58,2.324,48019415.0,57.6723587528482
South Africa,ZAF,2003,7.00769172611251,4062.21755993786,62.8465144848753,7.04098177,22.679,54.245,2.358,48500348.0,58.3724341232066
South Africa,ZAF,2004,8.4251186825406,5221.46333731721,63.6233578866547,6.938416,22.567,53.963,2.436,48991421.0,59.0977390950102
South Africa,ZAF,2005,7.48854252992921,5836.87663325127,64.3920939153514,6.86216164,22.472,53.914,2.512,49490033.0,59.8241758378997
South Africa,ZAF,2006,7.60713967477381,6077.38293388876,65.1530628772458,6.87650871,22.304,54.22,2.548,49998277.0,60.5276465215157
South Africa,ZAF,2007,8.06537517355504,6591.85535960564,65.9061304060194,6.90510845,22.26,54.948,2.545,50528584.0,61.1840533154988
South Africa,ZAF,2008,8.43,6184.75474328399,66.6513463502515,7.14832258,22.407,55.982,2.679,51114599.0,61.7692983894896
South Africa,ZAF,2009,10.0,6374.70560042992,67.3878839823923,7.64941454,23.523,57.413,2.501,51728516.0,62.2592839131287
South Africa,ZAF,2010,24.0,7973.47195771517,68.1161861329021,7.79358244,24.683,58.886,2.445,52344051.0,62.6299120560569
South Africa,ZAF,2011,33.97,8646.05571071635,68.8359875393952,7.94434404,24.639,60.602,2.436,52995205.0,62.850627754452
South Africa,ZAF,2012,41.0,8076.97678479741,69.5473276761195,8.00428867,24.727,61.737,2.447,53782567.0,62.9616560303263
South Africa,ZAF,2013,46.5,7331.65467384919,70.2497373907273,8.10322285,24.561,62.388,2.428,54678791.0,63.0524024097034
South Africa,ZAF,2014,49.0,6856.73137092522,70.9435261806792,7.87136555,24.89,63.184,2.424,55594838.0,63.1352327065742
South Africa,ZAF,2015,51.91910172,6112.27382485974,71.6284763129344,8.05304241,25.149,64.053,2.359,56723537.0,63.2096349937231
South Africa,ZAF,2016,54.0,5651.20585165749,72.3045193020221,8.07959366,26.536,64.749,2.261,57259551.0,63.2750973439347
South Africa,ZAF,2017,56.16740036,6618.33508255701,72.9715054204693,7.97711372,27.035,65.422,2.283,57635162.0,63.3311078299936
South Africa,ZAF,2018,62.40000153,6914.1780318076,73.6294078282668,8.0819664,26.906,65.726,2.27,58613001.0,63.3771545246841
South Africa,ZAF,2019,69.69689941,6533.71121032856,74.2781920666219,8.24652863,28.468,66.071,2.264,59587885.0,63.4127255007908
South Africa,ZAF,2020,72.1128006,5580.60383075189,74.917857781457,9.02174091,29.217,65.15,2.257,60562381.0,63.4373088310982
South Africa,ZAF,2021,74.96859741,6828.75624590017,75.5483071505453,8.6645031,34.007,62.01,2.248,61502603.0,63.4503925883909
South Africa,ZAF,2022,78.29319763,6534.24867783397,76.169562634684,8.74512291,33.268,65.454,2.227,62378410.0,63.4766699210327
South Africa,ZAF,2023,78.33670044,6034.27208964673,76.7816295496925,8.90966797,32.098,66.139,2.216,63212384.0,63.5823705163545
South Sudan,SSD,2000,,,,,12.309,47.591,6.803,6032267.0,16.0428540117317
South Sudan,SSD,2001,,,,,12.278,48.55,6.654,6308391.0,16.2559618671544
South Sudan,SSD,2002,,,,,12.235,49.394,6.515,6596806.0,16.447645411794
South Sudan,SSD,2003,,,,,12.234,52.324,6.353,6903127.0,16.6154472307377
South Sudan,SSD,2004,,,,,12.256,53.052,6.19,7233041.0,16.7569099090725
South Sudan,SSD,2005,,,,,12.266,53.965,6.022,7590143.0,16.8695760318857
South Sudan,SSD,2006,,,,,12.268,54.653,5.853,7976526.0,16.9509881842643
South Sudan,SSD,2007,,,,,12.266,55.425,5.704,8388788.0,16.9986889512954
South Sudan,SSD,2008,,1654.21153546555,,,12.298,56.28,5.569,8817647.0,17.0301141193955
South Sudan,SSD,2009,,1323.22068747862,,,12.438,56.848,5.446,9243556.0,17.2937284639317
South Sudan,SSD,2010,,1498.27034985194,,,12.473,57.485,5.318,9745953.0,17.535620199576
South Sudan,SSD,2011,,1448.98435006408,6.98593579388276,,12.585,57.674,5.193,10288109.0,17.7817678106789
South Sudan,SSD,2012,1.5,1109.26050083408,7.58007556158214,,12.803,58.241,5.061,10756240.0,18.0321885447664
South Sudan,SSD,2013,2.200000048,1650.18943353528,8.20089254501599,,12.665,58.285,4.939,11166275.0,18.2868996493633
South Sudan,SSD,2014,2.599999905,1242.73450181032,8.84915620851998,,12.561,45.625,4.818,11235073.0,18.5459183719929
South Sudan,SSD,2015,3.0,1080.14718624765,9.52607939004663,,12.464,39.757,4.695,11107561.0,18.8092619601773
South Sudan,SSD,2016,3.5,,10.2323689883362,,12.854,36.72,4.579,10830102.0,19.0769476614377
South Sudan,SSD,2017,4.1,,10.968942628146,22.11322403,12.983,35.351,4.483,10259154.0,19.3489927232944
South Sudan,SSD,2018,4.800000191,,11.737005779493,11.69539356,12.853,51.905,4.37,10122977.0,19.6254143932663
South Sudan,SSD,2019,6.671000004,,12.5375975656084,9.06570053,12.656,58.129,4.26,10423384.0,19.9062299188719
South Sudan,SSD,2020,,,13.0864589618101,9.35116673,14.246,57.648,4.16,10698467.0,20.1914565476286
South Sudan,SSD,2021,,,13.6458281034803,6.30117083,13.95,57.047,4.047,10865780.0,20.4811115270532
South Sudan,SSD,2022,,,14.2167630894524,6.57254314,12.475,57.203,3.964,11021177.0,20.7752121046616
South Sudan,SSD,2023,,,14.3201319980044,11.61002254,12.374,57.617,3.864,11483374.0,21.0737755279692
Spain,ESP,2000,13.6249608089899,14743.2671031455,99.81337600395,6.80217838,13.785,78.9658536585366,1.22,40567864.0,76.1650552349602
Spain,ESP,2001,18.1487226902932,15368.2337984435,99.8132386621396,6.76929569,10.348,79.3682926829268,1.23,40850412.0,76.3156889510385
Spain,ESP,2002,20.39,17111.0685058941,99.8203750851097,6.79878616,11.146,79.5682926829268,1.25,41431558.0,76.4934217249538
Spain,ESP,2003,39.93,21522.0170990262,99.8274307046271,7.59223175,11.283,79.619512195122,1.3,42187645.0,76.709335590859
Spain,ESP,2004,44.01,24925.0267844576,99.8345059516588,7.68447876,11.09,79.8707317073171,1.31,42921895.0,76.9549627547133
Spain,ESP,2005,47.88,26450.9530130382,99.8416133982387,7.77807474,9.146,80.1707317073171,1.33,43653155.0,77.2206801920294
Spain,ESP,2006,50.37,28421.686527407,99.8487382179383,7.87072468,8.452,80.8219512195122,1.36,44397319.0,77.4968648783202
Spain,ESP,2007,55.11,32652.015594702,99.8558830962321,7.96241188,8.232,80.8731707317073,1.38,45226803.0,77.7738937890987
Spain,ESP,2008,59.6,35603.248328071,99.8630455498867,8.4290638,11.254,81.1756097560976,1.45,45954106.0,78.0421438998777
Spain,ESP,2009,62.4,32279.8208476151,99.8702292600301,9.1530304,17.857,81.4756097560976,1.38,46362946.0,78.2919921861701
Spain,ESP,2010,65.8,30658.7422282912,99.8774338307554,9.16992569,19.86,81.6268292682927,1.37,46576897.0,78.5138156234888
Spain,ESP,2011,67.0899993926581,31824.6219134777,99.8846622975312,9.21749687,21.39,82.4756097560976,1.34,46742697.0,78.695397956495
Spain,ESP,2012,69.8099999420024,28456.4438151477,99.8919111266773,9.2189045,24.789,82.4268292682927,1.32,46773055.0,78.8455680301618
Spain,ESP,2013,71.635,29228.846559842,99.8991712740444,9.13714981,26.094,83.0780487804878,1.27,46604197.0,78.9858086902112
Spain,ESP,2014,76.1867089778712,29707.765509467,99.9060955227569,9.1512289,24.441,83.2292682926829,1.32,46460733.0,79.1196713833488
Spain,ESP,2015,78.6896318703515,25982.4416197775,99.9124654207722,9.17553329,22.057,82.8317073170732,1.33,46422303.0,79.2454892743023
Spain,ESP,2016,80.5613329432179,26755.6061149398,99.9188850913844,8.88084984,19.635,83.3292682926829,1.33,46458139.0,79.3615955277997
Spain,ESP,2017,84.6022457016524,28381.3425596906,99.9198350404292,9.0217495,17.224,83.2829268292683,1.31,46571232.0,79.4663233085683
Spain,ESP,2018,86.107235525659,30602.4212881113,99.9195992102324,9.07122517,15.255,83.4317073170732,1.26,46782011.0,79.5580057813361
Spain,ESP,2019,90.718665325267,29786.5245689007,99.9193505376925,9.21539497,14.104,83.8317073170732,1.23,47118501.0,79.6349761108307
Spain,ESP,2020,93.20564892,27233.9426461608,99.9191055578582,10.79479218,15.532,82.2317073170732,1.18,47359424.0,79.6955674617799
Spain,ESP,2021,93.89752157,30799.4775937775,99.9188670826466,10.34419918,14.914,83.1780487804878,1.18,47443821.0,79.7846242983598
Spain,ESP,2022,94.4855432,30319.4987196616,99.9186101900368,9.6799593,13.033,83.1341463414634,1.16,47786102.0,79.9548794567814
Spain,ESP,2023,95.44564516,33493.2225409111,99.9183686152338,9.2206583,12.179,83.9341463414634,1.12,48352528.0,80.128491001856
Sri Lanka,LKA,2000,0.647410010940963,860.199884304769,76.8072668848757,4.10818672,7.74,71.179,2.213,19293054.0,14.6196895000898
Sri Lanka,LKA,2001,0.793821864362622,803.544026627385,77.6040116337401,4.05662823,7.9,71.804,2.283,19600362.0,14.5739539539707
Sri Lanka,LKA,2002,1.05042270585318,834.936014905338,78.4039232794379,4.03715754,8.76,72.271,2.31,19805752.0,14.6107836754127
Sri Lanka,LKA,2003,1.45858022842408,946.382255128072,79.2069755512289,3.64646697,8.22,72.442,2.301,19951521.0,14.7256630416211
Sri Lanka,LKA,2004,1.44615998041486,1028.62068132555,80.0131764124299,4.03912592,8.38,68.022,2.271,20087605.0,14.9130061059922
Sri Lanka,LKA,2005,1.792000055,1207.21994764165,80.8225453170759,3.87908745,7.67,73.073,2.263,20216524.0,15.167273918248
Sri Lanka,LKA,2006,2.53756612897332,1388.89739119932,81.6350563894259,3.85019565,6.5,72.825,2.292,20352411.0,15.4829275281105
Sri Lanka,LKA,2007,3.88,1578.63451125392,82.4507307606243,3.82258177,5.97,72.983,2.295,20492545.0,15.8544279853018
Sri Lanka,LKA,2008,4.824500084,1973.58476901287,83.2695498205745,3.85482955,5.22,72.556,2.232,20629378.0,16.2762363395441
Sri Lanka,LKA,2009,5.868500233,2026.65939950702,84.0915264944886,4.05676842,5.85,70.298,2.179,20756435.0,16.7428136405592
Sri Lanka,LKA,2010,6.912399769,2808.36245207687,84.916653598686,3.7414515,4.784,74.463,2.134,20879089.0,17.2486209380693
Sri Lanka,LKA,2011,7.956399918,3224.95745082305,85.744932124631,3.5819521,4.118,74.74,2.144,21009048.0,17.7881192817964
Sri Lanka,LKA,2012,9.00039959,3327.77612404326,86.576365798464,3.30659294,3.88,75.187,2.173,21169458.0,18.2617686748284
Sri Lanka,LKA,2013,10.04440022,3739.43182292825,87.410942249761,3.69365358,4.186,75.546,2.178,20585000.0,18.4323136480916
Sri Lanka,LKA,2014,10.5000026214106,3972.04377042271,88.2487200055783,3.46786141,4.157,75.757,2.134,20778000.0,18.6153877203724
Sri Lanka,LKA,2015,15.26249981,4057.71582716521,89.0897723399477,3.6826396,4.519,75.99,2.09,20970000.0,18.796256612131
Sri Lanka,LKA,2016,22.19,4149.19189391879,89.9341591246989,3.61788416,4.242,76.136,2.062,21209000.0,18.9747679368162
Sri Lanka,LKA,2017,25.07550049,4398.88828786059,90.7819310655448,3.33093429,4.046,76.239,2.044,21453000.0,19.1507693078088
Sri Lanka,LKA,2018,28.33620071,4358.56095905888,91.6331770755008,3.6418879,4.318,76.485,2.033,21670000.0,19.3241083384127
Sri Lanka,LKA,2019,32.02090073,4081.94772178134,92.4879479800339,3.70119572,4.67,76.698,2.022,21803000.0,19.4946326418437
Sri Lanka,LKA,2020,36.18473435,3847.60136741182,93.3463184770693,4.27431631,5.364,76.928,2.007,21919000.0,19.6621898312161
Sri Lanka,LKA,2021,44.45308724,3996.96240531688,94.2083491070029,5.19427729,4.981,76.278,1.995,22156000.0,19.8266275195269
Sri Lanka,LKA,2022,48.3,3342.63650438046,94.9480533011818,3.98300457,4.528,77.3,1.984,22181000.0,19.9877933196367
Sri Lanka,LKA,2023,51.2,3815.41531767474,95.3491933910345,3.68313766,4.528,77.483,1.974,22037000.0,20.1455348442463
St. Kitts and Nevis,KNA,2000,5.86281024037522,9319.65545093525,86.4508633800915,4.79933786,,69.249,2.126,45248.0,32.764294564989
St. Kitts and Nevis,KNA,2001,7.71472655580319,10022.5919235637,87.1049196213683,4.39693737,,69.767,2.082,45761.0,32.5960599951138
St. Kitts and Nevis,KNA,2002,21.152381758186,10453.6587064313,87.7589758626448,4.45210552,,70.194,2.038,46020.0,32.4368354358251
St. Kitts and Nevis,KNA,2003,22.9697842928439,10175.6295449989,88.4130321039216,4.75159693,,70.614,2.004,46176.0,32.2808981467536
St. Kitts and Nevis,KNA,2004,24.7376775443732,10944.6183741768,89.0670883451984,4.49067402,,70.92,1.964,46315.0,32.1287199225823
St. Kitts and Nevis,KNA,2005,34.0,11783.7867154145,89.7211445864751,4.72803831,,71.151,1.931,46437.0,31.9804975781124
St. Kitts and Nevis,KNA,2006,38.5,13837.8495311219,90.3752008277517,4.98203421,,71.356,1.902,46569.0,31.8364279281447
St. Kitts and Nevis,KNA,2007,43.5,14757.9579751035,91.0292570690285,4.79733467,,71.437,1.871,46706.0,31.6967077874804
St. Kitts and Nevis,KNA,2008,49.20000076,16604.9448615905,91.6833133103052,5.30566025,,71.479,1.833,46835.0,31.5615339709202
St. Kitts and Nevis,KNA,2009,55.70000076,16503.4119292794,92.337369551582,5.28673744,,71.488,1.8,46916.0,31.4311032932653
St. Kitts and Nevis,KNA,2010,63.0,16622.9457908577,92.9914257928585,5.21727514,,71.452,1.762,46846.0,31.3056125693165
St. Kitts and Nevis,KNA,2011,63.20000076,17832.4572919975,93.6454820341353,5.17247772,,71.4,1.74,46886.0,31.2000648379646
St. Kitts and Nevis,KNA,2012,64.0,17532.0559008608,94.2995382754121,5.01866484,,71.362,1.713,47033.0,31.2035138804223
St. Kitts and Nevis,KNA,2013,64.59999847,18580.1301949935,94.9535945166888,5.05167818,,71.29,1.682,47069.0,31.2131485582887
St. Kitts and Nevis,KNA,2014,65.38179779,20219.3954237956,94.9535945166888,4.75296593,,71.228,1.665,47089.0,31.2290015317909
St. Kitts and Nevis,KNA,2015,66.17310333,20328.8003530109,94.9535945166888,5.12752008,,71.211,1.643,47087.0,31.2513929695583
St. Kitts and Nevis,KNA,2016,66.97389984,21387.5415511103,94.9535945166888,5.42923307,,71.227,1.633,47075.0,31.2806171906169
St. Kitts and Nevis,KNA,2017,67.78440094,22464.9899633959,94.9535945166888,5.2735939,,71.284,1.61,47050.0,31.3169642505921
St. Kitts and Nevis,KNA,2018,68.60479736,22901.3816403197,,4.89670897,,71.336,1.587,47008.0,31.3607229995076
St. Kitts and Nevis,KNA,2019,69.43499756,23595.4923231291,,5.19201469,,71.54,1.568,46952.0,31.4121818392285
St. Kitts and Nevis,KNA,2020,70.27529907,18859.0190361046,,5.66130447,,71.181,1.55,46870.0,31.4716289738952
St. Kitts and Nevis,KNA,2021,74.37159729,18361.1449697886,,6.16912127,,69.271,1.531,46763.0,31.5393525093972
St. Kitts and Nevis,KNA,2022,75.76229858,21011.5744209816,,5.52634287,,70.313,1.512,46709.0,31.6156404983167
St. Kitts and Nevis,KNA,2023,76.58950043,22576.9248439166,,5.73595428,,72.145,1.505,46758.0,31.7007809622822
St. Lucia,LCA,2000,5.09048334139327,5879.56191426207,84.9744584780529,4.86549902,16.49,70.779,2.207,158616.0,27.8532282391838
St. Lucia,LCA,2001,8.18186395448366,5570.45247098106,84.9803185483626,5.12139463,18.538,71.367,2.125,160237.0,27.5160334778671
St. Lucia,LCA,2002,14.6418357746777,5567.89428424719,85.0025858792269,5.38887024,20.39,71.707,2.032,161641.0,26.9383251458178
St. Lucia,LCA,2003,20.9824734633424,6058.60622059326,85.0242495780866,5.24069643,22.18,72.188,1.939,162976.0,26.0119584764195
St. Lucia,LCA,2004,21.395212362765,6494.60034867886,84.8312463406427,4.76760817,20.97,72.453,1.863,164239.0,24.8459172882296
St. Lucia,LCA,2005,21.5675829464215,6863.43641919345,84.6384275834936,4.86039829,18.7,72.544,1.807,165450.0,23.5419158996884
St. Lucia,LCA,2006,24.5,7611.17856675319,84.4463989755519,5.1270175,16.0,72.794,1.765,166639.0,22.2016686292365
St. Lucia,LCA,2007,27.89999962,7964.38211480117,84.2555483784104,5.54166603,14.0,72.86,1.7,167758.0,20.9268897953144
St. Lucia,LCA,2008,30.0,8516.96075488787,84.0663414681814,5.09061956,12.72,72.963,1.7,168808.0,19.8192937163625
St. Lucia,LCA,2009,31.0,8250.52180732734,83.8789714448605,5.24410772,15.37,72.946,1.735,169869.0,18.9805947108213
St. Lucia,LCA,2010,32.5,8673.68720340529,83.6875055171491,5.05056047,17.118,72.768,1.673,170906.0,18.5125070971313
St. Lucia,LCA,2011,34.0,9128.99442011613,83.4554358381498,5.06134319,18.86,72.962,1.5,171801.0,18.4743479557314
St. Lucia,LCA,2012,45.865,9260.30006551714,83.2177970691817,4.92510271,19.06,72.86,1.5,172587.0,18.6193081275177
St. Lucia,LCA,2013,49.3871994,9577.21733754358,82.9738127576029,5.07107592,22.21,72.687,1.5,173369.0,18.9258370999948
St. Lucia,LCA,2014,53.17969894,10044.8218377677,82.7233630078731,4.6836338,21.583,72.676,1.485,174138.0,19.3915445904726
St. Lucia,LCA,2015,57.26330185,10334.9860823918,82.9135424876692,4.57866001,20.84,72.932,1.473,174905.0,20.0204288176073
St. Lucia,LCA,2016,58.22259903,10638.1269396653,83.1035196660243,4.51095486,19.932,72.552,1.461,175646.0,20.8164880000551
St. Lucia,LCA,2017,59.16009903,11333.1123822102,83.2569990879187,4.45561934,19.136,72.522,1.448,176342.0,21.783720356472
St. Lucia,LCA,2018,60.11259842,11642.6984727769,83.3759977820708,4.27262402,19.329,72.655,1.436,177017.0,22.9261241055144
St. Lucia,LCA,2019,61.08050156,11764.3944032403,83.3723158043306,4.290905,15.613,72.249,1.424,177661.0,24.2476974658382
St. Lucia,LCA,2020,62.06399918,8537.11495506727,83.3681101145383,7.01033401,25.224,72.308,1.411,178250.0,25.7524386560998
St. Lucia,LCA,2021,63.06330109,10481.1233971786,83.3633139252982,6.26193285,20.514,69.119,1.399,178522.0,27.4443458949551
St. Lucia,LCA,2022,66.95159912,12976.1489693474,83.3579905079804,4.74750614,15.934,72.67,1.387,178781.0,29.097678526676
St. Lucia,LCA,2023,67.44390106,13616.6397593734,,4.7298274,12.094,72.697,1.379,179285.0,29.0976313248036
St. Martin (French part),MAF,2000,,,99.1705072850435,,,76.793,2.876,29996.0,100.0
St. Martin (French part),MAF,2001,,,99.1705072850435,,,77.009,2.897,30803.0,100.0
St. Martin (French part),MAF,2002,,,99.1705072850435,,,77.219,2.896,31604.0,100.0
St. Martin (French part),MAF,2003,,,99.1705072850435,,,77.419,2.872,32395.0,100.0
St. Martin (French part),MAF,2004,,,99.1705072850435,,,77.612,2.827,33171.0,100.0
St. Martin (French part),MAF,2005,,,99.2217301839164,,,77.802,2.779,33928.0,100.0
St. Martin (French part),MAF,2006,,,99.2729530827894,,,77.989,2.711,34658.0,100.0
St. Martin (French part),MAF,2007,,,99.3241759816624,,,78.16,2.633,35337.0,100.0
St. Martin (French part),MAF,2008,,,99.3753988805353,,,78.326,2.55,35958.0,100.0
St. Martin (French part),MAF,2009,,,99.4266217794083,,,78.513,2.464,36502.0,100.0
St. Martin (French part),MAF,2010,,,99.4778446782813,,,78.752,2.4,36856.0,100.0
St. Martin (French part),MAF,2011,,20930.5821177758,99.5290675771542,,,79.016,2.424,37069.0,100.0
St. Martin (French part),MAF,2012,,,99.5802904760272,,,79.302,2.773,37276.0,100.0
St. Martin (French part),MAF,2013,,,99.6315133749002,,,79.528,2.719,37419.0,100.0
St. Martin (French part),MAF,2014,,20638.7705882379,99.6827362737731,,,79.727,2.707,37450.0,100.0
St. Martin (French part),MAF,2015,,,99.7339591726461,,,79.829,2.665,37369.0,100.0
St. Martin (French part),MAF,2016,,,99.785182071519,,,79.885,2.643,37175.0,100.0
St. Martin (French part),MAF,2017,,,99.836404970392,,,78.762,2.657,36837.0,100.0
St. Martin (French part),MAF,2018,,,99.887627869265,,,80.029,2.725,36012.0,100.0
St. Martin (French part),MAF,2019,,19033.0649634889,99.9388507681379,,,80.078,2.791,34267.0,100.0
St. Martin (French part),MAF,2020,,,99.9900736670109,,,80.085,2.829,31786.0,100.0
St. Martin (French part),MAF,2021,,21668.3776525323,100.0,,,80.206,2.804,29961.0,100.0
St. Martin (French part),MAF,2022,,,100.0,,,80.236,2.763,28870.0,100.0
St. Martin (French part),MAF,2023,,,100.0,,,80.224,2.718,27515.0,100.0
St. Vincent and the Grenadines,VCT,2000,3.24503741064558,3768.95536604022,66.7294523137454,3.98284125,20.8,70.35,2.306,113545.0,44.8903114926141
St. Vincent and the Grenadines,VCT,2001,5.09480977832946,4071.08601098962,68.2932876455311,4.01057482,21.1,70.382,2.3,113501.0,45.0076571524878
St. Vincent and the Grenadines,VCT,2002,5.54959487957379,4303.27976789727,69.8685930812809,4.08079481,20.623,70.658,2.218,113347.0,45.1214266763803
St. Vincent and the Grenadines,VCT,2003,6.46227416659743,4499.61454193342,71.4550338353597,3.96341038,19.985,70.43,2.142,113141.0,45.236152710942
St. Vincent and the Grenadines,VCT,2004,7.37116584201749,4873.48947742443,73.0525457928112,3.8710556,19.545,70.445,2.087,112835.0,45.3517185236482
St. Vincent and the Grenadines,VCT,2005,9.19827808234299,5157.39373878102,74.6608057101443,3.83410811,19.461,70.454,2.068,112450.0,45.4681221654846
St. Vincent and the Grenadines,VCT,2006,12.0,5744.8278621257,76.2797356313722,3.6556716,19.162,70.434,2.033,112014.0,45.5853616874371
St. Vincent and the Grenadines,VCT,2007,16.0,6398.19123532172,77.9089003654313,3.82213306,18.934,70.446,2.063,111531.0,45.7034351404912
St. Vincent and the Grenadines,VCT,2008,21.0,6598.90531450859,79.5483293300492,3.8878386,18.79,70.611,2.15,111028.0,45.8223405756329
St. Vincent and the Grenadines,VCT,2009,31.0,6463.78777336717,81.1977080162168,4.09299564,19.365,70.712,2.174,110508.0,45.9420760438477
St. Vincent and the Grenadines,VCT,2010,33.70000076,6551.96835992405,82.8568333078063,4.30325222,19.924,70.66,2.144,109959.0,46.0626395961215
St. Vincent and the Grenadines,VCT,2011,36.70000076,6527.68996854448,84.5254997766492,4.23327732,20.006,70.609,2.076,109349.0,46.18402928344
St. Vincent and the Grenadines,VCT,2012,40.0,6713.80768643865,86.2035023550135,4.46855974,19.833,70.539,2.113,108736.0,46.3063114823836
St. Vincent and the Grenadines,VCT,2013,43.5,7072.46737188939,87.8905519339678,4.23780632,19.356,70.091,2.106,108135.0,46.4319347036311
St. Vincent and the Grenadines,VCT,2014,47.4,7168.82875342911,89.586601063137,4.17431307,19.237,70.355,2.141,107535.0,46.5579930468544
St. Vincent and the Grenadines,VCT,2015,49.40000153,7353.73556054184,89.6149399647848,4.11605787,19.135,70.463,2.133,106960.0,46.6845638727475
St. Vincent and the Grenadines,VCT,2016,51.5,7656.90042881178,89.6434827883976,4.09760141,19.029,70.7,2.055,106349.0,46.8116589511271
St. Vincent and the Grenadines,VCT,2017,53.70000076,7988.04445019298,89.6721678912107,4.23171329,19.024,71.013,1.94,105663.0,46.9392900518098
St. Vincent and the Grenadines,VCT,2018,56.0,8428.12677153069,89.7010629819102,4.25346231,19.005,71.017,1.9,104926.0,47.0674689446123
St. Vincent and the Grenadines,VCT,2019,59.57630157,8740.59425232061,,4.26063251,19.248,70.994,1.864,104167.0,47.1962073993512
St. Vincent and the Grenadines,VCT,2020,63.38100052,8351.20324040982,,4.87071276,20.635,69.605,1.83,103526.0,47.3255171858432
St. Vincent and the Grenadines,VCT,2021,68.83339691,8641.27904024443,,5.26607132,20.356,69.132,1.808,102841.0,47.4554100739049
St. Vincent and the Grenadines,VCT,2022,74.75479889,9693.55867833025,,4.6054697,19.277,71.191,1.791,102046.0,47.585897833353
St. Vincent and the Grenadines,VCT,2023,75.53679657,10582.3656725229,,4.43696308,18.348,71.23,1.775,101323.0,47.7169922340041
Sudan,SDN,2000,0.0257850324762484,362.116882324219,17.3575354903131,3.60664487,15.595,58.946,5.596,27816745.0,32.3435880462815
Sudan,SDN,2001,0.140185224494161,451.293304443359,17.374607093096,3.36456871,15.56,59.264,5.562,28516770.0,32.3760415318304
Sudan,SDN,2002,0.439477639075583,506.262634277344,17.3916786977486,3.30010891,15.514,59.308,5.531,29228727.0,32.4038820246832
Sudan,SDN,2003,0.538471703150458,580.320251464844,17.4087500196024,3.89187932,15.515,58.319,5.489,29896035.0,32.4271684741748
Sudan,SDN,2004,0.791561615446385,705.113342285156,17.4258224608883,4.15593481,15.538,56.773,5.455,30556637.0,32.4459598296403
Sudan,SDN,2005,,905.543640136719,19.1365769047278,4.09418154,15.545,57.226,5.397,31262444.0,32.4603150404146
Sudan,SDN,2006,,1132.474609375,20.8471551509776,4.88544321,15.542,60.4,5.332,31992435.0,32.4702930558327
Sudan,SDN,2007,8.66,1444.37219238281,22.8360801058185,5.66269159,15.534,61.442,5.27,32764135.0,32.4759528252296
Sudan,SDN,2008,,1527.58239746094,24.8798414748603,5.42313576,15.566,61.261,5.212,33623980.0,32.4816230749746
Sudan,SDN,2009,,1178.22180175781,26.985005939161,6.39496326,13.0,62.676,5.173,34569113.0,32.5774622972843
Sudan,SDN,2010,,1305.63598632813,29.1517069072564,5.05810165,15.168,62.979,5.141,35414399.0,32.7174026591513
Sudan,SDN,2011,,1332.6572265625,31.3797006029968,5.61579561,17.44,63.181,5.087,36140806.0,32.9059760141986
Sudan,SDN,2012,,1019.22210693359,33.6683780592082,5.68827009,16.973,63.427,5.031,36923178.0,33.1425561614901
Sudan,SDN,2013,,1138.62780761719,36.0176959149453,6.96487474,16.273,63.443,4.965,37785849.0,33.4264777958103
Sudan,SDN,2014,,1275.43835449219,38.4269401247106,5.67619705,15.41,63.99,4.912,38823318.0,33.7624582408117
Sudan,SDN,2015,12.0,1292.37963867188,40.8962454458167,5.81112576,14.39,64.375,4.898,40024431.0,34.0914394628597
Sudan,SDN,2016,14.0999999446534,1033.21594238281,43.424779800547,5.68438482,13.656,64.677,4.829,41259892.0,34.1881958841213
Sudan,SDN,2017,18.60000038,966.505676269531,46.0119565679027,5.91767406,13.0,65.146,4.761,42714306.0,34.2872225663509
Sudan,SDN,2018,,731.027465820313,48.6574194730533,4.46172857,12.347,65.501,4.681,44230596.0,34.382054222005
Sudan,SDN,2019,,709.975280761719,51.3601722607621,4.59967566,11.697,65.803,4.617,45548175.0,34.4727685824236
Sudan,SDN,2020,,577.795227050781,54.1197261681039,3.04323435,11.995,65.124,4.542,46789231.0,34.5594433789246
Sudan,SDN,2021,,712.122009277344,56.9352476681987,2.9669323,11.087,64.46,4.457,48066924.0,34.6421563427994
Sudan,SDN,2022,,1046.24084472656,59.8058415120202,3.79416442,7.53,65.695,4.384,49383346.0,34.7209852053086
Sudan,SDN,2023,,797.283447265625,62.7305457858252,2.85165739,,66.331,4.323,50042791.0,34.7960076976764
Suriname,SUR,2000,2.50641105226881,1988.22172925433,78.0261256777533,5.87092161,12.873,64.409,3.046,476643.0,66.7015222141811
Suriname,SUR,2001,3.06444838873752,1714.64846637242,78.3498083783454,3.82474971,12.047,64.82,3.057,486560.0,66.718959290312
Suriname,SUR,2002,4.1615687449541,2202.340682196,78.6724770234777,5.32991552,11.187,65.274,2.956,496551.0,66.7320549534773
Suriname,SUR,2003,4.71987539528956,2516.10404020956,78.9935674670335,4.88878393,10.336,65.778,2.839,506414.0,66.7404073281911
Suriname,SUR,2004,6.0760478144456,2887.7721728844,79.3133628506981,5.4608078,9.49,66.362,2.738,513923.0,66.743604713168
Suriname,SUR,2005,6.40308628759062,3453.42865937765,79.9454355206116,5.2439642,9.302,66.997,2.712,519313.0,66.7321826490881
Suriname,SUR,2006,9.49960041,5002.65798695759,80.5786141828713,5.85598755,9.142,67.643,2.727,524997.0,66.6967982269052
Suriname,SUR,2007,14.11,5530.17615638309,81.2158259074575,5.22148609,9.017,68.307,2.735,531016.0,66.6433180134835
Suriname,SUR,2008,21.05999947,6576.08546307249,81.8573477450076,4.74699593,8.854,68.873,2.727,537245.0,66.5776961831642
Suriname,SUR,2009,31.36,7129.5768626291,82.5034153738866,4.97810316,8.72,69.323,2.712,543568.0,66.5058869102882
Suriname,SUR,2010,31.59,7943.60482816915,83.1536012115357,4.6978569,7.15,69.626,2.688,549923.0,66.4338443691967
Suriname,SUR,2011,32.0,7949.88867218383,83.8081495753945,4.40932178,7.54,69.82,2.667,556269.0,66.3675227342307
Suriname,SUR,2012,34.68119812,8851.24050668908,84.4670825315891,4.28435707,8.1,69.957,2.669,562633.0,66.3132562693376
Suriname,SUR,2013,37.40000153,9043.19281529222,85.1304175026747,4.48738098,6.6,70.11,2.651,569020.0,66.2683575134509
Suriname,SUR,2014,40.08000183,9108.18905406764,85.8011033502861,4.52127838,6.94,70.33,2.62,575373.0,66.2249266178037
Suriname,SUR,2015,42.76380157,8813.61705392067,86.4788537727956,5.80808163,7.22,70.567,2.57,581627.0,66.1828815074718
Suriname,SUR,2016,45.40000153,5644.2061057532,87.1630073725614,5.99283743,7.917,70.979,2.5,587757.0,66.1426466980469
Suriname,SUR,2017,48.94520187,6049.52128553675,87.8530834622316,5.32285929,7.905,71.247,2.431,593713.0,66.1046467051207
Suriname,SUR,2018,55.10210037,6665.74180472239,88.5487221622628,6.60567093,7.817,71.468,2.381,599513.0,66.0693060442846
Suriname,SUR,2019,62.03350067,6629.66775248603,89.2491417475009,8.38353634,7.755,71.773,2.347,605768.0,66.0370492311305
Suriname,SUR,2020,,4755.39221710693,89.9542117560027,6.03425598,8.973,72.321,2.314,612317.0,66.00830078125
Suriname,SUR,2021,,5029.84838543953,89.9622405684379,5.01704168,8.706,68.943,2.295,617896.0,65.9853973388672
Suriname,SUR,2022,,6084.43876736445,89.9723387364091,5.93297768,7.973,73.254,2.274,623164.0,65.8985443115234
Suriname,SUR,2023,87.4,5521.97602122638,89.9842718946213,5.40666008,7.699,73.631,2.249,628886.0,65.7562408447266
Sweden,SWE,2000,45.6876522122282,29632.5890811623,99.2347634124279,7.32495546,5.466,79.6439024390244,1.54,8872109.0,84.0400009155273
Sweden,SWE,2001,51.7656649372808,27259.3174300217,99.2332384165328,7.89248943,4.73,79.7951219512195,1.57,8895960.0,84.0827152824223
Sweden,SWE,2002,70.57,29957.7776664916,99.2277089490057,8.18597412,4.965,79.8463414634146,1.65,8924958.0,84.1342508376823
Sweden,SWE,2003,79.13,37292.2419727801,99.2051754500928,8.31654263,5.555,80.0951219512195,1.71,8958229.0,84.1954289653543
Sweden,SWE,2004,83.89,42758.0048564929,99.182623862092,8.1428194,6.693,80.4975609756098,1.75,8993531.0,84.2670710494849
Sweden,SWE,2005,84.83,43378.4077394363,99.1600494494,8.15987301,7.81,80.5463414634146,1.77,9029572.0,84.3499984741211
Sweden,SWE,2006,87.76,46531.3762240485,99.1374844622195,8.0421772,7.066,80.7487804878049,1.85,9080505.0,84.4553200620359
Sweden,SWE,2007,82.01,53568.3057787832,99.1149041183548,7.9882226,6.161,80.9,1.88,9148092.0,84.5906875454778
Sweden,SWE,2008,90.0,55817.1759726485,99.0922716215488,8.22603607,6.235,81.1,1.91,9219637.0,84.7517366727063
Sweden,SWE,2009,91.0,46707.6425044751,99.0695949437167,8.77742958,8.351,81.3512195121951,1.94,9298515.0,84.9341031919813
Sweden,SWE,2010,90.0,52542.5759090299,99.0468670356081,8.32384682,8.61,81.4512195121951,1.98,9378126.0,85.1334228515625
Sweden,SWE,2011,92.7699860554046,60379.4814599322,99.0240725950998,10.50179005,7.804,81.8024390243903,1.9,9449213.0,85.3600748880524
Sweden,SWE,2012,93.1799880065108,57749.5615420853,99.0011691334878,10.834198,7.976,81.7048780487805,1.91,9519374.0,85.6250668883122
Sweden,SWE,2013,94.7836,60843.9888799369,98.9781745144205,10.9872179,8.052,81.9560975609756,1.89,9600379.0,85.9249771259894
Sweden,SWE,2014,92.5236065037579,59583.4584491714,98.9550794456992,11.07212639,7.954,82.2536585365854,1.88,9696110.0,86.2563838747314
Sweden,SWE,2015,90.6101966398616,51188.1652120493,98.9319079494218,10.93069172,7.432,82.2048780487805,1.85,9799186.0,86.6158654081858
Sweden,SWE,2016,89.6509476102355,51703.5088332851,98.9086418804905,10.95692444,6.99,82.3073170731707,1.85,9923085.0,87.0
Sweden,SWE,2017,93.0062669652127,53210.2233318965,98.8852906425608,10.94730949,6.718,82.409756097561,1.78,10057698.0,87.237373786911
Sweden,SWE,2018,89.2469631588137,54018.4554391861,98.8618710894005,11.09132671,6.365,82.5585365853659,1.76,10175214.0,87.4737430925296
Sweden,SWE,2019,94.4934434072202,51648.9892820514,98.8383650468889,10.93444347,6.833,83.109756097561,1.71,10278887.0,87.7088420242759
Sweden,SWE,2020,94.53943122,52568.5726980146,98.8147945547194,11.42458725,8.291,82.3560975609756,1.67,10353442.0,87.9424046895699
Sweden,SWE,2021,94.6703163,60647.5416365347,98.7911500544417,11.23013592,8.803,83.0560975609756,1.67,10415811.0,88.1741651958315
Sweden,SWE,2022,95.00970335,54836.8907235124,98.767447686991,10.85505676,7.417,83.0585365853659,1.53,10486941.0,88.4038576504809
Sweden,SWE,2023,95.70327461,54950.2834725622,98.7436812461122,11.152915,7.611,83.309756097561,1.45,10536632.0,88.631216160938
Switzerland,CHE,2000,47.1,39298.0968042444,99.8809744521453,9.13442421,2.658,79.6804878048781,1.5,7184250.0,73.302430524727
Switzerland,CHE,2001,55.1,40133.6101965261,99.8809658313733,9.46040058,2.49,80.1804878048781,1.38,7229854.0,73.3762992611964
Switzerland,CHE,2002,61.4,43094.2492848494,99.8809871491783,9.88000107,2.924,80.3853658536585,1.39,7284753.0,73.4195324136588
Switzerland,CHE,2003,65.1,49947.3910175152,99.8810032241511,10.13696766,4.117,80.5365853658537,1.39,7339001.0,73.4518762174754
Switzerland,CHE,2004,67.8,55349.6164595028,99.8810219544494,10.22576523,4.316,81.0878048780488,1.42,7389625.0,73.4761317507392
Switzerland,CHE,2005,70.1,57080.0704338193,99.8810375348048,10.05823421,4.437,81.2365853658537,1.42,7437115.0,73.4951000915434
Switzerland,CHE,2006,75.7,59910.293405504,99.8810597647058,9.5802002,3.995,81.490243902439,1.44,7483934.0,73.5115823179813
Switzerland,CHE,2007,77.2,66082.1233977532,99.8810759344812,9.41693783,3.641,81.7414634146342,1.46,7551117.0,73.5283795081459
Switzerland,CHE,2008,79.2,75147.5376709155,99.8810918351395,9.53167725,3.35,81.9926829268293,1.48,7647675.0,73.5482927401305
Switzerland,CHE,2009,81.3,72788.2049524379,99.8811142742757,10.1415062,4.109,82.0439024390244,1.5,7743831.0,73.5741230920283
Switzerland,CHE,2010,83.9,77956.1262043942,99.8811300380304,9.9907856,4.808,82.2463414634147,1.52,7824909.0,73.6086716419323
Switzerland,CHE,2011,85.1930281804854,91910.3964565203,99.884002235061,10.10393143,4.409,82.6951219512195,1.52,7912398.0,73.65058748615
Switzerland,CHE,2012,85.2,87269.5594780124,99.8868750975179,10.33511066,4.491,82.6975609756098,1.52,7996861.0,73.7522629583622
Switzerland,CHE,2013,86.34,88851.2374497983,99.8897357144211,10.59444523,4.747,82.7975609756098,1.52,8089346.0,74.1121384785551
Switzerland,CHE,2014,83.6172512621702,90511.6484558843,99.8925900927449,10.6751194,4.826,83.1975609756098,1.54,8188649.0,74.7402679059582
Switzerland,CHE,2015,87.4790555978675,85265.06205193,99.8954458615596,10.97983074,4.801,82.8975609756098,1.54,8282396.0,75.6044960143169
Switzerland,CHE,2016,89.1346877351392,83432.4111596314,99.8982917124867,11.20248795,4.918,83.6024390243903,1.54,8373338.0,76.6726675773771
Switzerland,CHE,2017,89.6861476710225,83610.248611484,99.8998756361922,11.37471581,4.797,83.5512195121951,1.52,8451840.0,77.9126273688843
Switzerland,CHE,2018,91.80000305,87002.3382293532,99.8998706855138,11.19891071,4.713,83.7536585365854,1.52,8514329.0,79.2922201625844
Switzerland,CHE,2019,93.1460869535177,85872.9702303454,99.8998728058584,11.42588997,4.394,83.9048780487805,1.48,8575280.0,80.7792907322229
Switzerland,CHE,2020,94.34999847,87529.7016394892,99.8998740977632,11.98960876,4.817,83.0,1.46,8638167.0,82.3416838515457
Switzerland,CHE,2021,95.56937154,96582.8687080693,99.8998704339259,11.95855618,5.013,83.7512195121951,1.52,8704546.0,84.2006477608879
Switzerland,CHE,2022,96.45279694,97809.095567203,99.8998753786739,11.59911823,4.122,83.6048780487805,1.39,8777088.0,84.9206266284521
Switzerland,CHE,2023,97.34436623,104449.75451772,99.8998744202541,11.69096088,4.043,84.1560975609756,1.33,8888822.0,85.1854212679815
Syrian Arab Republic,SYR,2000,0.181698580104333,1138.18722723683,88.4362434436707,4.57202911,9.587,70.856,4.068,16637888.0,51.876811612138
Syrian Arab Republic,SYR,2001,0.353759130007247,1177.53806921268,88.5934283502185,4.71458244,11.63,71.296,3.976,17051338.0,52.2854637030759
Syrian Arab Republic,SYR,2002,2.09310101861765,1189.98119453595,88.7492874257757,4.96416759,10.94,71.742,3.865,17468332.0,52.6957745699164
Syrian Arab Republic,SYR,2003,3.39797261356623,1220.179077256,88.9036732275118,5.13501024,10.28,72.188,3.763,17889296.0,53.1024010548332
Syrian Arab Republic,SYR,2004,4.32159377785571,1368.11263904001,89.0567218578073,4.49753141,9.513,72.494,3.679,18336875.0,53.5
Syrian Arab Republic,SYR,2005,5.648099899,1533.90017615946,89.4008999377627,4.12713289,8.81,72.797,3.605,18814091.0,53.8227202374695
Syrian Arab Republic,SYR,2006,7.832600117,1718.78469956591,89.7438154668414,3.79620314,8.17,73.04,3.562,19637022.0,54.059770380523
Syrian Arab Republic,SYR,2007,11.5,1937.61199094087,90.0855961151044,3.73920178,8.42,73.256,3.538,20884125.0,54.2883969431774
Syrian Arab Republic,SYR,2008,14.0,2429.1247629459,90.4260958959399,3.41378117,10.94,73.368,3.481,21636564.0,54.5858464394493
Syrian Arab Republic,SYR,2009,17.3,2462.20127278738,90.765252574693,3.57431221,8.14,73.496,3.415,21976969.0,55.0293653833552
Syrian Arab Republic,SYR,2010,20.7,2730.61487784917,91.1032333325641,3.35286307,8.61,73.542,3.355,22482421.0,55.6962002889119
Syrian Arab Republic,SYR,2011,22.5,2952.14372909443,91.3661532755884,2.6616261,8.626,72.259,3.285,22878098.0,58.4817704183521
Syrian Arab Republic,SYR,2012,24.30010033,1897.66115018696,91.6346537137352,3.22060776,13.8,66.206,3.221,22759763.0,65.0896662830335
Syrian Arab Republic,SYR,2013,26.20000076,985.892669221634,91.9089982459699,3.77518535,14.5,65.146,3.165,21666917.0,73.0620491886137
Syrian Arab Republic,SYR,2014,28.09000015,1060.59105887433,92.1891347366773,4.23171377,14.782,65.492,3.117,20273659.0,76.0
Syrian Arab Republic,SYR,2015,29.97979927,847.731545352582,92.5483239351902,3.67464328,14.244,63.265,3.067,19424618.0,75.7529067188542
Syrian Arab Republic,SYR,2016,31.8696003,656.349017520952,92.9046403526053,3.89073515,13.798,65.19,3.012,19193834.0,75.15400963398
Syrian Arab Republic,SYR,2017,32.70000076,851.501972646386,93.258034132691,3.91299295,13.603,65.651,2.972,19224668.0,74.5395596323392
Syrian Arab Republic,SYR,2018,33.77000046,1098.06667935023,93.6084625778636,3.93852568,13.505,67.371,2.932,19577845.0,74.0612602381775
Syrian Arab Republic,SYR,2019,,1109.53933821464,93.9559328365603,3.96978569,13.369,70.97,2.878,20353534.0,73.8248788261986
Syrian Arab Republic,SYR,2020,,593.911771822527,94.3003801258049,3.67009115,15.179,71.944,2.837,21049429.0,73.4125031102512
Syrian Arab Republic,SYR,2021,,688.566109726934,94.6418305675614,3.50403309,14.887,72.418,2.798,21628839.0,73.0125007629395
Syrian Arab Republic,SYR,2022,,1056.78264718197,94.980328483975,3.3840971,13.245,72.79,2.746,22462173.0,72.6124992370605
Syrian Arab Republic,SYR,2023,,,95.3158526472943,2.70998812,13.27,72.12,2.712,23594623.0,72.1673803143204
Tajikistan,TJK,2000,0.048599594582182,136.925716400723,91.5699996065089,4.26492405,4.15,63.542,3.49,6284735.0,26.5355104669232
Tajikistan,TJK,2001,0.0512591325352927,168.676285365186,91.8092789104417,4.57802534,3.75,64.197,3.49,6407377.0,26.5345041786379
Tajikistan,TJK,2002,0.0554628269910006,186.951638285222,92.048248339145,4.43647242,3.95,64.898,3.47,6531669.0,26.5336513960096
Tajikistan,TJK,2003,0.0645837771508553,233.58124845289,92.2869078236657,4.70218658,3.85,65.874,3.42,6658575.0,26.5331204386766
Tajikistan,TJK,2004,0.0774799071356825,305.745158587502,92.5252394619312,4.79911184,3.45,66.604,3.507,6790547.0,26.5327772632159
Tajikistan,TJK,2005,0.298690023682825,333.927150941684,92.7632910189712,5.21024704,3.45,66.531,3.398,6924720.0,26.5324878262051
Tajikistan,TJK,2006,3.77240620666448,401.018403316427,93.0010371753061,5.03254795,3.65,66.997,3.341,7057566.0,26.5321180842215
Tajikistan,TJK,2007,7.19761951797855,516.997210618914,93.2384821622591,5.54050112,2.874,67.405,3.367,7194477.0,26.5315339938424
Tajikistan,TJK,2008,8.78,703.327375898643,93.4756158486128,5.91206694,4.942,67.924,3.388,7338403.0,26.5306015116451
Tajikistan,TJK,2009,10.07,664.795655734657,93.7124382355308,5.85579777,7.028,68.248,3.43,7490230.0,26.529186594207
Tajikistan,TJK,2010,11.55000019,737.338883219356,93.9489613656333,5.73543453,7.037,68.37,3.457,7652141.0,26.5274312963978
Tajikistan,TJK,2011,13.02999973,833.601978202852,94.185174547708,5.85971785,7.04,68.698,3.456,7824785.0,26.4792213439941
Tajikistan,TJK,2012,14.51000023,952.452819695469,94.4209455801784,5.98185873,7.022,69.13,3.421,8014084.0,26.4102249145508
Tajikistan,TJK,2013,16.0,1028.19704279396,94.6560052528961,6.53226423,7.019,69.579,3.433,8216724.0,26.4883155822754
Tajikistan,TJK,2014,17.48999977,1081.54402932039,94.8900877135893,6.6654973,7.024,69.697,3.459,8425552.0,26.5633735656738
Tajikistan,TJK,2015,18.97999954,956.916310930656,95.1229285632346,6.90735912,7.033,69.665,3.459,8643840.0,26.478832244873
Tajikistan,TJK,2016,20.46999931,788.710481734485,95.3542477429458,6.96349716,7.036,69.982,3.384,8865631.0,26.3718509674072
Tajikistan,TJK,2017,21.95999908,829.45714764957,95.5837707483272,6.85399008,7.035,70.524,3.29,9085946.0,26.2731513977051
Tajikistan,TJK,2018,32.59999847,834.288404578801,95.8112529374464,7.01381588,7.028,70.737,3.294,9307333.0,26.2338752746582
Tajikistan,TJK,2019,22.68630028,871.022372934846,95.9706194331764,6.9476676,7.026,70.962,3.281,9529966.0,26.1300735473633
Tajikistan,TJK,2020,27.54409981,834.311715460625,95.9796685499025,8.8903532,7.576,68.605,3.211,9749310.0,26.1925442328719
Tajikistan,TJK,2021,36.70560074,896.748053372182,95.98782600032,8.37504482,7.687,69.594,3.17,9966908.0,26.1991525151375
Tajikistan,TJK,2022,48.91429901,1052.17949484894,95.9951184722517,7.62917423,7.051,71.562,3.127,10182222.0,26.1957126615618
Tajikistan,TJK,2023,54.41550064,1178.47990060249,95.9857039731115,7.43789911,7.037,71.79,3.072,10389799.0,26.1890127571429
Tanzania,TZA,2000,0.11719444010825,401.698150634766,3.44646184127631,3.41529942,3.129,53.244,5.67,34260139.0,22.1944164040635
Tanzania,TZA,2001,0.171300350668948,396.638732910156,4.73290413603406,4.23551702,2.994,54.124,5.617,35198299.0,22.5963228653037
Tanzania,TZA,2002,0.222484413923909,402.649047851563,6.02169752992319,4.68907642,3.023,54.94,5.57,36121304.0,23.0306918214565
Tanzania,TZA,2003,0.676962856510303,422.18359375,7.3420470245643,5.34231472,3.053,55.929,5.578,37089555.0,23.5202087261949
Tanzania,TZA,2004,0.87757497099259,450.385284423828,8.68990145112376,5.7373414,3.105,56.836,5.597,38109668.0,24.0832469119457
Tanzania,TZA,2005,1.100000024,483.334869384766,10.0407875300945,6.32282543,3.193,57.675,5.579,39182076.0,24.7061884538741
Tanzania,TZA,2006,1.299999952,475.746734619141,11.3955838103187,7.598279,3.299,58.512,5.511,40294902.0,25.3741033202009
Tanzania,TZA,2007,1.6,543.198303222656,12.7548704063114,6.88427973,3.023,59.26,5.403,41435512.0,26.0720614791471
Tanzania,TZA,2008,1.899999976,675.977233886719,14.1197491698762,5.55704737,2.775,59.896,5.324,42570728.0,26.7851328989335
Tanzania,TZA,2009,2.400000095,693.823547363281,15.4903054261921,5.06306362,2.5,60.494,5.26,43633982.0,27.498387547781
Tanzania,TZA,2010,2.900000095,736.530151367188,16.8680409613497,5.22392178,3.03,61.127,5.225,44758488.0,28.1968953939105
Tanzania,TZA,2011,3.200000048,775.392761230469,18.2532282424589,5.0559845,3.47,61.618,5.141,46029367.0,28.865726405543
Tanzania,TZA,2012,3.950000048,861.969909667969,19.6470733482155,5.01779366,3.223,62.286,5.137,47374260.0,29.4878764597911
Tanzania,TZA,2013,4.400000095,963.05712890625,21.049832968174,4.64643383,2.93,62.788,5.156,48824128.0,30.0725108782502
Tanzania,TZA,2014,7.0,1022.74841308594,22.4616949820223,4.01492071,2.125,63.364,5.122,50351512.0,30.6443077170742
Tanzania,TZA,2015,10.0,939.127319335938,23.8834363913571,3.64969945,2.009,63.928,5.025,52020962.0,31.2061566592472
Tanzania,TZA,2016,13.5042328468919,953.0107421875,25.3153858621226,3.96350336,1.931,64.404,5.006,53824013.0,31.7577303242916
Tanzania,TZA,2017,14.46339989,986.674011230469,26.7585271322434,4.02325726,1.854,64.963,4.988,55652890.0,32.2987013317296
Tanzania,TZA,2018,15.49069977,1023.10626220703,28.2133927251419,4.32775831,1.792,65.488,4.932,57437145.0,32.8287423010834
Tanzania,TZA,2019,16.59090042,1063.32250976563,29.6802357492442,4.02347755,1.735,66.007,4.866,59174891.0,33.3475258518752
Tanzania,TZA,2020,19.48139954,1117.41528320313,31.1602899873696,3.05028677,1.792,66.771,4.801,60972798.0,33.8547246036273
Tanzania,TZA,2021,22.87540054,1159.85656738281,32.6535108479798,3.46963334,1.876,66.131,4.734,62830412.0,34.3500111758619
Tanzania,TZA,2022,26.86059952,1207.52062988281,34.1608687863697,3.13497496,1.573,66.879,4.671,64711821.0,34.8234736377147
Tanzania,TZA,2023,28.43190002,1224.00219726563,35.6824982712263,3.05201221,1.565,66.995,4.606,66617606.0,35.4748019434954
Thailand,THA,2000,3.68904127944164,2005.97694514234,92.1750602372757,3.10125351,2.389,71.205,1.734,63007815.0,31.4626212652205
Thailand,THA,2001,5.55632612097332,1889.93432467144,92.4269815292223,3.02623773,2.6,71.52,1.711,63651141.0,32.7428054763889
Thailand,THA,2002,7.53125033488567,2089.75183111554,92.6825085503493,3.334723,1.82,71.775,1.688,64266437.0,34.0732781018222
Thailand,THA,2003,9.29902723805965,2347.54001286066,92.9418411854686,3.24312782,1.54,72.101,1.673,64868166.0,35.4270354382579
Thailand,THA,2004,10.6773033237281,2641.56268717857,93.2050846909476,3.13893151,1.51,72.1,1.665,65452047.0,36.785516284484
Thailand,THA,2005,15.0260043588909,2867.70383436062,93.4725323543909,3.15972233,1.35,72.894,1.644,66017420.0,38.1301594392881
Thailand,THA,2006,17.1607147169285,3331.32043511773,93.7441160220544,3.09970832,1.22,73.341,1.631,66567687.0,39.4424037014582
Thailand,THA,2007,20.03,3918.52817434581,94.0200504764456,3.19277525,1.18,73.779,1.616,67102394.0,40.7036878697821
Thailand,THA,2008,18.2,4309.13509292986,94.3003992134307,3.45933938,1.18,74.221,1.587,67619830.0,41.8954507430475
Thailand,THA,2009,20.1,4135.43986952819,94.5853633004337,3.61939645,1.49,74.669,1.565,68121080.0,42.9991311200422
Thailand,THA,2010,22.4,4973.86288823778,94.8749317339833,3.39009809,0.622,75.012,1.562,68579447.0,44.0018736622496
Thailand,THA,2011,23.669925618731,5373.6232832898,95.1764985756383,3.56825495,0.66,75.302,1.571,69007208.0,44.8048723557374
Thailand,THA,2012,26.46,5725.52802835463,95.4825472825224,3.5229404,0.58,75.59,1.563,69436098.0,45.373565813715
Thailand,THA,2013,28.94,6018.08244729255,95.7914583178376,3.45313334,0.249,75.96,1.526,69845114.0,45.8321343847773
Thailand,THA,2014,34.8860535783465,5801.1978916205,96.1032346574694,3.68448091,0.576,76.279,1.484,70216367.0,46.3138799467897
Thailand,THA,2015,39.3161267365004,5688.85335397884,96.417885275126,3.8522861,0.597,76.563,1.451,70540795.0,46.9521043776171
Thailand,THA,2016,47.5049656215909,5833.57715617098,96.7354102291453,3.93900609,0.688,76.769,1.4,70859841.0,47.8801095551247
Thailand,THA,2017,52.8919293439676,6413.09182530343,97.0558447818026,3.85276842,0.83,76.989,1.363,71160187.0,49.2311973571777
Thailand,THA,2018,56.8174809301456,7099.77650081458,97.3791754669481,3.87040329,0.765,77.19,1.323,71376079.0,54.5843734741211
Thailand,THA,2019,66.6524194587528,7605.69657797759,97.705394777576,3.78911877,0.716,77.197,1.285,71522271.0,55.9266166687012
Thailand,THA,2020,77.84374066,6983.03412836245,98.0344733663979,4.35724688,1.099,77.331,1.259,71641484.0,57.2358779907227
Thailand,THA,2021,85.26956666,7055.18760721422,98.3663780543942,5.15399981,1.215,77.606,1.234,71727332.0,58.5087776184082
Thailand,THA,2022,87.97724503,6910.00995211206,98.7010762721829,5.35471153,0.94,75.291,1.221,71735329.0,59.742374420166
Thailand,THA,2023,89.53525238,7210.54130832685,99.0385374392322,4.53787661,0.733,76.412,1.212,71702435.0,60.9341926574707
Timor-Leste,TLS,2000,,492.457669429651,,,3.529,58.097,5.934,745088.0,24.1139427164365
Timor-Leste,TLS,2001,,587.700692767858,,,3.386,58.772,5.918,812249.0,24.469641672156
Timor-Leste,TLS,2002,0.0,533.982476434866,18.7862054534433,,3.371,59.477,5.899,879159.0,24.8506108883184
Timor-Leste,TLS,2003,,534.901153697657,21.2656644837503,2.84187031,3.54,60.13,5.846,916878.0,25.2611540807581
Timor-Leste,TLS,2004,,474.420767344689,23.7373821027999,4.26103544,3.668,60.743,5.741,929074.0,25.7040830077802
Timor-Leste,TLS,2005,0.0990317678179026,487.464555404292,26.1851944213066,5.28044748,3.611,61.272,5.611,948311.0,26.3097308948751
Timor-Leste,TLS,2006,0.5,464.667001844159,28.6397241043122,6.00192022,3.634,61.881,5.474,976597.0,27.121697883382
Timor-Leste,TLS,2007,1.0,540.154584237662,31.0966445042485,5.64793253,3.523,62.396,5.333,1004889.0,28.0011655196859
Timor-Leste,TLS,2008,1.5,628.153219252849,33.5563864330636,6.96563959,3.434,62.858,5.171,1032429.0,28.8076745459306
Timor-Leste,TLS,2009,2.0,686.579295832381,36.0178392685678,7.30931807,3.289,63.265,4.994,1058782.0,29.4007657042596
Timor-Leste,TLS,2010,3.0,813.060177250597,38.4806929868607,6.47058821,3.301,63.66,4.816,1084679.0,29.6398840020416
Timor-Leste,TLS,2011,4.0,939.045241112693,40.9452765286363,6.86541462,3.385,64.022,4.614,1110207.0,29.633352306451
Timor-Leste,TLS,2012,7.0,1022.61903188429,43.41056257646,6.99215221,3.47,64.384,4.404,1134885.0,29.6136082349605
Timor-Leste,TLS,2013,11.0,1204.56841532931,45.8762265623181,8.5323782,3.57,64.719,4.208,1158695.0,29.5836906253246
Timor-Leste,TLS,2014,17.5,1224.74957758801,48.3422173517987,7.59958553,3.618,65.027,3.999,1181903.0,29.5463092024041
Timor-Leste,TLS,2015,18.60000038,1319.59297370991,50.808161320469,7.69146681,3.678,65.326,3.779,1205131.0,29.5043315008419
Timor-Leste,TLS,2016,21.20000076,1335.54390089814,53.273678577949,6.94250727,4.657,65.61,3.582,1228312.0,29.4462907628171
Timor-Leste,TLS,2017,24.20000076,1266.17767952941,55.7381542550198,6.80442286,4.254,65.898,3.399,1251703.0,29.3600996787092
Timor-Leste,TLS,2018,27.60000038,1219.46598597604,58.2016694124243,6.40227413,3.765,66.204,3.244,1275959.0,29.248617510057
Timor-Leste,TLS,2019,28.00460052,1562.36458881813,60.663593946828,4.99218798,3.148,66.496,3.116,1300945.0,29.1148755245217
Timor-Leste,TLS,2020,32.01269913,1630.86935439232,63.1237035257288,7.26445007,2.808,66.919,3.011,1326053.0,28.9619049897647
Timor-Leste,TLS,2021,35.04199982,2684.92673717299,65.5812259785817,4.9192977,2.344,66.199,2.892,1350139.0,28.7927371734472
Timor-Leste,TLS,2022,,2343.24955542816,68.0360936203576,7.46371841,1.537,67.368,2.801,1369295.0,28.5857292288968
Timor-Leste,TLS,2023,,1502.4114958903,70.4877207394957,9.59779453,1.525,67.689,2.707,1384286.0,28.595471832952
Togo,TGO,2000,0.8,440.420399069497,8.03359662210635,3.33427,4.162,54.587,5.1652,4783722.0,33.0994844063309
Togo,TGO,2001,0.9,426.883605884489,8.26404186167869,3.4422195,4.108,54.757,5.12801,4904144.0,33.5503635916513
Togo,TGO,2002,1.0,479.438373869587,8.49612982372265,3.44502354,4.087,55.044,5.09187,5027130.0,34.0011370438307
Togo,TGO,2003,1.2,579.728195854724,8.7296739646634,3.44513917,3.957,55.312,5.047961,5154112.0,34.4513989657696
Togo,TGO,2004,1.5,604.311329116751,8.96468393915561,3.48131895,3.992,55.608,4.994707,5281320.0,34.9007435603688
Togo,TGO,2005,1.799999952,595.200212014134,9.61445795262473,3.98242044,4.149,55.931,5.037823,5413154.0,35.3487650305291
Togo,TGO,2006,2.0,596.249203137762,10.2925202802465,4.30967808,4.229,56.154,5.076201,5569664.0,35.795057579151
Togo,TGO,2007,2.200000048,654.083697666439,10.9986369472506,3.67734432,3.822,56.395,5.102,5748443.0,36.2392154091353
Togo,TGO,2008,2.400000095,771.351190404751,11.7327806563873,3.74071932,3.279,56.663,5.100197,5936138.0,36.6808327233827
Togo,TGO,2009,2.599999905,770.172869777254,12.493855912589,3.92726755,2.847,56.94,5.104276,6130946.0,37.1195037247939
Togo,TGO,2010,3.0,750.323421086121,13.2824677060048,4.33284378,2.379,57.24,5.087324,6325788.0,37.5545882975638
Togo,TGO,2011,3.5,834.14671980279,14.1028173218821,4.38927078,1.982,57.624,4.984234,6500582.0,37.9872305648732
Togo,TGO,2012,4.0,813.611525037432,14.9528006713975,4.64366484,2.029,57.953,4.853789,6653718.0,38.4194359598204
Togo,TGO,2013,4.5,885.698522723929,15.8290583040509,4.78670263,2.084,58.356,4.753612,6798848.0,38.8516767884103
Togo,TGO,2014,5.699999809,921.539748631461,16.7317561082878,4.90473413,2.141,58.776,4.701602,6937644.0,39.2839506458368
Togo,TGO,2015,7.119999886,813.894676975085,17.6606158910418,6.24738503,2.204,59.23,4.661566,7071502.0,39.7162551272934
Togo,TGO,2016,11.31000042,843.114204338675,18.6162879264339,6.58550072,2.968,59.677,4.633942,7200884.0,40.1485878279739
Togo,TGO,2017,12.3602249692905,872.076408845752,19.5982705218929,6.50210476,3.744,60.145,4.576231,7324386.0,40.5809463430719
Togo,TGO,2018,15.5,942.480774393154,20.6062840876452,6.16073656,2.9,60.608,4.513072,7458206.0,41.013328267781
Togo,TGO,2019,20.72730064,917.718016777619,21.6400439153227,5.91268635,2.036,61.061,4.450408,7619925.0,41.445731197295
Togo,TGO,2020,29.02370071,961.219781201934,22.6992561746885,6.18928432,2.231,61.14,4.386312,7788054.0,41.8781527268075
Togo,TGO,2021,30.33839989,1076.29520076949,23.7836212231427,5.6165967,2.344,61.337,4.323871,7936176.0,42.3105904515122
Togo,TGO,2022,35.60749817,1071.61539220759,24.8925910881783,6.24094057,1.965,62.292,4.253183,8068616.0,42.7332327975627
Togo,TGO,2023,37.57020187,1182.32951436696,25.0297462105085,6.10829544,1.942,62.74,4.192401,8223850.0,43.2496853032436
Tonga,TON,2000,2.4343980443669,1995.07667546271,89.1918092232378,2.90389204,3.966,69.635,4.159,102677.0,23.0251513819988
Tonga,TON,2001,2.82537183911525,1753.51667576626,89.1948394556071,3.42501593,4.368,69.8,4.127,103288.0,23.0488634076195
Tonga,TON,2002,2.90729731626382,1759.4805324576,89.1977672693598,3.58957744,4.683,70.03,4.138,103874.0,23.071428585567
Tonga,TON,2003,2.98581736750435,1936.04104012389,89.200794074455,3.43583083,5.18,70.228,4.175,104464.0,23.0943621775072
Tonga,TON,2004,3.95237389457043,2195.44890047673,89.2038246506717,4.50741625,3.878,70.433,4.186,105071.0,23.1191794451059
Tonga,TON,2005,4.907800198,2477.72620144825,89.6551557415148,4.38560247,2.542,70.56,4.195,105671.0,23.1473956500293
Tonga,TON,2006,5.853899956,2750.34778600857,90.1063131747226,5.47225046,1.09,70.71,4.141,106253.0,23.1801421282521
Tonga,TON,2007,7.179900169,2797.06560109144,90.558457375061,4.73330021,1.21,70.887,4.086,106726.0,23.2239976577967
Tonga,TON,2008,8.11076994380395,3218.45303993196,91.0111252112613,6.05759716,1.279,71.041,4.012,107020.0,23.2889000757567
Tonga,TON,2009,10.0,2914.23774004564,91.4632691263774,3.97380877,1.419,70.949,3.946,107203.0,23.3612068183251
Tonga,TON,2010,16.0,3416.08356601207,91.914895774654,4.81632328,1.501,71.319,3.879,107400.0,23.4243619099178
Tonga,TON,2011,25.0,3849.99375750134,92.0921967178499,4.73990822,1.594,71.437,3.829,107570.0,23.46075468367
Tonga,TON,2012,30.0,4384.17058724217,92.2619222236095,8.13786125,1.638,71.546,3.768,107460.0,23.4589062635692
Tonga,TON,2013,32.75400162,4219.24670113014,92.4258220900949,4.16768837,1.75,71.65,3.696,107078.0,23.4170795020344
Tonga,TON,2014,35.95439911,4136.59010898445,92.587068935407,5.19583178,1.914,71.721,3.619,106609.0,23.3431040935971
Tonga,TON,2015,38.65129852,4123.90347238813,92.7457956111317,4.78137636,2.022,71.851,3.54,106095.0,23.2434422818439
Tonga,TON,2016,39.95000076,3987.98618837043,92.9019205295168,5.22591066,2.048,71.951,3.463,105524.0,23.1277038505921
Tonga,TON,2017,46.20080185,4365.92929788648,93.0554424910355,5.62952805,2.137,72.066,3.388,105356.0,22.9711300654966
Tonga,TON,2018,48.80789948,4675.04776047973,93.2070910925577,6.12240648,2.248,72.169,3.326,105567.0,22.7017138925547
Tonga,TON,2019,51.56299973,4788.83350468584,93.3566618540617,5.74527884,2.165,72.292,3.274,105669.0,22.3288155626206
Tonga,TON,2020,54.47370148,4792.35872413906,93.5041088737025,5.55919838,2.712,72.379,3.234,105704.0,21.8766206823411
Tonga,TON,2021,57.549,4922.8015864044,93.6491554246251,7.06254101,2.111,72.13,3.198,105490.0,21.258003897665
Tonga,TON,2022,61.60739899,5298.01942454298,93.7917923415777,7.95276737,2.002,72.635,3.171,105042.0,21.147219451842
Tonga,TON,2023,64.13140106,5651.59357939286,93.9318098810781,7.36037779,1.652,72.895,3.129,104597.0,21.147944541337
Trinidad and Tobago,TTO,2000,7.72141147401745,6178.58975559687,,4.23492479,12.1,68.629,1.732,1319774.0,55.9291468285602
Trinidad and Tobago,TTO,2001,15.384627218944,6657.41466937221,,4.0346489,10.88,68.874,1.705,1325567.0,55.9010190940268
Trinidad and Tobago,TTO,2002,21.9986754804449,6762.93080808096,,4.72302485,10.39,69.232,1.672,1332011.0,55.8298121439974
Trinidad and Tobago,TTO,2003,25.9717641091609,8445.04653518298,,4.18767118,10.48,69.454,1.648,1338709.0,55.7188050758235
Trinidad and Tobago,TTO,2004,27.0242700782714,9871.03419820086,,4.30805206,8.33,69.879,1.627,1345380.0,55.5711241312409
Trinidad and Tobago,TTO,2005,28.97669983,12346.4373094075,94.3756517863125,4.43451166,7.95,70.185,1.625,1294494.0,55.3898955519853
Trinidad and Tobago,TTO,2006,30.00370026,14152.6607422113,94.3805673799329,4.15431976,6.27,70.437,1.624,1297944.0,55.1782455797922
Trinidad and Tobago,TTO,2007,32.3,16606.675360681,94.3855102571565,4.1536026,5.54,70.797,1.622,1303188.0,54.9393004563973
Trinidad and Tobago,TTO,2008,34.8,21298.9945258063,94.3904280017838,3.6575706,4.63,71.117,1.617,1308587.0,54.6761864235364
Trinidad and Tobago,TTO,2009,44.3,14634.0565003912,94.3953687318109,5.48676443,5.28,71.404,1.618,1310106.0,54.3920297229449
Trinidad and Tobago,TTO,2010,48.5,16815.424737361,94.3852371604895,5.08042908,4.033,71.809,1.614,1317714.0,54.0899565963587
Trinidad and Tobago,TTO,2011,55.2,19151.0870229722,94.3740852058431,4.72197914,3.425,72.232,1.611,1328019.0,53.9253615474727
Trinidad and Tobago,TTO,2012,57.5,20332.1389531925,94.3614743999076,4.62851572,3.718,72.513,1.609,1335194.0,53.9254053431618
Trinidad and Tobago,TTO,2013,59.90000153,21304.9777496628,94.3476328778078,4.80224705,2.683,72.785,1.603,1340557.0,53.9255789963372
Trinidad and Tobago,TTO,2014,62.40000153,21908.3014555644,94.3327824248919,4.87381697,2.477,72.898,1.602,1345343.0,53.9259699537793
Trinidad and Tobago,TTO,2015,65.09999847,19887.2327716498,94.317158860963,5.6525383,2.428,72.882,1.598,1349667.0,53.926665238022
Trinidad and Tobago,TTO,2016,67.80000305,17449.1538801956,94.3009655351862,6.47465849,3.207,72.935,1.601,1353895.0,53.9277523084951
Trinidad and Tobago,TTO,2017,70.59999847,17566.0999700656,94.2844344672468,6.56562996,3.389,72.984,1.594,1356633.0,53.9293186833833
Trinidad and Tobago,TTO,2018,72.76029968,17571.498737278,94.2677930697495,6.65089417,3.497,72.658,1.588,1359193.0,53.9314518934907
Trinidad and Tobago,TTO,2019,74.98670197,17212.6128892163,94.251259726399,6.90704823,3.523,72.836,1.578,1363985.0,53.9342394732739
Trinidad and Tobago,TTO,2020,77.28130341,15283.6270531554,94.2350621411755,7.47677326,4.206,72.645,1.572,1366725.0,53.9377689584806
Trinidad and Tobago,TTO,2021,84.36576986,17712.5674104655,94.2194207686008,7.20521307,4.446,71.111,1.559,1367558.0,53.9421278853848
Trinidad and Tobago,TTO,2022,81.69760132,20750.5202434652,94.204562265161,6.64416027,4.383,73.331,1.544,1365805.0,53.9474037904998
Trinidad and Tobago,TTO,2023,81.9681015,18308.4536298575,94.1907029265778,7.52568626,3.361,73.49,1.532,1367510.0,53.9536842104572
Tunisia,TUN,2000,2.75074029298135,2199.04465936314,77.6805623507761,4.81271935,14.94,72.604,2.025,9764935.0,63.6166653822584
Tunisia,TUN,2001,4.29796603474685,2235.71981624751,78.3012933034024,4.86132765,14.4,72.822,1.975,9869677.0,63.9541757453358
Tunisia,TUN,2002,5.25288729548421,2320.7723805785,79.2381759455373,5.12036419,14.55,73.07,1.941,9971515.0,64.2822554892505
Tunisia,TUN,2003,6.49084579532797,2725.8643148859,80.1731149302556,5.20888519,14.51,73.304,1.956,10071632.0,64.6055972687544
Tunisia,TUN,2004,8.52881775162591,3067.41936376975,81.0995386424089,5.19890785,14.23,73.519,1.95,10166163.0,64.9272741461338
Tunisia,TUN,2005,9.655099869,3146.8260743927,81.9968796979531,5.14555788,12.872,73.712,1.953,10255472.0,65.2340901739004
Tunisia,TUN,2006,12.98639965,3322.56933570096,82.8949793127084,5.13109922,12.51,73.888,1.952,10346410.0,65.5209809651521
Tunisia,TUN,2007,17.1,3726.91672935667,83.7929328669292,5.17542839,12.365,74.039,1.957,10441702.0,65.8000030517578
Tunisia,TUN,2008,27.53,4255.05008019523,84.6908993579876,5.1644063,12.444,74.192,1.975,10542635.0,66.0676053984361
Tunisia,TUN,2009,34.07,4080.09032448781,85.5886831809273,5.40595293,13.29,74.32,2.004,10650681.0,66.3362197875977
Tunisia,TUN,2010,36.8,4291.86120891575,86.4858177057762,5.60950756,13.049,74.438,2.075,10765980.0,66.6280059814453
Tunisia,TUN,2011,39.1,4420.64772206537,87.3826542238521,6.12299299,18.334,74.471,2.189,10886035.0,66.9191886197857
Tunisia,TUN,2012,41.4416008,4297.26782454273,88.2787188281284,6.28984737,17.63,74.599,2.277,11009647.0,67.2098922729492
Tunisia,TUN,2013,43.79999924,4369.79345826358,89.1734065275524,6.51394987,15.934,74.674,2.31,11141361.0,67.4999542236328
Tunisia,TUN,2014,46.15999985,4458.97895464547,90.0672030566408,6.45006084,14.259,74.784,2.316,11274288.0,67.7524643379101
Tunisia,TUN,2015,46.4999943435776,4014.94773686432,90.9610365626904,6.21339941,15.159,74.875,2.306,11402264.0,67.8807907104492
Tunisia,TUN,2016,49.5999948415756,3847.80354448809,91.8540914293083,6.24778175,15.557,75.007,2.275,11528674.0,68.0623356528248
Tunisia,TUN,2017,55.5001550633671,3619.03247319953,92.7457440160073,6.18557453,15.33,75.177,2.205,11650498.0,68.2877807617188
Tunisia,TUN,2018,64.1908102327387,3628.10366464236,93.6354735142668,5.9375186,15.459,75.37,2.133,11765514.0,68.5485240272509
Tunisia,TUN,2019,66.6999983024144,3528.87213306798,94.5224940632681,6.02461243,17.153,75.599,2.1,11875081.0,68.8206382576031
Tunisia,TUN,2020,68.55639648,3548.65363663803,95.4060813673203,7.05612612,17.651,75.004,2.0,11974057.0,69.1043166438476
Tunisia,TUN,2021,68.31552226,3906.93926319391,96.2856817943005,7.34183979,16.632,72.893,1.8,12048622.0,69.3997523770568
Tunisia,TUN,2022,,3707.29283414381,97.1606271679566,7.51270723,15.3,76.05,1.847,12119334.0,69.707138648303
Tunisia,TUN,2023,,3951.11683376921,97.9849156132874,7.98537874,15.106,76.508,1.832,12200431.0,70.0266686486584
Turkiye,TUR,2000,3.761685035075,4199.3798635759,86.5326055844195,4.59957218,6.495,71.931,2.487,65425961.0,58.9706120006403
Turkiye,TUR,2001,5.18948146078506,3052.2256706793,86.6924044195484,4.88784933,8.381,72.271,2.392,66245128.0,59.8722461417316
Turkiye,TUR,2002,11.38,3591.08628982587,87.4876884090788,5.06227875,10.358,72.605,2.268,67048795.0,60.7385342729423
Turkiye,TUR,2003,12.33,4649.63668068586,88.2670291386027,5.01427698,10.542,72.906,2.202,67831730.0,61.5845060653258
Turkiye,TUR,2004,14.58,5979.6054216148,89.0308156718015,4.9096446,10.838,73.223,2.197,68592617.0,62.4388481173262
Turkiye,TUR,2005,15.46,7331.85429430255,89.7785316915136,4.89389706,10.636,73.51,2.197,69329557.0,63.3302470273874
Turkiye,TUR,2006,18.24,7990.08251407245,90.5110315275318,5.14591694,10.227,73.804,2.193,70045349.0,64.2873893939536
Turkiye,TUR,2007,28.63,9766.91734545294,91.2280737248533,5.23760796,10.285,74.129,2.16,70158112.0,65.3389618154687
Turkiye,TUR,2008,34.37,10913.4079047769,91.9302207848415,5.21761751,10.965,74.38,2.15,71051678.0,66.513650890377
Turkiye,TUR,2009,36.4,9076.92472236977,92.6170977664848,5.49438715,14.026,74.679,2.1,72039206.0,67.8401432171223
Turkiye,TUR,2010,39.82,10698.9699409757,93.2892782391218,5.02053452,11.879,74.964,2.08,73142150.0,69.3471253941487
Turkiye,TUR,2011,43.065710430925,11373.6355760885,93.9467893956226,4.6530509,9.789,74.823,2.05,74223629.0,71.0028723528334
Turkiye,TUR,2012,45.13,11776.7593362033,94.5901003264673,4.44444656,9.21,75.552,2.11,75175827.0,73.7788680234324
Turkiye,TUR,2013,46.25,12635.5570016068,95.2181862351683,4.37099934,9.713,76.171,2.11,76147624.0,78.5218368384696
Turkiye,TUR,2014,51.0373665521645,12209.3862327674,95.8319919153338,4.32517862,9.901,76.452,2.19,77181884.0,83.6024850744433
Turkiye,TUR,2015,53.7449791423583,11064.6494504662,96.4317908505569,4.11690426,10.304,76.539,2.16,78218479.0,87.2167107972537
Turkiye,TUR,2016,58.3477340145685,10984.3643169061,97.0180744384543,4.28469229,10.899,76.595,2.11,79277962.0,88.1020958581776
Turkiye,TUR,2017,64.6846176835371,10756.3877677883,97.5910900486757,4.17974997,10.919,77.037,2.08,80312698.0,88.0320472717286
Turkiye,TUR,2018,71.0427608433809,9684.11819884721,98.1513969936455,4.12101603,10.956,77.454,2.0,81407204.0,88.1655749576173
Turkiye,TUR,2019,73.9767022871511,9395.23378001368,98.6993304992011,4.35954332,13.73,77.737,1.89,82579440.0,88.6618152857124
Turkiye,TUR,2020,77.6695605,8798.11791709313,99.2307423449242,4.61640215,13.148,76.525,1.77,83384680.0,88.9303114965222
Turkiye,TUR,2021,81.40843745,9981.76398411336,99.2429248259355,4.56065559,11.969,75.722,1.71,84147318.0,89.1762048153239
Turkiye,TUR,2022,83.43716576,10897.8397861365,99.2548217497769,3.70338893,10.465,77.591,1.63,84979913.0,89.0381164550781
Turkiye,TUR,2023,85.96074155,13375.0947282864,99.2664132586442,4.27524424,9.388,77.156,1.51,85325965.0,89.0218446796121
Turkmenistan,TKM,2000,0.13328218259348,633.835487638011,93.3187665874563,4.03080034,11.73,64.931,2.9,4582677.0,46.0736689106993
Turkmenistan,TKM,2001,0.175209517731422,756.034976276398,93.3098698647818,4.7660532,10.898,65.325,2.814,4675409.0,46.3715562022892
Turkmenistan,TKM,2002,0.302132016152841,935.540801478466,93.3009582565221,4.10696697,10.141,65.593,2.71,4769465.0,46.5924846062154
Turkmenistan,TKM,2003,0.425182631884743,1228.94870289404,93.2921017323084,4.97849178,9.289,65.854,2.667,4863865.0,46.7000007629395
Turkmenistan,TKM,2004,0.754053982724623,1379.23009682692,93.283297506944,6.18652296,8.419,66.055,2.674,4958093.0,46.7375427392139
Turkmenistan,TKM,2005,0.997300029,1604.01618452312,93.6603556052315,5.58886814,7.495,66.275,2.706,5052257.0,46.7728683922582
Turkmenistan,TKM,2006,1.3195731180963,1996.59310717308,94.0385120989703,4.92075682,6.601,66.574,2.724,5147105.0,46.8060040482349
Turkmenistan,TKM,2007,1.40636068812023,2414.96071986964,94.4179027341964,3.09328628,5.719,67.02,2.734,5244046.0,46.8369760333063
Turkmenistan,TKM,2008,1.75,3605.50395120549,94.7888881171857,3.45380449,4.852,67.584,2.75,5345029.0,46.8658106736347
Turkmenistan,TKM,2009,1.950000048,3707.97850699617,95.1582461913449,2.81471276,4.0,68.155,2.794,5451592.0,46.8925342953825
Turkmenistan,TKM,2010,3.0,4058.53937000739,95.5291246544019,3.20879436,4.0,68.608,2.848,5564356.0,46.9171732247121
Turkmenistan,TKM,2011,5.0,5143.61929334647,95.901679888436,3.22296,4.003,68.87,2.9,5683417.0,46.9397537877858
Turkmenistan,TKM,2012,7.195799828,6053.8748468749,96.2760286614644,3.34203553,3.994,68.961,2.955,5808546.0,46.9603023107661
Turkmenistan,TKM,2013,9.600000381,6599.64529055481,96.6523278427633,3.96929264,3.993,68.968,3.007,5939341.0,46.9788451198152
Turkmenistan,TKM,2014,12.19999981,7164.14536184006,97.0307986182985,4.25741673,4.005,69.001,3.023,6075283.0,46.9954085410955
Turkmenistan,TKM,2015,14.99680042,5759.497903834,97.4115357683835,5.01652908,4.016,69.061,3.033,6215770.0,47.0100189007695
Turkmenistan,TKM,2016,17.99029922,5238.00827202546,97.7947178741168,5.58718491,4.026,69.142,2.99,6360041.0,47.0227025249994
Turkmenistan,TKM,2017,,5125.54920055808,98.1805141094557,5.82361221,4.035,69.19,2.934,6507061.0,47.0334857399476
Turkmenistan,TKM,2018,,3911.98557297865,98.5690477632557,5.55298042,4.036,69.272,2.875,6655524.0,47.0423948717765
Turkmenistan,TKM,2019,,4365.1152919542,98.960474453072,5.5522337,4.035,69.405,2.834,6803944.0,47.0494562466485
Turkmenistan,TKM,2020,,3935.37749365223,99.3549516187618,5.57226086,4.489,68.846,2.793,6949912.0,47.0546961907259
Turkmenistan,TKM,2021,,3713.20113171765,99.7409287319658,5.49196625,4.458,69.353,2.754,7092043.0,47.0581410301711
Turkmenistan,TKM,2022,,5198.18947409551,99.7391494278379,5.37103748,4.017,69.913,2.728,7230193.0,47.0592103414926
Turkmenistan,TKM,2023,,5298.46421949276,99.7373196526799,5.49789095,4.007,70.073,2.69,7364438.0,47.0678875054171
Turks and Caicos Islands,TCA,2000,,,,,,73.972,2.406,18730.0,84.6139434685266
Turks and Caicos Islands,TCA,2001,,18325.7458111974,,,,74.409,2.342,19576.0,85.3337963668196
Turks and Caicos Islands,TCA,2002,,17803.9471767733,,,,74.843,2.242,20597.0,86.0142597030394
Turks and Caicos Islands,TCA,2003,,18859.1890274773,,,,75.262,2.176,21727.0,86.671565520254
Turks and Caicos Islands,TCA,2004,,21246.00980049,,,,75.63,2.136,22856.0,87.3041883072325
Turks and Caicos Islands,TCA,2005,,24122.3028180757,,,,75.954,2.106,23988.0,87.908436065312
Turks and Caicos Islands,TCA,2006,,28734.2873064523,,,,76.197,2.078,25123.0,88.4806167958296
Turks and Caicos Islands,TCA,2007,,29443.8523030072,,,,76.427,2.049,26270.0,89.0170385001222
Turks and Caicos Islands,TCA,2008,,31453.8228752689,,,,76.084,2.005,27427.0,89.5140091795268
Turks and Caicos Islands,TCA,2009,,24596.8938015951,,,,76.672,1.959,28588.0,89.9678368353804
Turks and Caicos Islands,TCA,2010,,23093.8498268267,,,,76.784,1.907,29739.0,90.3748294690201
Turks and Caicos Islands,TCA,2011,,27327.4006354146,,,,76.87,1.859,30846.0,90.7312950817828
Turks and Caicos Islands,TCA,2012,,25923.6156503875,,,,76.969,1.805,32127.0,91.0352667584286
Turks and Caicos Islands,TCA,2013,,25653.819867471,,,,77.1,1.752,33653.0,91.3168927865286
Turks and Caicos Islands,TCA,2014,,27292.5820256776,,,,77.212,1.729,35050.0,91.5971200472541
Turks and Caicos Islands,TCA,2015,,29457.0140691162,,,,77.321,1.718,36605.0,91.8737937193851
Turks and Caicos Islands,TCA,2016,,31373.5612684327,93.1209288772918,,,77.437,1.713,38315.0,92.1466904484552
Turks and Caicos Islands,TCA,2017,,30014.2309523213,93.1258920918043,,,77.505,1.704,39913.0,92.4155868799755
Turks and Caicos Islands,TCA,2018,,31625.616593277,93.1305309193473,,,77.596,1.677,41559.0,92.6802596594323
Turks and Caicos Islands,TCA,2019,,31780.5217068989,93.1348642536176,,,77.691,1.617,43166.0,92.9404854322845
Turks and Caicos Islands,TCA,2020,,20690.9160546118,93.1389142647071,,,77.499,1.552,44386.0,93.1960408439605
Turks and Caicos Islands,TCA,2021,,27329.2885087196,93.1426950995276,,,77.234,1.501,45243.0,93.4467025398547
Turks and Caicos Islands,TCA,2022,,31280.5418020808,93.1462139429881,,,77.918,1.477,45847.0,93.6922471653237
Turks and Caicos Islands,TCA,2023,,35470.2151608295,93.1495232967179,,,78.008,1.463,46198.0,93.9324513656818
Tuvalu,TUV,2000,5.24163958486214,1559.22072281826,78.9362425407756,22.2817421,,63.536,3.841,9544.0,45.5119494377121
Tuvalu,TUV,2001,5.7,1475.03705936258,79.3657428797952,17.96548271,,63.709,3.749,9586.0,46.0920220655498
Tuvalu,TUV,2002,6.3,1729.16968588975,79.792403408127,11.83691788,,63.825,3.637,9623.0,46.7435481854875
Tuvalu,TUV,2003,6.9,2020.10103886055,80.2316998514364,13.70337105,,63.897,3.579,9695.0,47.4986511586165
Tuvalu,TUV,2004,7.6,2330.77403351989,80.6725239368512,9.33149719,,63.989,3.553,9816.0,48.4012126478499
Tuvalu,TUV,2005,8.300000191,2298.44257265761,81.1061453638606,10.06694317,,64.096,3.546,9940.0,49.4209790930126
Tuvalu,TUV,2006,9.100000381,2413.97836453913,81.6022136044618,12.17554379,,64.247,3.525,10056.0,50.5229861226256
Tuvalu,TUV,2007,10.0,2803.75365477849,82.0929697634575,10.45884991,,64.402,3.446,10182.0,51.6722693652096
Tuvalu,TUV,2008,11.19999981,3062.00125965971,82.5784281170616,10.33977222,,64.516,3.415,10321.0,52.8338644492855
Tuvalu,TUV,2009,12.80000019,2662.42865634448,83.0584767783353,13.0113821,,64.693,3.425,10461.0,53.9728070033742
Tuvalu,TUV,2010,14.60000038,3054.96154183353,83.5331982349857,16.21352577,,64.834,3.442,10614.0,55.0541326559964
Tuvalu,TUV,2011,16.5,3679.5325726267,84.0026188953189,14.74390411,,64.96,3.463,10780.0,56.0428770356731
Tuvalu,TUV,2012,18.70000076,3558.89749224226,84.4667679679391,13.87374306,,65.079,3.47,10934.0,56.8964903305448
Tuvalu,TUV,2013,21.20000076,3524.00277634143,84.9256140127628,13.80392075,,65.171,3.389,11001.0,57.6314336806359
Tuvalu,TUV,2014,24.10000038,3518.13249227107,85.3791357361949,14.52762222,,65.278,3.33,10984.0,58.2999596618832
Tuvalu,TUV,2015,27.29999924,3352.66722400181,85.8275541717816,13.44188595,,65.365,3.308,10963.0,58.9148502652344
Tuvalu,TUV,2016,31.0,3779.15293916285,86.2711177988143,18.32539177,,65.51,3.297,10930.0,59.4744768348285
Tuvalu,TUV,2017,35.20000076,4166.79162422818,86.7100762257543,24.45763206,,65.683,3.301,10869.0,59.9531274910912
Tuvalu,TUV,2018,,4467.21144027065,87.1446773088525,18.42199898,,65.871,3.328,10751.0,60.5596409590777
Tuvalu,TUV,2019,,5058.85266607659,87.5751591368596,22.22294044,,66.109,3.331,10581.0,61.2406529218636
Tuvalu,TUV,2020,,5029.57159284173,88.0017857400393,17.88715363,,66.357,3.309,10399.0,61.9212610534937
Tuvalu,TUV,2021,,6042.51983141155,88.424780639943,18.57411194,,65.824,3.277,10194.0,62.6098296425994
Tuvalu,TUV,2022,,5414.74642912412,88.8444072299231,21.28792,,66.852,3.244,9992.0,63.3065768081154
Tuvalu,TUV,2023,,5143.8397437226,89.2608901052421,27.08968544,,67.105,3.208,9816.0,64.0117206689787
Uganda,UGA,2000,0.163714063074854,258.050338731086,14.7116633613524,5.0827775,3.531,49.64,6.788,24000150.0,11.6414758125187
Uganda,UGA,2001,0.237945087191408,236.021188853993,15.1044104366213,5.05208397,3.522,50.576,6.757,24745676.0,11.9013889740088
Uganda,UGA,2002,0.384093504951945,241.984688408335,15.4966529446954,4.77136898,3.5,51.443,6.735,25532870.0,12.202793574555
Uganda,UGA,2003,0.464849840113968,250.71543664681,15.8883472908915,4.2991581,3.6,52.414,6.671,26352124.0,12.5904136719317
Uganda,UGA,2004,0.719970679914031,292.38185796262,16.2795981231902,4.70022202,2.699,53.699,6.612,27154515.0,13.1221118400615
Uganda,UGA,2005,1.742200017,330.405402707025,16.6697698999299,5.80516291,1.9,54.926,6.525,27963289.0,13.7907239496723
Uganda,UGA,2006,2.52940011,346.518255310647,17.0595600245412,6.463305,2.264,56.118,6.429,28794003.0,14.5851520274647
Uganda,UGA,2007,3.67196535074744,401.389130865581,17.4484827686049,6.11309004,2.667,57.248,6.326,29653430.0,15.494298100139
Uganda,UGA,2008,3.880000114,472.842681495852,17.8367866196346,5.45474958,3.035,58.253,6.202,30539553.0,16.5070641943955
Uganda,UGA,2009,4.099999905,798.947089938247,18.2241387733923,5.78845549,3.6,59.157,6.124,31451151.0,17.6123523369348
Uganda,UGA,2010,4.300000191,823.488144282,18.6107811745522,6.80890226,3.623,59.959,6.019,32390802.0,18.7990645544572
Uganda,UGA,2011,4.599999905,835.620060555838,18.9965285314938,6.6959095,3.523,60.791,5.885,33354543.0,20.0561028736631
Uganda,UGA,2012,4.800000191,795.222867553127,19.3814718588075,6.10853958,3.551,61.579,5.729,34337438.0,21.372369321253
Uganda,UGA,2013,5.099999905,818.285427416713,19.7651604775123,5.78252411,1.91,62.353,5.563,35337042.0,22.7367659239271
Uganda,UGA,2014,5.400000095,896.054795546394,20.1480923027985,5.33653069,2.357,63.057,5.408,36395539.0,24.1938503391826
Uganda,UGA,2015,5.699999809,862.934610355811,20.5299518497404,4.99643135,2.681,63.831,5.251,37531446.0,24.9777856560427
Uganda,UGA,2016,5.9,752.696571725656,20.9104342628765,5.01553297,3.002,64.494,5.112,38799152.0,25.6953567134098
Uganda,UGA,2017,7.417900085,765.218332297361,21.2895047336164,3.99852037,3.428,65.174,4.987,40177388.0,26.4139260579546
Uganda,UGA,2018,9.326299667,792.16570022814,21.6668720905552,4.02153397,3.249,65.775,4.867,41565831.0,27.1280475018884
Uganda,UGA,2019,11.72579956,822.171150036357,22.0428914452572,3.79341364,3.057,66.354,4.744,42999637.0,27.8369781799403
Uganda,UGA,2020,7.4,845.766463890124,22.4171466106688,5.23865509,3.819,66.41,4.621,44457152.0,28.5399752271502
Uganda,UGA,2021,10.0,882.791717542504,22.789614286416,5.47374916,3.416,66.45,4.51,45910930.0,29.2362957789022
Uganda,UGA,2022,9.636899948,963.067314117178,23.1603896161507,4.45071125,2.885,67.675,4.388,47312719.0,29.9251969709665
Uganda,UGA,2023,9.286999702,1002.30913917142,23.5293222340079,4.23600149,2.754,68.252,4.283,48656601.0,30.6059359395495
Ukraine,UKR,2000,0.716183762031043,653.294311523438,94.3966034938473,5.30685186,11.707,67.786,1.108,49556660.0,67.403857296906
Ukraine,UKR,2001,1.23875954748114,800.49072265625,94.5175683409695,5.72534418,11.061,67.675,1.092,49106855.0,67.2749805493459
Ukraine,UKR,2002,1.87388511643427,903.011901855469,94.6431371878903,5.99220037,10.136,67.699,1.127,48677281.0,67.2672733350904
Ukraine,UKR,2003,3.14812758815439,1076.48156738281,94.771552584454,6.54574108,9.057,67.638,1.173,48315136.0,67.419679868405
Ukraine,UKR,2004,3.4894778812677,1401.01806640625,94.9541705931486,6.16856956,8.59,67.472,1.215,47979507.0,67.5970968423685
Ukraine,UKR,2005,3.749799967,1875.33508300781,95.1373679572065,6.3461585,7.18,67.517,1.221,47585556.0,67.8136046317755
Ukraine,UKR,2006,4.50612456357379,2366.494140625,95.3185357936314,6.4171896,6.81,67.49,1.297,47278694.0,68.0293347798948
Ukraine,UKR,2007,6.55,3160.32763671875,95.4986097698596,6.01776791,6.351,67.715,1.343,47062798.0,68.2102322372037
Ukraine,UKR,2008,11.0,4017.806640625,95.6776417950995,5.49754429,6.363,68.262,1.444,46819175.0,68.3752085755346
Ukraine,UKR,2009,17.9,2607.08764648438,95.8555810343647,6.60991716,8.84,69.159,1.47,46623731.0,68.5251442249547
Ukraine,UKR,2010,23.3,3039.63232421875,96.0284615654647,6.81387615,8.1,70.188,1.436,46456003.0,68.637397133357
Ukraine,UKR,2011,28.7082628400713,3656.69799804688,96.2008848286648,6.81669855,7.851,70.711,1.464,46307853.0,68.7234299826222
Ukraine,UKR,2012,35.27,3951.34228515625,96.3728907161999,7.11789227,7.529,71.09,1.528,46210056.0,68.8241983107739
Ukraine,UKR,2013,40.954128997,4129.89697265625,96.5444853667447,6.94358015,7.17,71.474,1.515,46126770.0,68.9326288082226
Ukraine,UKR,2014,46.2359754571651,3054.908203125,96.7156593530627,7.19506168,9.27,71.803,1.466,45972380.0,69.0554339301313
Ukraine,UKR,2015,48.8846436813218,2094.47387695313,96.8342062972295,7.78352833,9.14,72.686,1.387,45784896.0,69.1587317201337
Ukraine,UKR,2016,53.0009695981884,2158.46118164063,96.9523458246156,7.55205393,9.35,73.389,1.391,45616832.0,69.2102241609089
Ukraine,UKR,2017,58.8894794459775,2604.28759765625,97.0700543014006,7.44610357,9.5,73.993,1.3,45436041.0,69.2633108489282
Ukraine,UKR,2018,62.5531553933869,3059.0517578125,97.1876990557354,7.52051353,8.799,73.569,1.233,45208907.0,69.3157992777909
Ukraine,UKR,2019,70.1248442995263,3619.86157226563,97.3052193099168,7.09389353,8.194,73.92,1.218,44957458.0,69.3527648708735
Ukraine,UKR,2020,75.03790912,3709.76928710938,97.3954990991366,7.56217051,9.475,73.283,1.208,44680014.0,69.3839100516745
Ukraine,UKR,2021,79.21829353,4775.94580078125,97.4790947349818,8.2027483,9.834,71.631,1.148,44298640.0,69.4027032653896
Ukraine,UKR,2022,80.47429657,4199.6708984375,97.5620782552435,,,72.658,0.897,41048766.0,69.42345912103
Ukraine,UKR,2023,81.58059692,5139.59814453125,97.6443648371652,,,73.422,0.977,37732836.0,69.4754455027606
United Arab Emirates,ARE,2000,23.6253008751553,29865.5285002232,99.160856612895,2.39504457,2.25,76.347,2.733,3493575.0,79.287092479995
United Arab Emirates,ARE,2001,26.2717542010006,27745.1684523079,99.1568733967511,2.48436403,2.443,77.621,2.622,3723590.0,79.7469002624215
United Arab Emirates,ARE,2002,28.3164853110439,27753.5810466782,99.1529487950729,2.71770859,2.659,78.721,2.541,3956826.0,80.2705602850306
United Arab Emirates,ARE,2003,29.4779534120864,29659.5710296993,99.1490944909121,2.64634395,2.903,79.6,2.491,4192457.0,80.8489432668434
United Arab Emirates,ARE,2004,30.1312961695367,33376.6880534412,99.1452977289426,2.46225643,2.965,80.272,2.385,4428967.0,81.4729199268812
United Arab Emirates,ARE,2005,40.0,38719.3138285388,99.1415716401996,2.3202107,3.12,80.779,2.232,4664790.0,82.2122832763517
United Arab Emirates,ARE,2006,52.0,44342.603055045,99.1379008454285,2.3254137,2.964,81.155,1.958,5009100.0,82.5588968646829
United Arab Emirates,ARE,2007,61.0,45854.7352436978,99.1343292735579,2.56602693,2.934,81.438,1.792,5624635.0,82.758608500318
United Arab Emirates,ARE,2008,63.0,50054.1700685968,99.1308669416224,2.92857623,2.818,81.591,1.516,6302664.0,82.9658963549658
United Arab Emirates,ARE,2009,64.0,37803.0663737818,99.1274862085327,4.05000162,2.932,81.679,1.582,6707058.0,83.1701992996163
United Arab Emirates,ARE,2010,68.0,44795.2846234991,99.1241974644732,3.74433136,2.798,81.886,1.565,6869838.0,83.3714299144178
United Arab Emirates,ARE,2011,78.0,51921.8890746408,99.120999868482,3.56666398,2.587,81.898,1.539,7104538.0,83.5695007795347
United Arab Emirates,ARE,2012,84.9999915049492,53141.6251661086,99.1178959002456,3.33596373,2.323,81.913,1.532,7391448.0,83.7643244751488
United Arab Emirates,ARE,2013,88.0,53247.2278745159,99.1148814743619,3.50222182,2.125,81.95,1.527,7693031.0,83.9558135814626
United Arab Emirates,ARE,2014,90.4000107121939,52725.2307981936,99.1119382516612,3.53405499,1.999,81.99,1.483,8059440.0,84.1438806787019
United Arab Emirates,ARE,2015,90.5,44910.3458860776,99.1090951528049,3.46609354,1.793,82.076,1.417,8505237.0,84.3284383471193
United Arab Emirates,ARE,2016,90.6000073180483,42721.1136110991,99.1063234658359,3.89580107,1.64,82.195,1.366,8935095.0,84.5093991669984
United Arab Emirates,ARE,2017,94.8199225383446,43733.6242018215,99.1036305730769,4.00854969,2.462,82.388,1.35,9223225.0,84.686675718659
United Arab Emirates,ARE,2018,98.4500017817194,47135.3478795605,99.1010218730891,4.09854221,2.236,82.449,1.288,9346701.0,84.8601805824625
United Arab Emirates,ARE,2019,99.1499979561243,45938.6084572227,99.0984768671773,4.40291262,2.331,82.596,1.247,9445785.0,85.0298263388195
United Arab Emirates,ARE,2020,100.0,37991.738387966,99.0960113749665,5.82477045,4.294,81.936,1.289,9401038.0,85.1955255681984
United Arab Emirates,ARE,2021,100.0,44118.4936214315,99.0936250142386,5.30494308,3.105,79.083,1.162,9575152.0,85.3571908511355
United Arab Emirates,ARE,2022,100.0,50759.7590190204,99.0913042673601,4.56536388,2.872,80.487,1.148,10074977.0,85.5147347682487
United Arab Emirates,ARE,2023,100.0,49850.6945082084,99.0890518596042,4.97095108,2.151,82.909,1.2,10483751.0,85.6680699002526
United Kingdom,GBR,2000,26.8217543508578,28383.8761094996,99.129987387211,7.14559078,5.558,77.7414634146342,1.64,58892514.0,79.8241408315172
United Kingdom,GBR,2001,33.4810948744147,28013.8729635508,99.1295456734681,7.43276882,4.696,77.9926829268293,1.63,59119673.0,79.9838301298823
United Kingdom,GBR,2002,56.48,30158.7017807858,99.1282510737863,7.85946798,5.037,78.1439024390244,1.63,59370479.0,80.1146062677742
United Kingdom,GBR,2003,64.82,34556.7726095905,99.1269711322852,8.05214596,4.807,78.4463414634146,1.7,59647577.0,80.2331593332802
United Kingdom,GBR,2004,65.61,40504.4118103928,99.1256998824208,8.32219028,4.594,78.7463414634146,1.75,59987905.0,80.3423284929998
United Kingdom,GBR,2005,70.0,42240.2462987547,99.1244438943876,8.38108349,4.884,79.0487804878049,1.76,60401206.0,80.4455938127627
United Kingdom,GBR,2006,68.82,44695.161023424,99.1231962812761,8.53970814,5.472,79.2487804878049,1.82,60846820.0,80.5464353583991
United Kingdom,GBR,2007,75.09,50629.0799172887,99.1219715621849,8.76035309,5.399,79.4487804878049,1.86,61322463.0,80.6483331957387
United Kingdom,GBR,2008,78.39,47652.4030691881,99.120754731585,9.03295708,5.748,79.6,1.91,61806995.0,80.7547673906116
United Kingdom,GBR,2009,83.56,39009.3715547821,99.1195549793574,9.83944035,7.683,80.0512195121951,1.89,62276270.0,80.8692180088478
United Kingdom,GBR,2010,85.0,39778.3220528565,99.1183667076519,9.78799534,7.973,80.4024390243902,1.92,62766365.0,80.995165116277
United Kingdom,GBR,2011,85.3799985496322,42295.9273835322,99.1171899348744,9.79682636,8.195,80.9512195121951,1.91,63258810.0,81.1359685592627
United Kingdom,GBR,2012,87.4799984242111,42688.3263728372,99.1160182938712,9.89332199,8.279,80.9048780487805,1.92,63711000.0,81.2905667759508
United Kingdom,GBR,2013,89.8441,43607.6636827371,99.1148585484301,9.99087143,7.752,81.0048780487805,1.83,64138000.0,81.4573768694887
United Kingdom,GBR,2014,91.6133009176453,47746.9810645521,99.1137061018797,9.97686195,6.398,81.3048780487805,1.81,64619000.0,81.6355750750722
United Kingdom,GBR,2015,92.0002998740234,45256.040227057,99.1125609623652,9.94044876,5.552,80.9560975609756,1.8,65087000.0,81.8243772295647
United Kingdom,GBR,2016,94.7758006318882,41258.5374285695,99.1114197755495,9.87085724,4.909,81.1560975609756,1.79,65606000.0,82.0229991698295
United Kingdom,GBR,2017,90.4245504868553,40918.0520870944,99.1102920996894,9.70468903,4.501,81.2560975609756,1.74,65964000.0,82.23065673273
United Kingdom,GBR,2018,90.692008988783,43704.3162296687,99.1091755535877,9.79496574,4.145,81.2560975609756,1.68,66287000.0,82.4465657551295
United Kingdom,GBR,2019,92.5166285497138,43160.6843971799,99.1080626668205,9.97954082,3.657,81.3691219512195,1.632,66628000.0,82.6699420738913
United Kingdom,GBR,2020,94.81820132,40815.1255364787,99.1069628063769,12.10388088,4.472,80.331756097561,1.571,66740000.0,82.9000015258789
United Kingdom,GBR,2021,96.19650269,47695.6491523474,99.105873619579,12.08347321,4.864,80.6473170731707,1.583,66978000.0,82.9886431523641
United Kingdom,GBR,2022,95.46530151,47034.7795621476,99.1047944059839,11.09679794,3.768,81.0112195121951,1.56,67636000.0,83.0753982997505
United Kingdom,GBR,2023,95.44719696,49919.6896621586,99.1037240160958,10.99128914,4.025,81.2380975609756,1.56,68526000.0,83.1601932891335
United States,USA,2000,43.0791626375201,36329.9702595751,99.872730795484,12.49002075,3.992,76.6365853658537,2.056,282162411.0,79.0740897861327
United States,USA,2001,49.0808315896951,37133.6203973517,99.8724443985302,13.16817093,4.731,76.8365853658537,2.0305,284968955.0,79.3086223667912
United States,USA,2002,58.7854038836952,37997.7424300242,99.8721627429703,13.99535275,5.783,76.9365853658537,2.0205,287625193.0,79.5461039768657
United States,USA,2003,61.6971171244207,39490.3023903176,99.8718811730402,14.50557518,5.989,77.0365853658537,2.0475,290107933.0,79.7773350255284
United States,USA,2004,64.7582564759896,41724.6411982614,99.871602174116,14.55123138,5.529,77.4878048780488,2.0515,292805298.0,79.9960936968363
United States,USA,2005,67.9681015,44123.3996470026,99.8713252821496,14.57946205,5.084,77.4878048780488,2.057,295516599.0,80.1961581748464
United States,USA,2006,68.93119812,46301.9876485519,99.8710519405417,14.70878792,4.623,77.6878048780488,2.108,298379912.0,80.3713066436159
United States,USA,2007,75.0,48050.227412195,99.8707752095931,14.91832542,4.622,77.9878048780488,2.12,301231207.0,80.5153172872016
United States,USA,2008,74.0,48570.0594269601,99.8705039493181,15.20723629,5.784,78.0390243902439,2.072,304093966.0,80.6219682896606
United States,USA,2009,71.0,47194.9500893872,99.8702348006488,16.20067596,9.254,78.390243902439,2.002,306771529.0,80.6850378350499
United States,USA,2010,71.69,48642.6312088213,99.8705368602466,16.19722366,9.633,78.5414634146342,1.931,309378227.0,80.6997744673366
United States,USA,2011,69.7294607619268,50024.8812320773,99.8480037254906,16.14000511,8.949,78.6414634146341,1.8945,311839461.0,80.6957554256024
United States,USA,2012,74.7,51708.3940614082,99.8259022136233,16.11975479,8.069,78.7414634146342,1.8805,314339099.0,80.6837493386238
United States,USA,2013,71.4,53297.3862901595,99.8042412350329,15.95227051,7.375,78.7414634146342,1.8575,316726282.0,80.660889281215
United States,USA,2014,73.0,55153.3940182967,99.7830418254313,16.1415844,6.168,78.8414634146341,1.8625,319257560.0,80.6242231779766
United States,USA,2015,74.5542024462761,56849.4697923159,99.7623251311093,16.40155411,5.28,78.690243902439,1.8435,321815121.0,80.5707989535091
United States,USA,2016,85.5444212887222,57976.628204291,99.7420835602062,16.69203949,4.869,78.5390243902439,1.8205,324353340.0,80.4976645324131
United States,USA,2017,87.2748891687657,60047.7190728307,99.7223530086904,16.63827515,4.355,78.5390243902439,1.7655,326608609.0,80.4018678392891
United States,USA,2018,88.498903165152,62875.6661382728,99.7031223122571,16.51312637,3.896,78.6390243902439,1.7295,328529577.0,80.2804567987377
United States,USA,2019,89.4302848575712,65227.9565911038,99.6844358089122,16.54486084,3.669,78.7878048780488,1.706,330226227.0,80.1304793353594
United States,USA,2020,90.34470367,64465.2971415748,99.6662725669219,18.51597404,8.055,76.9804878048781,1.6415,331578104.0,79.997451762548
United States,USA,2021,91.2684021,71441.2319805947,99.6486733885848,17.35207748,5.349,76.3292682926829,1.664,332100166.0,80.0074765140272
United States,USA,2022,92.72850037,78008.6895811877,99.6316127279868,16.52875137,3.65,77.4341463414634,1.6565,333996304.0,80.0324978239707
United States,USA,2023,93.52559662,82586.7847707894,99.6151178147694,16.69414902,3.638,78.3853658536585,1.6165,336755052.0,80.071561119178
Uruguay,URY,2000,10.5390577480141,6987.70098766257,93.4676984029791,9.17182446,12.627,74.693,2.196,3266206.0,91.2769768173566
Uruguay,URY,2001,11.1214376832783,6382.76104740859,93.4893466298161,9.75702,15.052,74.987,2.161,3274251.0,91.3759250620534
Uruguay,URY,2002,11.4194701966853,4149.76140312687,93.5102862936807,9.64023018,16.648,74.979,2.16,3278867.0,91.4886084712534
Uruguay,URY,2003,15.9371367159756,3671.12329256883,93.5306773335471,9.57667351,16.661,75.086,2.116,3281186.0,91.6260094228609
Uruguay,URY,2004,17.0630983403661,4168.66065438387,93.5503547896714,8.26618195,12.98,75.319,2.093,3283148.0,91.8009434091917
Uruguay,URY,2005,20.0881895579305,5284.25677987129,93.6843491795697,7.72390509,12.009,75.829,2.097,3285771.0,92.0812710048572
Uruguay,URY,2006,29.39999962,6001.33294783172,93.9897585152977,7.70998907,10.844,75.888,2.07,3289506.0,92.4845482788191
Uruguay,URY,2007,34.0,7222.05403645877,94.2928439253095,7.46167231,9.403,76.15,2.048,3295153.0,92.9603688038713
Uruguay,URY,2008,39.3,9423.96562595893,94.5937831802879,8.09081745,8.025,76.275,2.03,3302177.0,93.45975578621
Uruguay,URY,2009,41.8,9881.39573127081,94.8926045747565,7.91611385,7.74,76.67,2.018,3310091.0,93.9337324320314
Uruguay,URY,2010,46.4,12641.0576849008,95.1895101700608,7.87757301,7.158,76.691,2.011,3318580.0,94.3333219475319
Uruguay,URY,2011,51.4046610563616,15132.2675725587,95.4845379432559,7.91521358,6.307,76.614,1.987,3326825.0,94.6036824756941
Uruguay,URY,2012,54.453768680746,16259.5940814256,95.7751867461269,8.03330803,6.451,76.691,2.012,3335401.0,94.7606597546186
Uruguay,URY,2013,57.69,18335.2594772322,96.0641764624979,8.0844841,6.444,76.953,2.034,3345337.0,94.8844735142936
Uruguay,URY,2014,61.4624951684405,18322.4276767157,96.352485578308,8.038908,6.547,77.194,2.026,3356334.0,94.9897821210514
Uruguay,URY,2015,64.5707870971624,17125.9016800298,96.6401328300575,8.25703716,7.488,77.285,2.041,3368017.0,95.0800002298303
Uruguay,URY,2016,66.40000153,17009.7584207276,96.9271658776364,8.63852501,7.841,77.351,1.966,3379283.0,95.1585424955685
Uruguay,URY,2017,70.3223543994698,19184.6626114272,97.2135571051318,8.71702194,7.89,77.618,1.824,3388438.0,95.2288235732042
Uruguay,URY,2018,80.7268428795854,19249.9404677501,97.4993671618489,8.9001112,8.336,77.527,1.681,3394534.0,95.2942581176758
Uruguay,URY,2019,83.3515337667548,18315.7350377437,97.784620083579,9.240695,8.836,77.503,1.567,3397206.0,95.3479309082031
Uruguay,URY,2020,85.47100067,15757.5341990356,98.0693333151527,9.08774948,10.413,78.381,1.497,3398968.0,95.3997650146484
Uruguay,URY,2021,87.64440155,17881.8119616753,98.3535399904896,8.91955471,9.328,75.434,1.446,3396695.0,95.4497146606445
Uruguay,URY,2022,89.87304314,21009.2883798725,98.6365121038307,8.89015961,7.877,76.468,1.425,3390913.0,95.4977416992188
Uruguay,URY,2023,90.92590332,23378.6399733516,98.8933870836172,9.01887608,8.355,78.138,1.409,3388081.0,95.5439605712891
Uzbekistan,UZB,2000,0.484347307694947,555.149231099186,93.3766111569877,5.13293362,12.301,65.456,2.696,24787054.0,47.6731005044
Uzbekistan,UZB,2001,0.597567993875805,454.415812256778,93.5376880221384,5.23737431,11.279,65.853,2.61,25090283.0,48.4901886313987
Uzbekistan,UZB,2002,1.08193974248733,381.409296889283,93.6957052425144,5.14164925,10.256,66.376,2.575,25399980.0,49.2574592650723
Uzbekistan,UZB,2003,1.91259517784997,394.164028897235,93.8505894484885,5.1882515,9.22,66.852,2.503,25711259.0,49.9566881481443
Uzbekistan,UZB,2004,2.59372542084924,462.171492867885,94.0022883501432,4.84063768,8.152,67.203,2.496,26029350.0,50.5696510233382
Uzbekistan,UZB,2005,3.34350988825952,542.835808692209,94.1508115621162,4.781991,7.092,67.481,2.438,26356975.0,51.0781236333777
Uzbekistan,UZB,2006,6.38832196706805,649.118167003925,94.2961900036945,4.75141335,6.035,67.905,2.461,26699043.0,51.4638817209862
Uzbekistan,UZB,2007,7.49060468138629,824.028192334768,94.4383835544442,4.54267979,4.99,68.483,2.573,27076008.0,51.7087010288873
Uzbekistan,UZB,2008,9.0801145234501,1074.72928796701,94.5773829040307,4.70447445,4.89,69.035,2.635,27494774.0,51.7943572998047
Uzbekistan,UZB,2009,11.9,1205.7993547038,94.7131786514005,4.79649639,5.04,69.517,2.559,27939328.0,51.6105041503906
Uzbekistan,UZB,2010,15.89999962,1956.78127255673,94.8458120621379,5.29938841,5.36,69.836,2.442,28385506.0,51.3321647644043
Uzbekistan,UZB,2011,18.6,2338.55462817306,94.9701820730614,5.26245499,4.96,70.143,2.354,28823196.0,51.3395500183105
Uzbekistan,UZB,2012,23.60000038,2573.95586785056,95.0891018078637,5.54822111,4.87,70.411,2.337,29261903.0,51.3359680175781
Uzbekistan,UZB,2013,26.79999924,2781.38869470315,95.2086769326238,5.71896601,4.86,70.692,2.445,29724065.0,51.1276969909668
Uzbekistan,UZB,2014,35.5,3021.00331668049,95.3289091117186,4.43092394,5.09,70.973,2.546,30222994.0,50.8868713378906
Uzbekistan,UZB,2015,42.79999924,3172.89899391083,95.4497993116875,4.73596573,5.15,71.33,2.583,30749346.0,50.6597328186035
Uzbekistan,UZB,2016,46.79130173,3128.42307170099,95.5713512500574,4.71504498,5.16,71.58,2.564,31284568.0,50.6572189331055
Uzbekistan,UZB,2017,48.6999988524556,2271.4730109511,95.6935576486234,4.30888557,5.83,71.737,2.57,31819178.0,50.6787376403809
Uzbekistan,UZB,2018,55.2000006732722,1894.09088741408,95.8162707017891,4.55261564,5.392,71.999,2.713,32373490.0,50.5814971923828
Uzbekistan,UZB,2019,70.3999986481458,2128.66067138334,95.9392204824787,4.83520985,4.936,72.093,2.869,32964701.0,50.5920104980469
Uzbekistan,UZB,2020,71.09999824,2087.96374711792,96.0621184881157,6.08597755,5.293,71.461,3.062,33586372.0,50.7670402526855
Uzbekistan,UZB,2021,76.59043014,2370.36480555669,96.1847033375418,6.92742586,5.364,71.681,3.273,34243696.0,50.9269905090332
Uzbekistan,UZB,2022,83.90000012,2698.60262953369,96.30669347504,6.61703825,4.456,72.147,3.396,34938955.0,50.9847412109375
Uzbekistan,UZB,2023,89.01361047,3015.97705069457,96.4278294703949,6.74312878,4.434,72.388,3.5,35652307.0,50.9964841114568
Vanuatu,VUT,2000,2.10833689115184,1460.23817692229,54.7109808046722,3.30683255,8.266,68.586,4.537,186281.0,21.6572490599483
Vanuatu,VUT,2001,2.83057223877678,1350.18338238522,54.7648829566551,3.38728333,8.415,68.722,4.495,191031.0,21.9341706883464
Vanuatu,VUT,2002,3.51003871071264,1340.71537528287,54.8191733536334,3.90437746,8.598,68.836,4.382,195863.0,22.2011458912344
Vanuatu,VUT,2003,3.90329584542948,1566.51396790858,54.8742326769124,3.50691938,8.659,68.933,4.293,200746.0,22.4641372404641
Vanuatu,VUT,2004,4.74660261917533,1774.31867585894,54.9296762921394,3.53991532,8.432,68.985,4.214,205711.0,22.7291073078871
Vanuatu,VUT,2005,5.082300186,1873.99142640619,54.6248564154339,3.30490398,8.121,69.166,4.133,210760.0,23.0020186653551
Vanuatu,VUT,2006,5.850599766,2034.79289624351,54.315607363214,3.32229328,8.006,69.126,4.1,215923.0,23.2888338847199
Vanuatu,VUT,2007,6.800000191,2333.70506748914,54.001715264459,3.10786796,6.855,69.144,4.117,221276.0,23.5955155378332
Vanuatu,VUT,2008,7.26911992337492,2603.60883136724,53.6833095586201,3.13883376,5.663,69.302,4.159,226896.0,23.9280261965467
Vanuatu,VUT,2009,7.5,2546.38324565986,53.3603409473561,3.25181413,4.565,69.422,4.157,232731.0,24.2861753285463
Vanuatu,VUT,2010,8.0,2815.18828985779,53.0140862870426,3.52637076,4.681,69.57,4.126,238248.0,24.742504119873
Vanuatu,VUT,2011,9.199999809,3163.1861645138,52.6540863123359,3.59770703,4.811,69.729,4.093,243474.0,24.7861634049013
Vanuatu,VUT,2012,10.59799957,3004.78416664293,52.2923051836702,3.93631458,4.936,69.898,4.059,248883.0,24.8183551383933
Vanuatu,VUT,2013,11.30000019,3392.56675091682,51.9285986324004,4.39240074,5.038,69.986,4.039,254482.0,24.8407362750263
Vanuatu,VUT,2014,18.79999924,3378.36411965135,51.5629765041894,3.64018846,5.137,70.043,3.999,260240.0,24.8549637694775
Vanuatu,VUT,2015,22.35140038,3214.41948587141,51.1954457861803,4.1583128,5.168,70.163,3.952,266101.0,24.8626945764242
Vanuatu,VUT,2016,,3339.83436471043,50.826109673151,2.98904061,5.197,70.397,3.915,272087.0,24.8654875642873
Vanuatu,VUT,2017,,3585.31798081216,50.4548604763526,2.88118052,5.247,70.5,3.875,278507.0,24.7644441456437
Vanuatu,VUT,2018,,3626.18862522473,50.0825530456951,3.44049001,5.353,70.626,3.834,285259.0,24.2729727045038
Vanuatu,VUT,2019,,3635.62344878185,49.7088902543103,3.49615431,5.444,70.783,3.79,291985.0,23.5024668917075
Vanuatu,VUT,2020,,3404.30359167624,49.3338166328635,4.12128973,4.046,70.385,3.738,298858.0,22.4186852094794
Vanuatu,VUT,2021,,3576.13770954363,48.9569658031251,4.58828115,4.776,69.952,3.696,305868.0,22.2501822422475
Vanuatu,VUT,2022,,3679.53524327491,48.5782563163716,4.05895281,5.077,71.302,3.647,313046.0,22.2541249733107
Vanuatu,VUT,2023,,3708.18942411253,48.197355856503,4.1186676,5.011,71.477,3.596,320409.0,22.2651966823901
"Venezuela, RB",VEN,2000,3.3595974645036,4776.2816763938,86.3991591939645,,13.99,72.388,2.79,24526708.0,88.219476430842
"Venezuela, RB",VEN,2001,4.63600094778677,4920.39313600453,86.9444513205468,,13.04,71.019,2.779,24979922.0,88.372774123042
"Venezuela, RB",VEN,2002,4.91044632720325,3652.09896501865,87.4897434471292,,16.17,72.823,2.739,25435671.0,88.4553810951083
"Venezuela, RB",VEN,2003,7.49996346522407,3229.50557082079,88.0350355737115,,16.78,72.056,2.703,25892703.0,88.522274342774
"Venezuela, RB",VEN,2004,8.40446959241215,4269.08970872392,88.5803277002941,,15.07,72.752,2.639,26340838.0,88.5835546444319
"Venezuela, RB",VEN,2005,12.5529979098299,5432.4854184654,89.1256198268765,,10.663,73.075,2.629,26785804.0,88.638673298371
"Venezuela, RB",VEN,2006,15.2247114771787,6739.38065342218,89.6709119534588,,8.606,72.972,2.595,27224686.0,88.6870816028803
"Venezuela, RB",VEN,2007,20.83,8331.62096991844,90.2162040800412,,7.279,73.348,2.524,27649363.0,88.7282308562487
"Venezuela, RB",VEN,2008,25.88,11262.4514256759,90.7614962066235,,6.245,72.578,2.475,28053696.0,88.7615723567652
"Venezuela, RB",VEN,2009,32.7,11596.6021921731,91.3067883332061,,6.097,72.785,2.422,28438298.0,88.7865574027187
"Venezuela, RB",VEN,2010,37.37,13646.3046622664,91.8520804597885,,7.112,73.092,2.396,28813101.0,88.8026372923982
"Venezuela, RB",VEN,2011,40.22,10843.9229703167,92.3973725863708,,6.902,73.09,2.398,29185212.0,88.8079278904659
"Venezuela, RB",VEN,2012,49.0500830729861,12582.0125686037,92.9426647129532,,6.601,73.086,2.379,29553826.0,88.8401868543141
"Venezuela, RB",VEN,2013,54.90000153,8642.37380007027,93.4879568395357,,7.54,73.076,2.334,29912198.0,88.8786817039721
"Venezuela, RB",VEN,2014,57.0,7101.15006382986,94.0332489661181,,6.821,72.837,2.296,30254079.0,88.9163913525251
"Venezuela, RB",VEN,2015,58.0,4096.61989137473,94.5785410927004,,6.139,73.004,2.253,30573972.0,88.9539804079292
"Venezuela, RB",VEN,2016,60.0,3671.23004093383,95.1238332192828,,5.319,72.002,2.217,30765720.0,88.9914428378712
"Venezuela, RB",VEN,2017,,3791.63262049576,95.6691253458652,,5.045,71.903,2.183,30565323.0,89.0287726100378
"Venezuela, RB",VEN,2018,,3421.51341607593,96.2144174724477,2.41691327,5.468,72.641,2.151,29807592.0,89.0659636921159
"Venezuela, RB",VEN,2019,49.05009842,2523.11527549578,96.7597095990301,2.18563724,5.89,72.766,2.131,28938098.0,89.1030100517924
"Venezuela, RB",VEN,2020,72.44110107,1506.04169391285,96.9860648116858,4.11615133,7.53,72.369,2.116,28444077.0,89.1399056567545
"Venezuela, RB",VEN,2021,74.11219788,2004.93572921136,97.0023571451138,4.1022191,7.027,71.536,2.105,28237826.0,89.1766444746891
"Venezuela, RB",VEN,2022,75.82180023,3155.04190923584,98.3955859787771,4.55045986,5.646,72.566,2.088,28213017.0,89.2132204732836
"Venezuela, RB",VEN,2023,76.33190155,3617.47038396528,98.3955859787771,3.77611423,5.407,72.514,2.079,28300854.0,89.249627620225
Viet Nam,VNM,2000,0.254248275754934,404.029784055118,49.1489172818795,4.10752726,2.26,72.746,2.028,77154011.0,24.3672526919772
Viet Nam,VNM,2001,1.26565123612317,419.205677580901,51.1126663714229,4.80107498,2.76,72.984,2.023,77969361.0,24.9489362725143
Viet Nam,VNM,2002,1.85499923592581,445.132861817313,53.0643186028264,3.87075853,2.12,73.138,2.006,78772224.0,25.5540925665659
Viet Nam,VNM,2003,3.78028081370641,497.117089249256,55.0019694498601,3.94229889,2.25,73.236,1.999,79563777.0,26.1745407830283
Viet Nam,VNM,2004,7.64240852842363,565.452284586212,56.9263485038899,4.08791971,2.14,73.062,1.968,80338971.0,26.8021001307977
Viet Nam,VNM,2005,12.7399292907031,710.746759994861,58.966321324654,4.31821251,2.078,73.198,1.887,81088313.0,27.4285898187702
Viet Nam,VNM,2006,17.2545617186662,807.756645117054,61.0003176611455,4.56979847,2.046,73.293,1.873,82167897.0,28.0458290558422
Viet Nam,VNM,2007,20.7554447679753,925.640338348717,63.0278584517406,4.62917614,2.026,73.385,1.911,83633375.0,28.6456370509099
Viet Nam,VNM,2008,23.92,1163.83195772873,65.0481671536166,4.36028337,1.889,73.455,1.933,85175788.0,29.2198330128693
Viet Nam,VNM,2009,26.55,1226.16976051536,67.0613483120441,4.48502922,1.737,73.525,1.92,86460018.0,29.7581347355675
Viet Nam,VNM,2010,30.65,1683.16182443979,69.0697259411946,5.07146072,1.114,73.611,1.906,87455152.0,30.2504027258526
Viet Nam,VNM,2011,35.07,1950.92504174913,71.0691084361626,4.97468519,0.999,73.713,1.927,88468314.0,30.6996041680996
Viet Nam,VNM,2012,36.79999924,2185.11767654291,73.0592696760739,5.00178242,1.027,73.762,1.967,89510356.0,31.1222779403029
Viet Nam,VNM,2013,38.5,2359.51736472828,75.0388383321338,4.41233158,1.316,73.821,1.98,90573104.0,31.5334201724543
Viet Nam,VNM,2014,41.0,2546.38464459903,77.008286684504,4.69078779,1.256,73.886,2.09,91679578.0,31.9480269945454
Viet Nam,VNM,2015,45.0,2577.56885340113,78.9669212576084,4.71140909,1.848,73.955,2.1,92823254.0,32.3810945365679
Viet Nam,VNM,2016,53.0,2735.0604380416,80.9140981082283,4.86994743,1.848,73.984,2.0,94000117.0,32.8476189285136
Viet Nam,VNM,2017,58.1400000036297,2956.10992127753,82.8485783033642,4.99014759,1.874,74.026,1.985,95176977.0,33.3625963003742
Viet Nam,VNM,2018,69.8479286837965,3222.31003125366,84.7702960974693,5.02678823,1.161,74.1,1.88,96237319.0,33.9410227821412
Viet Nam,VNM,2019,68.6615802057338,3440.90025375434,86.6789932516384,4.97407484,1.681,74.211,1.943,97173776.0,34.6239134999511
Viet Nam,VNM,2020,70.30000012,3534.03953482647,88.5744092568809,4.33219814,2.103,75.383,1.957,98079191.0,35.5706676299742
Viet Nam,VNM,2021,74.20999985,3704.1935590038,90.4559668368841,4.53792429,2.383,74.145,1.942,98935098.0,36.6540656426603
Viet Nam,VNM,2022,78.58999918,4147.69777213621,92.3237168322338,4.53809595,1.57,74.502,1.927,99680655.0,37.5478515625
Viet Nam,VNM,2023,78.08,4322.82572261566,94.0898634431677,4.56109476,1.645,74.588,1.913,100352192.0,38.1298904418945
Virgin Islands (U.S.),VIR,2000,13.8150805419196,,99.0395649488659,,9.834,76.619512195122,2.06,108642.0,92.6234446497486
Virgin Islands (U.S.),VIR,2001,18.3757660397468,,99.0495339073909,,9.969,77.6219512195122,1.9,108549.0,92.9312505278715
Virgin Islands (U.S.),VIR,2002,27.4944323774436,30062.0225050457,99.0595028659159,,10.227,77.5219512195122,2.21,108509.0,93.2191674762441
Virgin Islands (U.S.),VIR,2003,27.4290729887632,31731.2566241187,99.0694718244409,,10.574,77.5219512195122,2.07,108505.0,93.4773224233974
Virgin Islands (U.S.),VIR,2004,27.3770087880198,35006.3614404514,99.079440782966,,10.266,77.7731707317073,2.17,108466.0,93.7071483863705
Virgin Islands (U.S.),VIR,2005,27.3443196733265,40828.7460927775,99.089409741491,,10.228,77.4219512195122,2.24,108453.0,93.9100783822029
Virgin Islands (U.S.),VIR,2006,27.3326105376325,41377.1466009652,99.099378700016,,9.734,78.3243902439024,2.03,108369.0,94.0875454279337
Virgin Islands (U.S.),VIR,2007,27.3393358364014,44158.5054044325,99.109347658541,,9.523,76.8634146341463,2.51,108337.0,94.2409825406024
Virgin Islands (U.S.),VIR,2008,27.3617774210613,39152.3750657306,99.119316617066,,9.605,77.1634146341463,2.44,108397.0,94.3718227372483
Virgin Islands (U.S.),VIR,2009,27.3965096846662,38753.1825393897,99.129285575591,,10.864,77.5146341463415,2.37,108404.0,94.4814990349105
Virgin Islands (U.S.),VIR,2010,31.22,39905.1284180994,99.1392545341161,,11.059,77.8658536585366,2.3,108357.0,94.5724392667003
Virgin Islands (U.S.),VIR,2011,35.6,38997.1373164651,99.1492234926411,,11.337,78.3170731707317,2.16,108290.0,94.6553578863453
Virgin Islands (U.S.),VIR,2012,40.5479,37795.3192590675,99.1591924511661,,11.387,78.5170731707317,2.06,108188.0,94.7353591077883
Virgin Islands (U.S.),VIR,2013,45.3,34597.9766940328,99.1691614096911,,11.802,78.7170731707317,2.08,108041.0,94.8105958193224
Virgin Islands (U.S.),VIR,2014,50.07,33045.3643795999,99.1791303682161,,11.871,78.8682926829268,2.09,107882.0,94.8797070702488
Virgin Islands (U.S.),VIR,2015,54.839137296,34007.3529411765,99.1890993267411,,11.649,79.0170731707317,2.11,107712.0,94.9413319098685
Virgin Islands (U.S.),VIR,2016,59.60831579895,35324.9748874586,99.1990682852662,,11.734,79.1682926829268,2.09,107516.0,94.9941093874829
Virgin Islands (U.S.),VIR,2017,64.3774942980087,35365.0693039774,99.2090372437912,,11.445,79.3682926829268,2.08,107281.0,95.0366785523929
Virgin Islands (U.S.),VIR,2018,,36663.2087550584,99.2190062023162,,11.703,79.5195121951219,2.06,107001.0,95.0676784538999
Virgin Islands (U.S.),VIR,2019,,38633.5298915336,99.2289751608412,,11.774,79.6682926829268,2.05,106669.0,95.0857481413049
Virgin Islands (U.S.),VIR,2020,,39787.3741650202,99.2389441193662,,14.366,79.819512195122,2.03,106290.0,95.0974024521293
Virgin Islands (U.S.),VIR,2021,,42571.0777368471,99.2489130778912,,13.508,80.0682926829268,2.01,105870.0,95.1604310610968
Virgin Islands (U.S.),VIR,2022,,44320.909185774,99.2588820364163,,12.092,80.319512195122,2.0,105413.0,95.2171514724412
Virgin Islands (U.S.),VIR,2023,,,99.2588820364163,,11.358,80.519512195122,1.98,104917.0,95.2740790945924
West Bank and Gaza,PSE,2000,1.11130620708969,1476.17185000238,90.2843720055734,9.46541214,10.625,70.298,5.457,2922153.0,72.0694328572656
West Bank and Gaza,PSE,2001,1.83685483917877,1335.55319529359,90.3396200979111,10.3154583,21.493,69.75,5.342,2997784.0,73.7258284491139
West Bank and Gaza,PSE,2002,3.10009223512517,1156.21747345769,90.3948305962946,11.04674053,27.465,70.88,5.216,3075373.0,75.4978748965208
West Bank and Gaza,PSE,2003,4.13061635632919,1257.69857009689,90.4499080847933,9.55897141,23.004,70.967,5.062,3154969.0,77.2865026687292
West Bank and Gaza,PSE,2004,4.40090482603223,1422.19088643544,90.935395618891,11.37928772,23.215,71.094,4.971,3236626.0,78.9926422349822
West Bank and Gaza,PSE,2005,16.00499916,1543.70141392774,91.4202595193558,10.99557114,20.016,72.004,4.867,3320396.0,80.5172240645229
West Bank and Gaza,PSE,2006,18.41,1570.10439962728,91.9045563015934,10.50240231,19.014,71.831,4.739,3406334.0,81.7611786265942
West Bank and Gaza,PSE,2007,21.1760006,1664.24571669276,92.3883325224338,9.58784008,18.282,72.064,4.627,3494496.0,82.596126313073
West Bank and Gaza,PSE,2008,24.3579998,2035.20234121766,92.8715067384258,10.52610016,22.913,72.204,4.509,3591977.0,83.0979098899913
West Bank and Gaza,PSE,2009,32.23,2191.78178736868,93.3543676724512,10.76468372,20.452,72.306,4.44,3689099.0,83.5050344815957
West Bank and Gaza,PSE,2010,37.40000153,2557.07562356699,93.8369024914522,9.10499382,21.416,73.302,4.434,3786161.0,83.8853491139676
West Bank and Gaza,PSE,2011,41.08000183,2880.79843707909,94.3190277945478,11.34622478,17.597,73.557,4.305,3882986.0,84.2340950604341
West Bank and Gaza,PSE,2012,43.4,3067.43872735614,94.800706660906,10.30110455,19.202,73.722,4.154,3979998.0,84.5465135943222
West Bank and Gaza,PSE,2013,46.59999847,3315.29753909282,95.2818879253375,10.44874382,19.894,74.14,4.049,4076708.0,84.8178459889593
West Bank and Gaza,PSE,2014,53.6651997924171,3352.11259506043,95.7625423734235,9.92015553,20.526,72.781,3.995,4173398.0,85.0433335176723
West Bank and Gaza,PSE,2015,56.70000076,3272.15432360708,96.2425962734405,9.28473282,23.005,74.577,3.977,4270092.0,85.2182174537886
West Bank and Gaza,PSE,2016,59.90000153,3527.61382413178,96.7220200053128,9.0039854,23.939,74.917,3.887,4367088.0,85.3377390706351
West Bank and Gaza,PSE,2017,63.29999924,3620.36048715937,97.2007822905197,9.1223526,25.677,75.216,3.771,4454805.0,85.3782255354
West Bank and Gaza,PSE,2018,64.3999937114499,3562.33094270256,97.6788204548577,9.65617657,26.256,75.38,3.674,4569087.0,85.5351131070872
West Bank and Gaza,PSE,2019,70.6225837001758,3656.85827137011,98.156123198693,9.18576908,25.34,75.811,3.591,4685306.0,85.8136174183656
West Bank and Gaza,PSE,2020,76.18160248,3233.56863835858,98.6215954059263,10.27610207,25.895,74.998,3.511,4803269.0,86.0741183743925
West Bank and Gaza,PSE,2021,,3678.63565662194,99.0621470403227,10.4347353,26.39,73.89,3.442,4922749.0,86.334956387337
West Bank and Gaza,PSE,2022,88.64690554,3799.95527015163,99.3771389277401,9.70613861,24.42,76.662,3.375,5043612.0,86.5961423216016
West Bank and Gaza,PSE,2023,86.63765334,3607.41611858821,99.3925426491979,10.73343945,,65.17,3.311,5165775.0,86.8576870415886
"Yemen, Rep.",YEM,2000,0.0825003865143108,493.235182634814,43.4185272650508,4.66606569,11.557,62.761,6.317,19624141.0,26.6054859383233
"Yemen, Rep.",YEM,2001,0.0908024587169292,487.141257946318,43.7166842861444,4.94514799,11.724,63.286,6.143,20226147.0,27.1033603053549
"Yemen, Rep.",YEM,2002,0.518796032123435,513.241486570603,44.0194283654926,4.83237982,11.839,63.807,5.971,20835086.0,27.5777619268614
"Yemen, Rep.",YEM,2003,0.604734100431821,548.905883049973,44.9249753275396,5.75758314,12.014,64.407,5.839,21456379.0,28.0277061455611
"Yemen, Rep.",YEM,2004,0.881222988679516,627.632023395762,45.8273231512099,5.5144043,12.131,64.881,5.712,22095167.0,28.4506523754813
"Yemen, Rep.",YEM,2005,1.048599958,734.159908450927,46.737084522042,5.20585251,12.213,65.356,5.563,22790085.0,28.8523786558834
"Yemen, Rep.",YEM,2006,1.24782404904485,809.713127624703,47.6441864752994,5.52930164,12.349,65.8,5.412,23543083.0,29.2379493450977
"Yemen, Rep.",YEM,2007,5.01,890.305768114988,48.5478342567652,5.82077599,12.486,66.23,5.261,24318082.0,29.6091538946366
"Yemen, Rep.",YEM,2008,6.89,1071.63583282105,49.4478001068261,5.76191616,12.656,66.609,5.113,25111941.0,29.9646637170333
"Yemen, Rep.",YEM,2009,9.96,969.243509864478,50.3438521211975,5.98619986,12.762,66.905,5.004,25927724.0,30.3031502248211
"Yemen, Rep.",YEM,2010,12.35,1155.20305261418,51.235755853278,5.15932894,12.777,67.223,4.81,26754387.0,30.6232848305331
"Yemen, Rep.",YEM,2011,14.90499973,1186.47500581215,52.1227789441392,4.7695322,13.311,67.412,4.63,27582897.0,30.9237389467026
"Yemen, Rep.",YEM,2012,17.44650078,1245.05068272078,53.0047122525844,5.19593525,13.473,67.569,4.633,28433647.0,31.2031839858628
"Yemen, Rep.",YEM,2013,20.0,1378.75002954928,53.8818214244113,4.96083164,13.673,67.961,4.623,29312952.0,31.4427187944215
"Yemen, Rep.",YEM,2014,22.54999924,1430.16420964026,54.7529231819499,5.8377471,13.467,68.003,4.62,30226309.0,31.8626162180918
"Yemen, Rep.",YEM,2015,24.08539963,1362.1738120601,55.6182996414083,6.49017286,17.9,66.761,4.617,31159379.0,32.3883178702702
"Yemen, Rep.",YEM,2016,24.57920074,975.359417003225,56.4772672906306,7.71249437,18.42,67.105,4.613,32109010.0,32.9512008005236
"Yemen, Rep.",YEM,2017,,811.165970405745,57.3296474501288,8.14723873,18.611,67.12,4.61,33090921.0,33.5586912522175
"Yemen, Rep.",YEM,2018,,633.887202451545,58.1748003487901,9.08948231,17.593,65.915,4.607,34085182.0,34.2106045810864
"Yemen, Rep.",YEM,2019,17.49099922,,59.0129962088495,10.97374439,17.213,66.567,4.603,35111408.0,34.9067561732024
"Yemen, Rep.",YEM,2020,,,59.8436190728003,11.6478138,17.963,66.435,4.6,36134863.0,35.7025604580302
"Yemen, Rep.",YEM,2021,,,60.6660832932611,9.44125366,18.312,66.019,4.597,37140230.0,36.0704951256305
"Yemen, Rep.",YEM,2022,,,61.480658139543,8.81763458,17.224,67.952,4.593,38222876.0,36.3226310308295
"Yemen, Rep.",YEM,2023,,,62.2859746985692,9.69559193,16.944,69.295,4.59,39390799.0,36.5707979836506
Zambia,ZMB,2000,0.191071642503428,359.429500988221,21.0415384052929,4.12029076,12.93,46.577,5.921,10017631.0,35.8735460960387
Zambia,ZMB,2001,0.233129556342332,396.548952993504,21.6786889419233,4.77853632,13.404,47.408,5.848,10325185.0,35.8846482932758
Zambia,ZMB,2002,0.477750906947484,393.864625518616,22.413804959209,5.88845205,14.131,48.461,5.774,10647949.0,36.0706035730014
Zambia,ZMB,2003,0.980483039426114,446.290104839041,23.1443864562221,5.99553585,14.704,49.616,5.71,10983595.0,36.3858560115875
Zambia,ZMB,2004,1.1,548.685974566277,23.8700357388516,5.46587515,15.332,50.54,5.698,11338198.0,36.8035881130253
Zambia,ZMB,2005,1.299999952,710.982068171696,24.5900224977226,6.33088684,15.9,51.615,5.697,11718819.0,37.2969823813059
Zambia,ZMB,2006,1.600000024,1051.71714895686,25.3042918374618,5.5774231,13.229,52.693,5.679,12129553.0,37.8392213204204
Zambia,ZMB,2007,1.899999976,1118.73162626953,26.0121310175446,4.55994081,10.559,53.73,5.613,12565085.0,38.4034874343601
Zambia,ZMB,2008,2.200000048,1375.50211006997,26.7137426857946,4.49370766,7.93,54.835,5.53,13021324.0,38.9629632271162
Zambia,ZMB,2009,2.5,1136.24168316848,27.4075582632773,5.22568512,10.583,55.886,5.453,13490389.0,39.4908312026796
Zambia,ZMB,2010,3.0,1451.10616017155,28.094335855896,4.13426876,13.19,56.896,5.359,13965594.0,39.9558857709992
Zambia,ZMB,2011,3.5,1624.86817763443,28.7731031923329,3.95913363,10.548,57.843,5.256,14437796.0,40.3684491825881
Zambia,ZMB,2012,4.099999905,1710.05061343728,29.4446855204494,4.04541731,7.85,58.704,5.136,14913629.0,40.7698556821596
Zambia,ZMB,2013,4.8,1820.71854827391,30.1087309769234,4.57390451,7.272,59.445,5.014,15398997.0,41.1682266235825
Zambia,ZMB,2014,6.5,1707.48573136694,30.7641759274322,3.82924223,6.576,60.109,4.89,15895315.0,41.5634741658525
Zambia,ZMB,2015,8.8,1295.87788680068,31.4108659962422,4.42974281,5.951,60.728,4.775,16399089.0,41.9555104679652
Zambia,ZMB,2016,10.30000019,1239.08527877713,32.0477720583314,4.46923161,5.244,61.129,4.669,16914423.0,42.3442476889162
Zambia,ZMB,2017,12.19999981,1483.46577328065,32.674491350081,4.78156233,4.529,61.564,4.567,17441320.0,42.7295979877011
Zambia,ZMB,2018,14.2999970950012,1463.89997855593,33.2903966380539,4.76996708,5.032,62.138,4.492,17973569.0,43.1114735233156
Zambia,ZMB,2019,14.47189999,1258.98619844462,33.8947045843208,6.75330257,5.538,62.914,4.418,18513839.0,43.4897864547552
Zambia,ZMB,2020,14.64579964,951.644316655957,34.4868129715486,6.3067441,6.032,63.361,4.323,19059395.0,43.8644489410157
Zambia,ZMB,2021,14.82190037,1127.16077872857,35.2442051458646,6.63951397,5.197,62.363,4.246,19603607.0,44.2353731410926
Zambia,ZMB,2022,15.0,1447.12310138035,35.9950584575439,5.21042967,5.993,65.279,4.175,20152938.0,44.5988511178469
Zambia,ZMB,2023,16.45070076,1330.72780576709,36.7391328457853,5.97841072,5.861,66.349,4.101,20723965.0,45.0285853521585
Zimbabwe,ZWE,2000,0.401433535211582,562.833757496076,44.5170067494269,,5.685,46.034,4.009,11892055.0,32.3991568853313
Zimbabwe,ZWE,2001,0.799846045633137,566.388746448872,44.632782507168,,5.313,44.525,3.983,11971901.0,32.4999278382836
Zimbabwe,ZWE,2002,1.1,524.936478570323,44.8209715461033,,5.005,45.938,3.925,12087653.0,32.5631884166934
Zimbabwe,ZWE,2003,1.8,468.471932927213,44.8625993105655,,4.738,45.373,3.862,12232323.0,32.6003372313948
Zimbabwe,ZWE,2004,2.1,469.719298949304,44.881689855498,,4.39,46.043,3.776,12365896.0,32.6278168233873
Zimbabwe,ZWE,2005,2.400000095,461.271387547912,44.2555884952354,,4.632,46.57,3.693,12483432.0,32.6482709722903
Zimbabwe,ZWE,2006,2.400000095,431.034994414964,43.6313729086374,,4.767,47.056,3.635,12636445.0,32.6640794641194
Zimbabwe,ZWE,2007,3.0,413.521244592925,43.0093163519356,,5.008,47.576,3.677,12804058.0,32.67762208489
Zimbabwe,ZWE,2008,3.5,340.917447588572,42.3891736287953,,5.401,48.456,3.783,12959149.0,32.6912786206175
Zimbabwe,ZWE,2009,4.0,735.821693871697,41.771197354799,,5.476,49.75,3.95,13142790.0,32.7074288573175
Zimbabwe,ZWE,2010,6.400000095,902.010759067388,41.1551654585239,10.47575283,5.469,51.925,4.04,13356548.0,32.7284525810054
Zimbabwe,ZWE,2011,8.399999619,1037.77565157218,40.5413099103148,8.081707,5.368,53.911,4.126,13595424.0,32.7567295776968
Zimbabwe,ZWE,2012,12.0,1239.22709745709,39.929425197268,6.91838741,5.057,55.386,4.134,13817887.0,32.7931752128328
Zimbabwe,ZWE,2013,15.5,1362.99498323368,39.3197220289687,7.11022186,4.948,56.842,4.111,14013808.0,32.9019343169941
Zimbabwe,ZWE,2014,16.3647399572904,1372.91526173161,38.7170842481052,8.1335125,4.774,58.106,4.011,14207359.0,33.1628075970801
Zimbabwe,ZWE,2015,22.74279976,1387.12632595026,38.1206484665361,7.45204067,5.399,58.989,3.911,14399013.0,33.5612641766874
Zimbabwe,ZWE,2016,23.12000084,1408.13945253431,37.5291927779865,7.25845575,5.896,59.76,3.828,14600294.0,34.0799460726314
Zimbabwe,ZWE,2017,24.39999962,3445.44941020134,36.9416715486173,6.17448902,6.35,60.263,3.768,14812482.0,34.7014953017273
Zimbabwe,ZWE,2018,25.0,2270.89531874302,36.3571595127659,4.67327976,6.788,60.906,3.744,15034452.0,35.4085538807905
Zimbabwe,ZWE,2019,26.5883007,2184.52155388801,35.7743353702206,3.23268151,7.373,61.06,3.748,15271368.0,36.1837638266364
Zimbabwe,ZWE,2020,29.29856532,2059.63704025274,35.1923620543494,2.95440102,8.617,61.53,3.754,15526888.0,37.0097671560802
Zimbabwe,ZWE,2021,32.5923996,2613.6167414057,34.6099501611517,2.67111874,9.54,60.135,3.765,15797210.0,37.8692058859373
Zimbabwe,ZWE,2022,36.25650024,2536.40197087505,34.6178594063559,3.39519501,10.087,62.36,3.767,16069056.0,38.7055207169041
Zimbabwe,ZWE,2023,38.67480087,2195.22502010174,34.6283464803415,2.92601609,9.348,62.775,3.724,16340822.0,39.2919370795795
